id,name,start_date_local,type,distance,moving_time,elapsed_time,total_elevation_gain
20404855022,Morning Run,2026-10-01T06:49:56Z,Run,230.4,74,74,2.0
20399626390,Evening Walk,2026-09-30T18:03:42Z,Walk,1644.9,1215,1305,9.0
20398128531,Afternoon Walk,2026-09-30T15:41:02Z,Walk,591.4,340,1238,1.0
20392837952,Even More Midtown,2026-09-30T07:44:27Z,Run,17272.9,4722,6066,135.0
20386203722,Solo Threshold,2026-09-29T18:44:49Z,Run,17762.7,4479,4768,108.0
20376468249,Shake,2026-09-29T06:55:12Z,Run,2995.3,804,1178,25.0
20363327229,More Midtown,2026-09-28T06:41:54Z,Run,17714.1,4646,5676,108.0
20352058350,Good Stick Day for Dogs,2026-09-27T09:01:13Z,Run,6657.0,2175,2227,42.0
20339228985,Wiggly Meander,2026-09-26T09:35:21Z,Run,22441.3,5745,7155,157.0
20329843965,Evening Weight Training,2026-09-25T18:55:07Z,WeightTraining,0.0,787,787,0
20323323904,Finally Marathon Training,2026-09-25T06:24:51Z,Run,28219.3,6999,7952,235.0
20309835524,Partial Loop,2026-09-24T07:28:05Z,Run,9661.3,2968,3186,82.0
20304363241,Bandit Run Club,2026-09-23T19:46:40Z,Run,5015.4,1326,1420,38.0
20289317719,Dub,2026-09-22T19:02:17Z,Run,7186.9,1590,1735,51.0
20281321330,Little Workout,2026-09-22T07:39:58Z,Run,13249.4,4089,4427,101.0
20275428370,Evening Walk,2026-09-21T20:55:41Z,Walk,1389.4,921,921,4.0
20267167683,EZ Monday,2026-09-21T07:40:12Z,Run,15899.0,4709,5173,144.0
20257173633,Getting Serious,2026-09-20T10:12:56Z,Run,16623.8,4160,4963,162.0
20241833079,Long Run,2026-09-19T08:36:53Z,Run,22450.1,5459,6279,214.0
20229233243,Lunch Walk,2026-09-18T11:45:14Z,Walk,851.0,504,552,14.0
20226265078,EZ w/ Owen and Bettina,2026-09-18T07:25:01Z,Run,6790.0,2108,2165,60.0
20216231528,Lunch Walk,2026-09-17T12:28:57Z,Walk,1675.9,1092,1202,16.0
20213023164,More Dogs than People,2026-09-17T07:32:49Z,Run,8251.7,2618,2697,37.0
20207662274,Evening Walk,2026-09-16T19:15:46Z,Walk,629.4,496,4145,3.0
20198873474,Just a Normal Easy Run,2026-09-16T06:59:30Z,Run,14190.9,3761,3901,119.0
20192404802,Evening Walk,2026-09-15T18:21:52Z,Walk,1347.9,1043,1432,5.0
20183805245,Back to Workouts,2026-09-15T06:43:03Z,Run,14164.3,3330,4075,101.0
20177765433,Evening Walk,2026-09-14T18:16:03Z,Walk,4052.7,3185,4138,36.0
20169808227,Monday,2026-09-14T07:20:35Z,Run,9667.4,3032,3109,84.0
20159739035,Puddly Central Park,2026-09-13T09:11:43Z,Run,12749.0,4390,4495,109.0
20140777128,Lunch Walk,2026-09-12T11:23:45Z,Walk,1400.2,1273,1288,8.0
20139387868,Last Day,2026-09-12T08:29:03Z,Run,9079.4,3035,3874,49.0
20134020459,Afternoon Walk,2026-09-11T16:11:59Z,Walk,9874.1,8814,17002,57.0
20130701519,Afternoon Walk,2026-09-11T14:19:10Z,Walk,1041.7,820,843,2.0
20128101091,Morning Walk,2026-09-11T10:07:25Z,Walk,6212.0,5231,5899,31.0
20126164768,Roman Shuffle,2026-09-11T07:45:34Z,Run,5993.1,2167,2328,75.0
20114859625,Morning Walk,2026-09-10T09:40:16Z,Walk,4247.2,3708,12003,53.0
20112677735,Venetian Shuffle,2026-09-10T07:18:01Z,Run,9645.9,3600,3709,88.0
20107173839,Evening Walk,2026-09-09T18:19:34Z,Walk,897.8,782,2565,5.0
20104871490,Morning Walk,2026-09-09T10:07:27Z,Walk,10865.2,10439,22596,108.0
20094021636,Evening Walk,2026-09-08T19:22:37Z,Walk,758.3,661,11219,7.0
20090777981,Afternoon Walk,2026-09-08T16:50:56Z,Walk,2393.0,2174,3614,18.0
20088013611,Afternoon Walk,2026-09-08T14:55:43Z,Walk,1080.9,843,843,8.0
20086570350,Day 6: Follina to Venezia,2026-09-08T08:44:05Z,Ride,78316.4,11602,16961,128.0
20075141185,Day 5: Cortina to Follina,2026-09-07T08:34:46Z,Ride,112220.0,19418,30125,1089.0
20059475603,Lunch Walk,2026-09-06T12:17:23Z,Walk,2217.6,2235,3670,34.0
20057287870,Day 4: Innichen to Cortina,2026-09-06T09:08:26Z,Ride,36774.0,5766,6516,397.0
20047970899,Day 3: Vipiteno (Sterzing) to San Candido (Innichen),2026-09-05T09:22:02Z,Ride,94028.5,17619,25197,1162.0
20036402159,Day 2: Achensee to Sterzing/Vipiteno,2026-09-04T09:33:54Z,Ride,114043.0,22470,33753,1327.0
20021299036,Day 1: Ammerland to Achensee,2026-09-03T10:16:59Z,Ride,94598.2,15865,24057,781.0
20010881211,Day 0: Munich to Ammerland,2026-09-02T15:14:12Z,Ride,41270.1,7160,15512,304.0
20003619237,Lunch Walk,2026-09-02T12:19:32Z,Walk,2410.9,1444,3069,23.0
20001474162,Morning Run,2026-09-02T09:28:57Z,Run,654.7,216,226,5.0
20001336245,Schloss Nymphenburg,2026-09-02T08:04:19Z,Run,11411.8,3616,3929,28.0
20000769820,Morning Run,2026-09-02T07:45:01Z,Run,593.6,210,220,6.0
19995556295,Evening Walk,2026-09-01T19:20:15Z,Walk,3298.0,2456,7417,36.0
19993028598,HB,2026-09-01T17:37:18Z,Run,12484.2,4008,4208,25.0
19991494930,Afternoon Walk,2026-09-01T16:59:03Z,Walk,725.5,442,577,2.0
19988171427,Morning Walk,2026-09-01T09:26:22Z,Walk,8187.2,6498,12544,33.0
19978833463,Temporarily Back to Running,2026-08-31T13:01:05Z,Run,4479.5,1083,1172,27.0
19950088757,Trot Before the Knot,2026-08-29T09:37:58Z,Run,5771.7,2421,2451,64.0
19936665285,Rallying,2026-08-28T09:46:10Z,Run,5345.5,1774,2286,24.0
19930592238,Night Walk,2026-08-27T21:04:49Z,Walk,1303.9,882,1106,6.0
19893695025,Running Errands,2026-08-25T09:09:17Z,Run,11815.8,3073,4249,102.6
19880933113,Dropping off bikes,2026-08-24T11:30:53Z,Run,11305.7,2983,5832,123.0
19867652457,Frond w/ Bettina,2026-08-23T09:26:50Z,Run,24288.3,6920,8142,78.0
19856784289,Chilling,2026-08-22T17:36:37Z,Run,10606.7,3271,3481,62.0
19768010679,Moving,2026-08-16T10:30:46Z,EBikeRide,6083.1,1093,1236,56.0
19767058051,Shuffle Day,2026-08-16T08:54:24Z,Run,6035.0,1992,2978,61.0
19760624944,Night Walk,2026-08-15T23:03:48Z,Walk,2595.6,2108,2200,27.0
19757219161,From Climbing,2026-08-15T14:35:23Z,Run,8997.6,2495,3130,115.0
19756347948,Lunch Weight Training,2026-08-15T11:43:18Z,RockClimbing,0.0,8205,8205,0
19754656033,Summer Streets to Climbing,2026-08-15T10:24:05Z,Run,9721.5,2331,2524,65.8
19738343019,The Village,2026-08-14T07:13:43Z,Run,14348.9,3659,4125,56.0
19710381984,Soho,2026-08-12T06:52:37Z,Run,18082.6,4505,5167,88.0
19695173675,Even More West Village,2026-08-11T07:04:03Z,Run,15361.0,4007,4704,40.0
19680374585,More West Village,2026-08-10T06:49:19Z,Run,15937.8,4209,5000,60.0
19674425298,Afternoon Walk,2026-08-09T16:57:28Z,Walk,6045.5,4012,4533,82.0
19671372111,Lunch Walk,2026-08-09T12:39:53Z,Walk,719.0,496,496,4.0
19667585523,Back in the Saddle,2026-08-09T06:29:41Z,Ride,47412.5,5552,5805,447.0
19661458065,Evening Walk,2026-08-08T18:23:32Z,Walk,4450.6,3551,7911,61.0
19658194942,Summer Streets,2026-08-08T13:12:21Z,Ride,9969.9,1889,2035,86.0
19657744801,Lunch Walk,2026-08-08T12:06:51Z,Walk,4367.7,2682,2698,46.0
19654344218,Stuytown + East Village,2026-08-08T07:49:01Z,Run,15732.0,4152,4672,56.0
19640204218,Humid Lower Loop,2026-08-07T06:52:21Z,Run,18231.1,5224,5886,135.0
19626383932,Humid Piers,2026-08-06T07:42:57Z,Run,8067.8,2675,2936,29.0
19611913253,Just Clocking in to the Heatmap Factory,2026-08-05T07:17:56Z,Run,15070.3,3919,4603,59.0
19596794252,"Me and 10,000 Medical Professionals",2026-08-04T07:54:03Z,Run,6809.0,1751,2172,49.0
19589910242,Evening Walk,2026-08-03T18:07:30Z,Walk,3325.0,2786,5380,31.0
19581974005,Downpour w/ Bettina,2026-08-03T07:15:59Z,Run,9823.2,3089,3490,39.0
19575972120,Afternoon Walk,2026-08-02T17:51:09Z,Walk,1102.0,703,737,4.0
19571511154,A Dog Named Harvey,2026-08-02T08:20:57Z,Run,23482.2,7153,9702,169.0
19547644722,Afternoon Walk,2026-07-31T17:42:25Z,Walk,728.5,440,440,6.0
19541336458,Chelsea Things,2026-07-31T06:36:23Z,Run,12921.9,3378,3943,53.0
19536651348,Evening Walk,2026-07-30T20:13:54Z,Walk,1426.5,1290,3365,7.0
19477048325,Some Form of Long Run,2026-07-26T07:03:06Z,Run,33997.8,10772,26193,311.0
19464811360,Afternoon Walk,2026-07-25T17:54:41Z,Walk,484.2,306,306,5.0
19463101289,Afternoon Walk,2026-07-25T14:12:18Z,Walk,997.8,589,669,10.0
19462923630,Afternoon Walk,2026-07-25T14:02:08Z,Walk,610.2,406,406,10.0
19462923628,Afternoon Walk,2026-07-25T13:55:29Z,Walk,540.9,342,342,14.0
19462416314,Park w/ Bettina,2026-07-25T12:30:56Z,Run,9149.6,2953,3079,72.0
19459699579,Morning Walk,2026-07-25T09:49:50Z,Walk,1473.6,867,867,9.0
19453199696,Morning Walk,2026-07-24T18:26:55Z,Walk,1938.1,1595,14526,11.4
19439365624,Evening Walk,2026-07-23T19:21:35Z,Walk,1560.3,1112,3195,6.4
19438698572,Morning Walk,2026-07-23T08:44:56Z,Walk,800.2,441,441,1.0
19431063038,Midtown and Bridle Path,2026-07-23T06:43:39Z,Run,14532.4,4275,5386,114.0
19425382109,Morning Walk,2026-07-22T08:48:31Z,Walk,786.2,510,581,2.0
19416344115,8th Avenue,2026-07-22T06:27:27Z,Run,13533.6,3598,4255,71.0
19411648156,Morning Walk,2026-07-21T08:53:05Z,Walk,1414.7,976,42307,2.0
19402175126,Piers,2026-07-21T06:42:45Z,Run,17392.9,4475,5289,75.0
19396560165,Morning Walk,2026-07-20T08:30:07Z,Walk,2838.7,2254,45664,5.0
19387464561,Cooler Temps,2026-07-20T06:25:09Z,Run,16686.2,4343,5138,78.0
19383055464,Evening Walk,2026-07-19T18:31:38Z,Walk,2375.7,2091,5543,10.0
19381496936,Afternoon Walk,2026-07-19T13:46:23Z,Walk,3480.1,2784,6822,49.0
19379248952,WSH w/ Bettina,2026-07-19T10:38:42Z,Run,18023.0,5306,5981,72.0
19369728856,Evening Weight Training,2026-07-18T20:33:19Z,WeightTraining,0.0,439,439,0
19369612904,Evening Run,2026-07-18T20:23:21Z,Run,1638.1,555,555,0
19368265972,Afternoon Walk,2026-07-18T14:34:04Z,Walk,2035.3,1396,9042,11.0
19366822909,Afternoon Walk,2026-07-18T14:01:54Z,Walk,830.0,616,637,9.0
19365068196,Morning Walk,2026-07-18T10:25:38Z,Walk,2654.8,1750,2741,11.0
19343621130,Evening Walk,2026-07-16T19:56:36Z,Walk,327.5,295,331,0.0
19343115560,Morning Walk,2026-07-16T09:00:01Z,Walk,775.0,453,453,1.0
19336118973,Highline and Piers,2026-07-16T07:36:34Z,Run,8404.6,2768,3506,47.0
19330613797,Morning Walk,2026-07-15T08:00:47Z,Walk,2014.7,979,3556,8.0
19303983868,Evening Walk,2026-07-13T19:08:32Z,Walk,684.2,585,3133,2.0
19301331906,Morning Walk,2026-07-13T08:35:19Z,Walk,1396.4,808,1106,4.0
19301331898,Morning Walk,2026-07-13T07:23:53Z,Walk,688.2,394,411,0.0
19289553355,Evening Walk,2026-07-12T20:50:03Z,Walk,1733.7,1472,9058,7.0
19285776585,Lunch Walk,2026-07-12T11:36:58Z,Walk,724.0,482,482,1.0
19283091114,Piers,2026-07-12T09:14:33Z,Run,14620.4,3742,4363,61.0
19273068657,Lunch Walk,2026-07-11T12:52:49Z,Walk,413.5,334,334,12.0
19269479158,BRTC NYC Chapter,2026-07-11T08:00:26Z,Run,22378.4,5761,6617,118.0
19255015199,Little Island w/ Bettina,2026-07-10T07:15:57Z,Run,7346.8,2282,2668,26.0
19242260604,Not only Bettina; but also Owen!,2026-07-09T07:21:06Z,Run,13109.9,3658,4379,80.0
19236542397,Evening Walk,2026-07-08T20:42:29Z,Walk,1322.7,1070,1126,8.0
19235576295,Morning Walk,2026-07-08T08:57:58Z,Walk,1602.0,1031,37228,4.0
19227985762,>25% of Manhattan,2026-07-08T06:50:49Z,Run,15058.1,4004,5298,48.0
19195233708,Lunch Walk,2026-07-05T12:26:43Z,Walk,4454.7,2799,8477,18.0
19189847154,Akiva Long Run,2026-07-05T07:07:31Z,Run,24887.7,7697,9239,111.0
19182969853,Afternoon Walk,2026-07-04T13:45:01Z,Walk,6458.5,4175,26573,36.0
19178599431,A Hot Independence Day,2026-07-04T10:30:01Z,Run,16489.0,4379,5268,130.0
19157800481,Morning Walk,2026-07-02T08:50:14Z,Walk,899.1,528,528,1.0
19144207805,Evening Walk,2026-07-01T19:41:09Z,Walk,1098.7,752,853,4.0
19144029910,Morning Walk,2026-07-01T08:09:45Z,Walk,741.7,378,378,1.0
19131735028,Morning Walk,2026-06-30T08:36:33Z,Walk,700.7,473,473,0.0
19122705732,Stoplights,2026-06-30T07:02:04Z,Run,10630.9,2725,3650,58.0
19117837105,Morning Walk,2026-06-29T08:16:12Z,Walk,1592.0,1027,47853,11.0
19109168854,Lower Loop,2026-06-29T06:58:17Z,Run,8723.5,2258,2649,64.0
19104701377,Evening Walk,2026-06-28T19:27:11Z,Walk,1563.3,1071,2486,7.0
19103048936,Afternoon Walk,2026-06-28T13:46:49Z,Walk,5204.0,3853,7699,32.0
19100308775,Piers,2026-06-28T09:50:50Z,Run,19439.0,4863,5959,73.0
19098090705,Morning Walk,2026-06-28T08:19:37Z,Walk,1295.7,911,948,2.0
19092271400,Evening Walk,2026-06-27T20:41:47Z,Walk,1722.6,1382,1589,9.0
19086460825,Last Morning in Chicago,2026-06-27T08:25:31Z,Run,9039.6,2202,2654,16.0
19080075254,Foggy Eve,2026-06-26T20:22:05Z,Run,7255.3,1869,2711,14.0
19078545653,Morning Ride,2026-06-26T07:49:02Z,Ride,5793.8,1220,35637,31.0
19067540106,Morning Ride,2026-06-25T07:55:32Z,Ride,3008.4,543,620,9.0
19061194715,EZ AM,2026-06-25T06:51:42Z,Run,6549.5,1694,1713,9.8
19060796804,Morning Ride,2026-06-24T07:43:10Z,Ride,3004.3,672,780,6.0
19048423854,Treadmill,2026-06-24T06:58:04Z,Run,3408.1,920,920,0
19043561448,Evening Weight Training,2026-06-23T20:38:48Z,WeightTraining,0.0,504,504,0
19043561579,Chicago Does It Again,2026-06-23T19:06:20Z,Run,13179.6,3324,5407,22.0
19042149766,Morning Ride,2026-06-23T07:42:10Z,Ride,2993.6,649,800,10.0
19030289658,Morning Ride,2026-06-22T07:41:58Z,Ride,2571.8,492,578,25.0
19011708023,Long Weekend,2026-06-21T08:24:55Z,Run,14511.1,4480,5449,37.8
19001563573,Afternoon Walk,2026-06-20T14:31:38Z,Walk,2299.3,1798,2036,21.0
19001274487,Pilsen and Such,2026-06-20T12:42:20Z,Ride,11850.1,3005,6519,82.0
19000226915,Little Fartlek w/ Bettina,2026-06-20T11:30:56Z,Run,11049.2,3244,4030,75.0
18998335733,Morning Walk,2026-06-20T08:54:10Z,Walk,2852.4,2330,3218,15.0
18990862395,Sunset Dub,2026-06-19T19:57:34Z,Run,7436.3,1847,2112,36.0
18988910249,Morning Ride,2026-06-19T10:48:22Z,Ride,5694.6,1283,19566,32.0
18984423360,LFP w/ Bettina,2026-06-19T07:34:18Z,Run,9759.2,2981,3069,21.0
18942336208,AM,2026-06-16T06:39:32Z,Run,5687.9,1454,1529,14.0
18937152518,Evening Weight Training,2026-06-15T19:58:15Z,WeightTraining,0.0,624,624,0
18936871885,Chicago,2026-06-15T18:52:42Z,Run,12839.8,3053,3680,48.0
18924295657,Lovely Out,2026-06-14T19:05:00Z,Run,8143.1,2083,2579,48.0
18910598981,Chicago in the Summer,2026-06-13T19:05:03Z,Run,8019.5,1965,2076,21.0
18895661568,Still in Cambridge,2026-06-12T17:03:27Z,Run,11657.7,3225,3782,58.0
18877967057,Pre Flight,2026-06-11T08:35:20Z,Run,8673.3,2433,2536,33.0
18872409641,Evening Hours,2026-06-10T20:30:59Z,Run,6470.2,1738,2169,19.0
18858221272,BRTC Miles,2026-06-09T18:18:51Z,Run,16171.1,4151,6049,31.0
18857037652,Afternoon Walk,2026-06-09T17:55:50Z,Walk,1106.4,697,697,2.0
18853959072,Writing Break,2026-06-09T13:10:01Z,Run,5205.3,1363,1598,31.0
18843122907,W/ Chase and Jeff,2026-06-08T17:49:05Z,Run,10185.7,2836,3043,59.0
18825992101,Pre Train,2026-06-07T10:29:17Z,Run,11880.5,3006,3068,101.0
18812120896,Lunch Walk,2026-06-06T11:21:24Z,Walk,1621.7,1135,1151,18.0
18811775273,10k Spectating + Long Run,2026-06-06T07:39:46Z,Run,30135.7,8015,12835,262.0
18802834058,Lots of People Wearing Blue and Orange,2026-06-05T19:15:10Z,Run,5140.0,1347,1493,20.0
18783083204,Soft Surfaces,2026-06-04T07:41:22Z,Run,7880.2,2423,3000,73.0
18777369275,Evening Walk,2026-06-03T18:25:14Z,Walk,2047.7,1745,6574,11.0
18769725835,I’m Something of an Artist Myself,2026-06-03T07:35:30Z,Run,16467.7,4522,5663,106.0
18760836628,Afternoon Walk,2026-06-02T13:07:18Z,Walk,4647.3,3184,9472,39.0
18754407327,Morning Loop,2026-06-02T06:31:27Z,Run,11312.1,3064,3977,101.0
18741015141,Pre Flight,2026-06-01T07:14:03Z,Run,13123.9,3497,3850,33.0
18735760013,Chipotle Loop,2026-05-31T18:54:44Z,Run,6799.2,1798,2239,20.0
18716223137,Towpath,2026-05-30T08:40:57Z,Run,17712.9,4708,5454,53.0
18707879271,PM Monon,2026-05-29T18:18:22Z,Run,8534.6,2180,2706,17.0
18707497477,Evening Run,2026-05-29T18:04:34Z,Run,1079.9,696,777,0.0
18703836466,Eagle Creek,2026-05-29T10:39:03Z,Walk,4502.5,4016,4130,54.0
18702187913,Monon,2026-05-29T08:41:56Z,Run,6572.8,1770,1770,16.0
18688623761,Pre Flight,2026-05-28T07:58:50Z,Run,7994.0,2445,2718,61.0
18682686504,Mixing it Up,2026-05-27T19:07:42Z,Run,13542.4,3582,4105,87.0
18667866066,Experimental Dub,2026-05-26T18:35:26Z,Run,4258.1,1106,1241,35.0
18661337709,Pre Train Chill,2026-05-26T08:16:35Z,Run,16573.6,4872,5280,62.0
18654774833,Dub,2026-05-25T18:48:49Z,Run,8019.3,2268,2300,29.0
18648174109,EZ w/ Chase,2026-05-25T08:31:27Z,Run,16105.5,4358,5091,39.0
18636117791,Drizzly Tempo,2026-05-24T08:55:25Z,Run,18652.6,4446,5359,53.0
18627832890,No nice sunset this evening,2026-05-23T19:15:00Z,Run,8694.5,2396,2424,37.0
18614662892,Emerging From the Proof Mines,2026-05-22T18:34:41Z,Run,16864.5,4568,5977,75.0
18602786122,Evening Run,2026-05-21T20:59:47Z,Run,916.1,260,265,4.0
18582421058,I heard heat is good for recovery,2026-05-20T09:09:36Z,Run,15296.0,4342,4677,80.0
18575572775,PM Threshold,2026-05-19T18:29:12Z,Run,16696.7,4480,5593,49.0
18567595813,AM Threshold,2026-05-19T06:58:48Z,Run,15433.0,3900,4811,35.0
18555125978,Drenched,2026-05-18T08:40:09Z,Run,17219.6,4660,5258,147.0
18548032003,Lunch Walk,2026-05-17T11:05:14Z,Walk,12368.7,9788,18215,134.0
18542993284,Double Loop,2026-05-17T07:35:07Z,Run,21173.0,5579,5926,193.0
18535324010,Summer is Here,2026-05-16T17:14:58Z,Run,17154.4,4116,5023,162.0
18530080743,Morning Walk,2026-05-16T08:06:57Z,Walk,4549.4,3775,6943,25.6
18528023563,Morning Walk,2026-05-16T05:38:58Z,Walk,3385.4,2281,6487,5.0
18522182889,Running Errands or Running Errands,2026-05-15T17:29:17Z,Run,13468.7,3429,5342,76.0
18503835812,Drizzly AM,2026-05-14T08:18:37Z,Run,6313.9,1991,2152,48.0
18497142681,Midweek Easy,2026-05-13T17:42:56Z,Run,16454.3,4422,5872,153.0
18490758837,Morning Walk,2026-05-13T08:52:27Z,Walk,2346.4,1796,1852,29.0
18485928556,To MTG,2026-05-12T18:43:04Z,Ride,18125.6,3645,4275,137.0
18482552251,Double T,2026-05-12T15:42:25Z,Run,10425.2,2556,2910,61.0
18477025175,A Different Tempo Loop,2026-05-12T07:38:32Z,Run,20470.3,4710,5214,156.0
18470079091,Ideal,2026-05-11T18:30:13Z,Run,6886.3,1796,1896,53.0
18463675413,Pre Train,2026-05-11T07:36:48Z,Run,16855.3,4689,5312,79.0
18455856142,Firehouse Progression LR,2026-05-10T10:46:12Z,Run,32453.2,7254,9324,280.0
18442594099,Drizzly,2026-05-09T12:55:28Z,Run,14077.1,3689,3819,43.0
18431315550,Evening Weight Training,2026-05-08T19:02:25Z,WeightTraining,0.0,1766,1766,0
18431046054,Two totally unrelated facts:,2026-05-08T18:34:01Z,Run,6918.1,1497,1596,26.0
18425253528,Daleforce Winds,2026-05-08T07:45:37Z,Run,16737.6,4026,5446,51.0
18418130164,Afternoon Walk,2026-05-07T17:06:43Z,Walk,3168.3,2558,2922,12.0
18416522935,Ideal Weather,2026-05-07T13:47:37Z,Run,16563.8,4321,4656,77.0
18403204461,Lunch Break,2026-05-06T13:24:19Z,Run,16609.8,4472,4855,84.0
18392795545,BRTC @ Bentley,2026-05-05T18:24:30Z,Run,17631.8,4507,5618,82.0
18392790329,To Practice,2026-05-05T17:36:44Z,Ride,13848.3,2275,2445,103.0
18385716061,Shake,2026-05-05T09:16:49Z,Run,8655.4,2321,2434,35.0
18376192158,Lunch Break,2026-05-04T13:51:46Z,Run,16580.7,4535,4937,118.0
18365124612,A workout? During siesta hours???,2026-05-03T14:58:26Z,Run,20383.2,5283,6859,116.0
18349376268,Felt Much Better than Expected,2026-05-02T11:10:03Z,Run,19465.9,5353,5810,60.0
18340098419,Night Run,2026-05-01T21:17:13Z,Run,3068.5,898,1124,11.0
18339858206,4x400m Anchor,2026-05-01T20:54:07Z,Run,431.0,64,64,0.0
18339684168,Evening Speed Work,2026-05-01T20:25:32Z,Run,1652.8,315,522,4.0
18339540636,Evening Run,2026-05-01T19:47:52Z,Run,2633.5,693,1729,6.0
18332221711,Long Shakeout,2026-05-01T07:09:10Z,Run,15303.3,4035,4604,46.0
18319510161,EZ,2026-04-30T07:57:50Z,Run,16251.3,4265,5873,60.0
18312717202,Dublé,2026-04-29T18:30:40Z,Run,8889.9,2165,2546,40.0
18305948466,Floral but Gray,2026-04-29T07:56:54Z,Run,14708.5,4126,4947,32.0
18300040682,Evening Walk,2026-04-28T18:53:02Z,Walk,1900.4,1482,1623,5.0
18292239942,Springtime,2026-04-28T08:33:43Z,Run,15568.3,4039,4185,48.0
18285135095,Coffee Acquisition,2026-04-27T17:52:41Z,Run,14168.6,3657,4760,47.0
18267769899,BRTC LR,2026-04-26T08:50:35Z,Run,23882.9,6640,8178,168.0
18258032515,Domestique Duties,2026-04-25T16:31:26Z,Run,21204.5,5597,6409,59.0
18253568515,Morning Weight Training,2026-04-25T10:01:01Z,WeightTraining,0.0,3558,3558,0
18237514704,Shuffling,2026-04-24T06:52:15Z,Run,6065.3,1927,2020,32.0
18232398954,Evening Walk,2026-04-23T18:36:49Z,Walk,1461.2,979,1890,11.0
18224632662,Morning Walk,2026-04-23T07:31:51Z,Walk,1910.2,1521,1559,10.0
18210631307,Morning Weight Training,2026-04-22T06:57:58Z,WeightTraining,0.0,2734,2734,0
18209855023,Loop Recovery,2026-04-22T05:40:25Z,Run,11175.7,3348,4147,40.0
18197011971,Marathon Recovery,2026-04-21T08:04:22Z,Run,6943.6,2093,2125,47.0
18187913409,Afternoon Ride,2026-04-20T14:10:12Z,EBikeRide,2642.9,479,542,10.0
18186329945,Boston Marathon #3 🦄,2026-04-20T10:00:25Z,Run,42441.3,8925,8925,261.0
18172480679,Final Shakeout,2026-04-19T09:01:00Z,Run,6585.1,1856,1878,18.0
18158875172,Almost There,2026-04-18T09:16:24Z,Run,8687.5,2529,2628,42.0
18144919830,MARATHON WEEKEND,2026-04-17T08:27:05Z,Run,12145.8,3067,3208,45.0
18138404092,Chilling,2026-04-16T18:16:56Z,Run,9309.0,2605,2823,32.0
18125523596,Tuneup,2026-04-15T18:05:09Z,Run,17032.5,4680,6131,63.0
18107543961,Sunscreen Season,2026-04-14T12:09:45Z,Run,13740.2,3514,3649,45.0
18098502271,Monday Sunset,2026-04-13T19:19:33Z,Run,16115.2,4313,4736,63.0
18082322583,Sunday EZ,2026-04-12T11:29:29Z,Run,9554.7,2648,2844,43.0
18067662997,Springtime,2026-04-11T08:51:32Z,Run,24998.3,6025,7238,145.0
18059309412,Very Nice,2026-04-10T18:33:21Z,Run,13526.8,3498,3723,71.0
18041223865,Domestiqueated,2026-04-09T08:21:38Z,Run,16131.8,4392,5964,70.0
18034830770,It’s Boston Season,2026-04-08T18:04:53Z,Run,26512.2,6370,8195,80.0
18027163443,Shake + Strides,2026-04-08T09:00:10Z,Run,8677.9,2314,2408,39.0
18018477430,Rainy,2026-04-07T15:13:40Z,Run,13538.5,3667,3951,56.0
17999618387,Monday EZ,2026-04-06T07:42:32Z,Run,16147.1,4396,4960,141.0
17987913579,Bettina and I Recover,2026-04-05T08:40:42Z,Run,9467.4,2943,3101,26.0
17979190805,Stairstepper,2026-04-04T14:43:36Z,StairStepper,930.7,910,910,0
17979058035,Afternoon Weight Training,2026-04-04T14:00:10Z,WeightTraining,0.0,2545,2545,0
17977234797,Cooldown,2026-04-04T11:00:46Z,Run,8543.0,2390,3480,57.0
17976305206,Frank Nealon 15k,2026-04-04T09:59:43Z,Run,15087.1,3102,3102,159.0
17975162649,Warmup,2026-04-04T09:08:28Z,Run,5000.1,1354,1354,41.0
17967777554,Moving the Legs,2026-04-03T18:12:02Z,Run,5564.9,1505,1515,39.0
17962192301,EZ w/ Bettina,2026-04-03T08:18:00Z,Run,8823.5,2611,3068,30.0
17955896703,Moving Legs,2026-04-02T19:11:42Z,Run,5150.0,1489,1492,41.0
17949928915,Rainy Recovery,2026-04-02T08:14:39Z,Run,13571.1,4021,4127,47.0
17944622314,BRTC Drenched,2026-04-01T18:06:00Z,Run,30934.1,7237,9775,73.0
17937457496,Shakeout,2026-04-01T08:24:07Z,Run,5470.9,1495,1902,37.0
17925140397,Mostly Dry,2026-03-31T08:25:12Z,Run,16403.3,4652,4823,60.0
17918307436,Sunset Dub,2026-03-30T18:19:18Z,Run,8673.0,2364,2416,40.0
17912474464,Monday EZ,2026-03-30T08:17:59Z,Run,19478.1,5279,5649,72.0
17902852512,Unc Status Revoked,2026-03-29T08:49:32Z,Run,26860.5,7143,7994,99.0
17892236394,The Course,2026-03-28T09:31:59Z,Run,36688.8,8331,9177,254.0
17876851082,Friday EZ,2026-03-27T08:17:26Z,Run,13549.8,3863,4386,55.0
17870993863,Ice Cream Pickup,2026-03-26T17:24:58Z,Run,17875.0,4399,5074,72.0
17865408049,Fairweather Running,2026-03-26T08:40:47Z,Run,9365.5,2588,3265,41.0
17858925262,Mid Rig,2026-03-25T17:44:37Z,Ride,17240.8,1800,1800,0
17855587223,Lunch Tempo Loop,2026-03-25T11:18:18Z,Run,27393.8,6218,7101,68.0
17847097378,Moving the Legs,2026-03-24T18:35:50Z,Run,5014.1,1415,1420,43.0
17840872404,Icy Bridges,2026-03-24T08:40:49Z,Run,19479.1,5535,5789,76.0
17834278432,Charles w/ Charles,2026-03-23T17:45:08Z,Run,20981.3,5818,7031,99.0
17822384361,Evening Walk,2026-03-22T18:13:07Z,Walk,3221.2,2430,3572,34.0
17820916353,Afternoon Walk,2026-03-22T14:17:45Z,Walk,4176.6,3681,4456,61.0
17817804982,Pre Train,2026-03-22T09:29:02Z,Run,23483.4,5326,6469,206.0
17808764705,Spring has Sprung,2026-03-21T16:43:01Z,Run,19430.3,5364,6183,135.0
17790716004,Bagel Order SIX SEVEN,2026-03-20T07:46:45Z,Run,12074.3,3505,4336,116.0
17785448027,Sunset Dub,2026-03-19T18:43:16Z,Run,8102.5,2321,2495,22.0
17779789567,Pre Train,2026-03-19T08:55:47Z,Run,19448.5,5480,5925,82.0
17773696794,Marathon Crew,2026-03-18T18:04:34Z,Run,28596.6,6877,8589,80.0
17769165551,Lunch Shake,2026-03-18T12:44:05Z,Run,7213.3,2011,2011,51.0
17753268471,Some Splashing,2026-03-17T06:46:43Z,Run,20107.6,5391,5681,109.0
17745468143,Spring Break,2026-03-16T13:07:21Z,Run,19456.0,5244,6395,98.0
17735090358,Long Cooldown,2026-03-15T12:19:14Z,Run,9704.4,2765,4502,43.0
17735090394,New Bedford Half Marathon,2026-03-15T11:00:32Z,Run,21186.5,4298,4298,110.0
17735084605,Warmup,2026-03-15T10:13:08Z,Run,4930.7,1415,1487,31.0
17722796648,Shakeout,2026-03-14T13:41:37Z,Run,6835.5,1817,1902,56.0
17712337113,Friday EZ,2026-03-13T16:19:49Z,Run,14516.3,3987,4674,50.0
17703754000,Watchung,2026-03-12T19:25:33Z,Ride,17696.0,2082,2082,0
17697040615,Work Break Shakeout,2026-03-12T09:07:42Z,Run,8472.4,2437,2609,74.0
17691838499,BRTC Miles,2026-03-11T18:00:04Z,Run,30018.5,7414,9456,64.0
17684990770,Morning Run,2026-03-11T08:42:51Z,Run,6472.9,1743,1749,48.0
17679541051,Evening Run,2026-03-10T19:38:52Z,Run,3628.8,1017,1437,29.0
17666248035,Monday PM,2026-03-09T18:16:14Z,Run,11865.4,3377,3668,40.0
17660099431,Monday AM,2026-03-09T08:52:20Z,Run,17099.7,4545,4935,67.0
17654320207,"Look Ma, No Gloves",2026-03-08T16:51:51Z,Run,13422.8,3551,4274,46.0
17638836450,BRTCLRWO,2026-03-07T08:49:51Z,Run,40907.6,9682,11423,113.0
17628111402,EZ Loops,2026-03-06T13:31:03Z,Run,13402.2,3702,4294,35.0
17620318916,Recess -5,2026-03-05T20:49:31Z,Ride,15155.1,1800,1800,0
17619308178,Ice Cream Run,2026-03-05T17:49:11Z,Run,10731.7,3190,3583,67.0
17618728152,Afternoon Run,2026-03-05T14:17:54Z,Run,590.1,185,198,5.0
17608652695,Night Run,2026-03-04T21:32:24Z,Run,4577.3,1260,1325,16.0
17608237384,16 x Heartbreak Hill,2026-03-04T18:16:18Z,Run,29449.9,7641,8520,491.0
17603648966,Morning Run,2026-03-04T10:45:35Z,Walk,3336.4,2188,7460,19.0
17600762257,Treadmill Shakeout,2026-03-04T08:00:00Z,Run,8046.7,2400,2400,0
17589011886,Serious Mittens,2026-03-03T08:21:48Z,Run,16609.9,4634,5363,78.0
17582633278,Grocery Dub,2026-03-02T19:11:00Z,Run,9066.8,2540,2874,74.0
17576016544,Monday Recovery,2026-03-02T07:45:35Z,Run,14862.6,4487,4890,50.0
17567365623,BRTC then BTNA,2026-03-01T08:49:38Z,Run,26317.4,7642,9115,78.0
17557673442,White -5,2026-02-28T15:52:04Z,Ride,19749.3,1952,1952,0
17555537840,Rite of Spring,2026-02-28T08:29:58Z,Run,38754.1,9641,13285,311.0
17547588907,Lazy Mountain -1,2026-02-27T19:52:07Z,Ride,29002.5,3600,3600,0
17537017358,Loops,2026-02-26T19:23:39Z,Run,19979.3,5545,6341,52.0
17525327713,Workout Parole,2026-02-25T18:00:27Z,Run,26029.4,7253,9166,77.0
17519067663,Lizard,2026-02-25T09:50:11Z,Ride,16060.3,1800,1800,0
17512891082,"Not the Tempo Loop, Actually",2026-02-24T18:24:33Z,Run,19427.8,5715,6264,49.0
17511220778,Stickney,2026-02-24T15:03:33Z,Ride,31176.5,3600,3600,0
17501493920,Lazy Mountain -1,2026-02-23T22:22:25Z,Ride,14356.8,1800,1800,0
17501282744,Lazy Mountain -1,2026-02-23T21:07:48Z,Ride,29162.9,3600,3600,0
17489785430,Gentoo,2026-02-22T19:31:25Z,Ride,12664.3,1379,1379,0
17487786662,Rev up that Hot Cocoa,2026-02-22T13:11:33Z,Run,18515.6,4221,5045,58.0
17477464995,EZ around the neighborhood,2026-02-21T16:02:25Z,Run,11406.0,3176,6770,32.0
17466610691,Lazy Mountain -2,2026-02-20T18:45:42Z,Ride,22710.7,2760,2760,0
17461520097,Rainy Recovery,2026-02-20T07:46:06Z,Run,18098.8,5341,5891,129.0
17456257594,Evening Miles,2026-02-19T17:53:30Z,Run,17854.0,4953,5596,94.0
17445095259,Bad AQI Day,2026-02-18T18:31:44Z,Run,3407.7,1055,1068,83.0
17431530901,Fairweather Running,2026-02-17T12:48:21Z,Run,16457.4,4693,6309,151.0
17422149924,Afternoon Walk,2026-02-16T17:49:21Z,Walk,3306.5,2605,2693,35.0
17418343858,Parallel,2026-02-16T10:15:09Z,Run,20986.3,5963,9375,184.0
17411768140,MORE Harlem Hill,2026-02-15T17:36:56Z,Run,25252.7,6786,8675,275.0
17406129694,More Harlem Hill,2026-02-15T07:48:07Z,Run,11528.4,2841,3622,136.0
17400636039,Afternoon Walk,2026-02-14T16:00:47Z,Walk,9659.8,7667,13789,77.0
17399067517,Afternoon Walk,2026-02-14T14:00:11Z,Walk,2803.3,2204,3683,16.0
17397246278,Harlem Hill,2026-02-14T10:21:19Z,Run,16112.5,3907,6404,190.0
17389503825,Evening Run,2026-02-13T19:03:00Z,Run,1552.0,459,2570,44.0
17373339821,King,2026-02-12T07:43:38Z,Ride,17572.6,1800,1800,0
17369296046,Cooldown,2026-02-11T20:07:38Z,Run,5769.6,1642,2552,32.0
17369251783,BRTC Marathon Wednesday,2026-02-11T18:06:01Z,Run,22353.9,5343,6608,69.0
17365915335,Watchung,2026-02-11T13:35:27Z,Ride,18620.2,2186,2186,0
17358325222,Blanchard,2026-02-10T21:38:43Z,Ride,17393.3,2100,2100,0
17339340440,Lazy Mountain -1,2026-02-09T08:47:38Z,Ride,5742.1,720,720,0
17335130976,Storzic,2026-02-08T20:21:17Z,Ride,12967.8,1441,1441,0
17335047278,Anai Mudi,2026-02-08T19:59:22Z,Ride,10925.2,1200,1200,0
17331349139,Arc Trainer,2026-02-08T11:33:59Z,Elliptical,0.0,528,528,0
17331201766,Tread,2026-02-08T10:52:57Z,Run,8815.9,2112,2112,0
17320743844,Afternoon Walk,2026-02-07T13:13:07Z,Walk,746.8,537,722,21.0
17318835387,Missing mileage,2026-02-07T10:44:20Z,Run,1126.5,336,336,0
17318812500,Treadmill,2026-02-07T09:59:02Z,Run,11048.1,2754,2754,0
17318171685,Morning Elliptical,2026-02-07T09:44:13Z,Elliptical,0.0,791,791,0
17310995024,EZ Friday,2026-02-06T17:27:17Z,Run,8336.8,2408,2625,79.0
17299447679,Afternoon Walk,2026-02-05T15:12:23Z,Walk,2805.4,1962,2064,30.0
17299137566,Lunch Walk,2026-02-05T12:28:51Z,Walk,978.4,577,843,4.0
17295479046,Friend Run,2026-02-05T07:21:02Z,Run,16369.9,5110,5669,138.0
17291151317,"Well, definitely in a marathon block now",2026-02-04T20:38:42Z,Run,18736.1,4295,4518,154.0
17284240783,Volunteer,2026-02-04T08:54:40Z,Ride,15966.5,1800,1800,0
17271412145,West w/ Adamson,2026-02-03T06:48:39Z,Run,13775.1,3651,3922,74.0
17266546879,In Snow Trenches Forever,2026-02-02T18:17:20Z,Run,13857.4,3912,4259,54.0
17251956442,BRTC Long,2026-02-01T08:56:24Z,Run,26811.9,7293,8347,117.0
17244707105,Collins,2026-01-31T20:34:55Z,Ride,22844.9,2400,2400,0
17239740613,Loops w/ Ernie,2026-01-31T08:53:23Z,Run,23508.0,5987,6510,62.0
17233310212,Manly,2026-01-30T20:42:05Z,Ride,19700.9,2400,2400,0
17223521822,Dans,2026-01-29T20:43:43Z,Ride,33273.7,3960,3960,0
17217101388,Bald,2026-01-29T08:41:33Z,Ride,17178.5,1800,1800,0
17212385032,Missing Miles,2026-01-28T20:55:45Z,Run,1931.2,540,540,0
17212249629,Treadmill(s) Workout,2026-01-28T19:10:21Z,Run,17153.1,4328,5371,0
17205630198,Mid Rig,2026-01-28T08:19:29Z,Ride,17820.0,2100,2100,0
17194046681,Recess -4,2026-01-27T08:12:19Z,Ride,27398.6,3120,3120,0
17188568506,Tempo Loop,2026-01-26T17:51:00Z,Run,14616.5,4537,4822,42.0
17174315798,BRTC Long,2026-01-25T08:52:54Z,Run,24675.3,6773,7519,73.0
17163164289,Lunch Weight Training,2026-01-24T11:35:58Z,WeightTraining,0.0,795,795,0
17162842271,Treadmill Miles,2026-01-24T10:02:54Z,Run,14689.2,3976,4713,0
17163319473,Missing Mileage,2026-01-24T08:03:00Z,Run,2414.0,675,675,0
17155397319,Manly,2026-01-23T19:40:29Z,Ride,11410.5,1201,1201,0
17149959180,My Humanity,2026-01-23T07:23:05Z,Run,16384.3,4241,5343,59.0
17144882451,Telluride,2026-01-22T18:32:45Z,Ride,26908.3,2700,2700,0
17143844922,Afternoon Walk,2026-01-22T13:35:55Z,Walk,2170.1,1299,1331,18.0
17139365347,Before Everything Turns to Ice,2026-01-22T08:06:44Z,Run,16693.5,4330,5175,91.0
17133464821,Saddleback,2026-01-21T18:25:11Z,Ride,8988.6,928,928,0
17115505741,Loop,2026-01-20T07:24:08Z,Run,12257.0,3211,3423,123.0
17106454726,Writing Break,2026-01-19T13:07:40Z,Run,4004.1,1056,1109,32.0
17097977151,Snow Glasses,2026-01-18T15:31:47Z,Run,13462.5,3554,3610,138.0
17086896781,The Other Park,2026-01-17T18:07:57Z,Run,10667.6,2828,3548,62.0
17085324481,Afternoon Walk,2026-01-17T15:13:56Z,Walk,1328.4,1015,1015,23.0
17073373019,Afternoon Walk,2026-01-16T14:37:25Z,Walk,1960.8,1342,1477,11.0
17072941922,Lunch Walk,2026-01-16T11:55:01Z,Walk,915.8,613,734,2.0
17069587483,Full Loop,2026-01-16T07:10:12Z,Run,16115.5,4434,4885,147.0
17065390470,Evening Walk,2026-01-15T20:18:51Z,Walk,2649.0,2029,2173,42.0
17058361732,EZ with Friends,2026-01-15T07:23:52Z,Run,10273.7,3565,3649,88.0
17053540463,Evening Walk,2026-01-14T19:45:01Z,Walk,358.2,233,233,3.0
17052679445,Afternoon Walk,2026-01-14T17:28:28Z,Walk,3320.4,1897,2104,28.0
17047009838,EZ Morning,2026-01-14T07:57:58Z,Run,10707.5,3363,3530,102.0
17033913844,Building Back Up,2026-01-13T06:35:09Z,Run,12097.5,3355,3629,100.0
17022505978,Chilling,2026-01-12T07:32:09Z,Run,8124.0,2504,2781,75.0
17013030859,EZ AM,2026-01-11T09:03:59Z,Run,6129.5,1919,1928,24.0
17006270411,Back,2026-01-10T18:35:38Z,Run,3228.9,951,1029,22.0
17002501492,Moose's Tooth +2,2026-01-10T09:11:03Z,Ride,68987.3,7230,7230,0
16994976641,Klothos,2026-01-09T17:57:38Z,Ride,40961.0,4500,4500,0
16995696208,Shuffle to gym,2026-01-09T08:04:00Z,Run,804.7,287,287,0
16989595674,Morning Weight Training,2026-01-09T07:42:36Z,WeightTraining,0.0,2473,2473,0
16989034457,Bald,2026-01-09T06:55:11Z,Ride,16509.8,1800,1800,0
16985295036,Cannon Balls,2026-01-08T19:16:56Z,Ride,16712.0,1800,1800,0
16978969844,Mont Gosford,2026-01-08T07:02:54Z,Ride,42965.9,4514,4514,0
16974528320,West Vidette -2,2026-01-07T19:38:52Z,Ride,15667.9,1800,1800,0
16971665250,Morning Ride,2026-01-07T08:56:01Z,Ride,930.5,240,240,0
16953100036,Helsinki Stationary Bike,2026-01-06T09:01:31Z,Ride,0.0,3143,3143,0
16946608458,Evening Weight Training,2026-01-05T18:04:31Z,WeightTraining,0.0,1874,1874,0
16946118977,Lunch Walk,2026-01-05T11:13:19Z,Walk,3909.7,3046,15727,34.0
16941922229,Morning Ride,2026-01-05T08:40:56Z,Ride,0.0,1951,1951,0
16938258418,Evening Walk,2026-01-04T19:19:18Z,Walk,779.8,599,672,8.0
16932359741,Morning Walk,2026-01-04T10:51:37Z,Walk,433.4,351,5761,2.0
16930709747,Morning Ride,2026-01-04T08:36:29Z,Ride,0.0,2526,2526,0
16927307001,Evening Walk,2026-01-03T19:33:46Z,Walk,2412.2,1924,8530,37.0
16927305539,Afternoon Walk,2026-01-03T16:43:13Z,Walk,369.8,306,328,3.0
16923794220,Afternoon Weight Training,2026-01-03T15:55:16Z,WeightTraining,0.0,873,873,0
16923794254,Afternoon Ride,2026-01-03T15:23:54Z,Ride,0.0,1804,1804,0
16914167995,Lappeenranta Mall walking,2026-01-02T15:22:45Z,Walk,0.0,8708,8708,0
16911100844,Sauna Session,2026-01-02T12:49:23Z,Workout,0.0,2070,2070,0
16906106360,Sauna Session,2026-01-01T21:12:30Z,Workout,0.0,1662,1662,0
16894571572,Lappeenranta Sauna Session,2025-12-31T15:00:59Z,Workout,0.0,3348,3348,0
16877596977,Evening Weight Training,2025-12-29T19:41:47Z,WeightTraining,0.0,1751,1751,0
16865023324,Lunch Walk,2025-12-28T12:06:43Z,Walk,2050.6,2341,8153,44.0
16861331645,Twisted Ankle,2025-12-28T09:02:03Z,Run,648.8,223,479,4.2
16856956638,Sauna,2025-12-27T17:10:39Z,Workout,0.0,2135,2135,0
16856373189,The Warmer Locales,2025-12-27T14:55:03Z,Run,15071.2,4533,5191,35.0
16854803830,Lunch Walk,2025-12-27T12:02:51Z,Walk,3665.5,3044,8466,37.0
16844371511,Planet Fitness Treadmill,2025-12-26T07:24:34Z,Run,7293.3,1804,1804,0
16845172130,To and From Gym,2025-12-26T07:11:00Z,Run,965.6,324,324,0
16840866866,Evening Walk,2025-12-25T18:45:23Z,Walk,2134.6,1736,1842,23.0
16839982284,Christmas Evening,2025-12-25T16:31:01Z,Run,10583.7,3173,3474,97.0
16837460363,Christmas Morning,2025-12-25T08:41:29Z,Run,11295.3,2892,3547,28.0
16832884305,More Heatmap Action,2025-12-24T16:14:41Z,Run,9622.5,2492,2905,26.0
16832113164,Lunch Walk,2025-12-24T11:10:15Z,Walk,6896.1,5510,11199,56.0
16829775822,O come all ye soreful,2025-12-24T08:08:31Z,Run,9112.7,2943,3280,64.0
16825164696,Evening Run,2025-12-23T19:59:43Z,Run,2677.3,796,952,19.0
16825164688,BRTC Track Tuesday,2025-12-23T19:01:48Z,Run,8334.4,2653,2653,0
16825164709,Warmup,2025-12-23T18:06:59Z,Run,5879.2,1551,1926,28.0
16823720947,Afternoon Ride,2025-12-23T15:27:30Z,Ride,2741.0,625,651,6.0
16820445742,AM Shake,2025-12-23T08:32:54Z,Run,6967.6,2160,2528,32.0
16811127729,Monday w/ Micah,2025-12-22T07:33:20Z,Run,15202.6,3977,5351,62.0
16807047230,Evening Run,2025-12-21T18:57:38Z,Run,446.7,117,122,3.0
16807034956,Evening Weight Training,2025-12-21T18:39:18Z,WeightTraining,0.0,998,998,0
16806954842,Evening Run,2025-12-21T18:18:48Z,Run,3769.5,1051,1083,12.0
16804240789,BRTC Long,2025-12-21T08:50:17Z,Run,27407.3,7148,8037,86.0
16797013728,Afternoon Walk,2025-12-20T15:27:59Z,Walk,2818.1,2058,2937,10.0
16795895723,4000 Miles,2025-12-20T11:41:51Z,Run,20320.0,5269,5717,72.0
16789186348,Cooldown,2025-12-19T19:56:46Z,Run,4417.2,1260,1335,21.0
16789193427,Indoor Session,2025-12-19T19:13:15Z,Run,7788.0,2274,2274,0
16788810632,Warmup + Tempo Mile,2025-12-19T18:03:06Z,Run,8689.3,2338,3829,39.0
16785448740,Morning Walk,2025-12-19T08:11:22Z,Walk,3393.6,2523,3367,12.0
16776641797,Mile(s) Before we Jointly File,2025-12-18T08:14:46Z,Run,9810.8,2990,3242,44.0
16771419784,Afternoon Walk,2025-12-17T16:18:47Z,Walk,845.1,490,636,2.0
16768865878,Picking Up Groceries,2025-12-17T10:45:10Z,Run,13375.4,3383,3694,58.0
16763268323,Double,2025-12-16T19:02:20Z,Run,8643.1,2233,2389,45.0
16758255994,Bettina’s Birthday Run,2025-12-16T08:04:46Z,Run,11719.6,3600,4239,114.0
16748886090,Delightfully Cold,2025-12-15T07:25:46Z,Run,16350.0,4331,5014,60.0
16744803155,Errands,2025-12-14T16:55:35Z,Run,9380.8,2578,4476,43.0
16741253428,The Perfect Texture is Actually Waffleknit,2025-12-14T08:39:50Z,Run,10488.8,3442,3499,120.0
16734514141,The Perfect Texture,2025-12-13T14:42:01Z,Run,17625.6,4477,4675,234.0
16726762454,Evening Run,2025-12-12T19:51:10Z,Run,2566.3,695,777,72.0
16722189286,The Hour is Nigh,2025-12-12T07:55:08Z,Run,11893.0,3329,3793,94.0
16717248948,Hinged Dub,2025-12-11T17:05:32Z,Run,4858.4,1373,1376,131.0
16713026826,Bridle w/ Friends,2025-12-11T07:23:50Z,Run,10699.8,3584,3744,105.0
16708560475,Rainy Dub,2025-12-10T18:12:32Z,Run,6972.6,1869,2069,49.0
16703734964,Good Day for Dogs,2025-12-10T07:16:20Z,Run,17266.9,4871,5786,139.0
16698862465,EZ PM,2025-12-09T17:49:33Z,Run,11469.6,3051,3184,101.0
16693764225,EZ AM,2025-12-09T07:05:59Z,Run,12982.8,3683,4664,95.0
16684326020,Birthday Recovery,2025-12-08T07:39:31Z,Run,9724.8,2931,3108,91.0
16680380652,Evening Walk,2025-12-07T18:48:58Z,Walk,4703.3,3541,3692,31.0
16678035606,Manhattan IS an Island!,2025-12-07T08:19:48Z,Run,53950.7,13125,16004,254.0
16667540252,Riverside w/ Bettina,2025-12-06T09:52:12Z,Run,16374.0,4865,5340,139.0
16661468091,Evening Loop,2025-12-05T19:06:06Z,Run,11241.7,2942,3178,102.0
16648438644,Cooldown,2025-12-04T09:33:41Z,Run,512.9,149,149,2.0
16648405279,Morning Weight Training,2025-12-04T09:12:49Z,WeightTraining,0.0,1092,1092,0
16648271410,Warming Up for Weights,2025-12-04T07:35:09Z,Run,19803.2,5288,5766,57.0
16644176628,Cooldown,2025-12-03T20:09:14Z,Run,3260.8,848,1026,19.0
16644176609,4x200m,2025-12-03T19:57:32Z,Run,984.2,297,297,0
16644176675,Back to Marathon Training?,2025-12-03T18:04:38Z,Run,21353.6,4869,6268,44.0
16638284048,Slippery Season,2025-12-03T07:41:44Z,Run,4941.8,1416,1533,31.0
16633356693,Afternoon Walk,2025-12-02T14:33:05Z,Walk,3813.0,2483,12153,25.0
16628179880,Pre Winter w/ Adamson,2025-12-02T06:42:34Z,Run,16335.5,4329,4669,58.0
16623600671,Well Fueled Dub,2025-12-01T18:02:11Z,Run,8924.2,2538,2848,46.0
16622974552,Lunch Ride,2025-12-01T12:45:01Z,Ride,5100.2,1022,16903,34.0
16619067589,Monday EZ,2025-12-01T08:13:29Z,Run,16216.8,4399,4561,58.0
16611848890,Triple Loop: Alternating K’s,2025-11-30T08:52:07Z,Run,30763.2,6993,7863,296.0
16605727964,Afternoon Walk,2025-11-29T13:44:58Z,Walk,10204.5,8942,17178,79.0
16601049421,Bridle Path w/ Bettina,2025-11-29T08:50:31Z,Run,11309.3,3338,3490,114.0
16596230232,Afternoon Run,2025-11-28T14:42:20Z,Walk,5688.4,5192,16945,48.0
16592424041,The Park,2025-11-28T09:30:04Z,Run,24602.0,6335,6690,231.0
16586781656,Afternoon Walk,2025-11-27T13:46:51Z,Walk,10447.9,8649,12679,111.0
16582417309,Grateful for Bridges,2025-11-27T07:51:22Z,Run,20041.6,6050,6702,211.0
16572824415,Cooldown,2025-11-26T09:59:05Z,Run,454.4,124,124,2.0
16572763798,Morning Weight Training,2025-11-26T09:37:06Z,WeightTraining,0.0,1196,1196,0
16572763966,Who Needs Sleeves Anyways,2025-11-26T08:07:34Z,Run,19683.3,5106,5303,57.0
16567897932,Cooldown,2025-11-25T19:42:51Z,Run,4624.9,1259,1380,13.0
16567897845,Evening Run,2025-11-25T19:35:53Z,Run,274.6,54,80,0
16567898010,Tempo Loop Tuesday,2025-11-25T18:04:21Z,Run,16118.1,3943,5394,32.0
16566967157,Afternoon Ride,2025-11-25T14:39:59Z,Ride,4111.9,874,11199,21.0
16561406863,AM with Adamson,2025-11-25T06:39:34Z,Run,10507.5,2766,3015,27.0
16552790595,Still Autumnal,2025-11-24T08:33:11Z,Run,16286.5,4385,4560,49.0
16545569141,Manifest Destiny,2025-11-23T08:50:58Z,Run,30657.3,8104,10109,98.0
16535129933,Nice and Rainy,2025-11-22T08:50:56Z,Run,25264.3,6810,7978,56.0
16528014509,EZ PM,2025-11-21T17:00:39Z,Run,9083.2,2513,2563,46.0
16524211607,AM Shake,2025-11-21T08:29:00Z,Run,5190.4,1459,1482,23.0
16520213247,Dub,2025-11-20T19:35:56Z,Run,6668.8,1851,1902,47.0
16515490757,Reverse Blood Doping,2025-11-20T08:43:17Z,Run,16197.2,4359,4588,51.0
16510641997,Cooldown,2025-11-19T20:01:24Z,Run,4010.3,1054,1488,19.0
16510641992,The Great Indoors,2025-11-19T19:07:04Z,Run,9899.3,2719,2719,0
16510642015,Warmup + 1200m tempo,2025-11-19T17:59:56Z,Run,7755.4,2008,3830,25.0
16504855867,AM Shake,2025-11-19T08:02:04Z,Run,5696.6,1534,1577,39.0
16499947459,Afternoon Walk,2025-11-18T14:34:52Z,Walk,3677.5,2445,14015,17.0
16494983401,Slipping,2025-11-18T08:00:57Z,Run,16140.9,4276,4388,71.0
16484147060,Fresh Legs Monday,2025-11-17T06:25:26Z,Run,16120.6,4259,4595,57.0
16477021339,Autumnal Sunday,2025-11-16T08:42:42Z,Run,20219.9,5237,6524,69.0
16470012503,Classic Fartlek,2025-11-15T17:35:42Z,Run,16253.5,3632,4111,45.0
16467271901,Lunch Walk,2025-11-15T11:14:39Z,Walk,1472.3,1121,2176,4.0
16465563566,Shake + Strides,2025-11-15T08:44:09Z,Run,5592.3,1757,2105,21.0
16459717556,(Brief) Snow!,2025-11-14T18:08:14Z,Run,5426.9,1427,1607,35.0
16459139290,Afternoon Ride,2025-11-14T13:24:31Z,Ride,5085.1,1002,10349,24.0
16455563495,Friday EZ,2025-11-14T07:41:17Z,Run,16886.6,4455,4569,53.0
16450888215,Another Grocery Dub,2025-11-13T18:12:35Z,Run,7073.8,1690,1926,41.0
16446034966,AM w/ Bettina,2025-11-13T08:10:04Z,Run,9967.9,2924,3712,22.0
16440251270,Grocery Dub,2025-11-12T17:10:08Z,Run,5208.3,1396,1456,32.0
16436256450,Morning Ride,2025-11-12T08:50:40Z,Ride,5147.2,902,5645,29.0
16435064145,EZ w/ Adamson,2025-11-12T06:44:38Z,Run,16185.3,4243,4697,55.0
16430939145,"Tempo Loop, Winter Edition",2025-11-11T17:58:19Z,Run,15036.7,4120,6609,92.0
16430939192,Afternoon Ride,2025-11-11T14:42:24Z,Ride,4210.1,936,10597,32.0
16424714845,AM Shake w/ Bettina,2025-11-11T08:32:23Z,Run,4916.0,1514,1547,37.0
16414337908,Rainy Monday w/ Bettina,2025-11-10T08:06:50Z,Run,8152.4,2485,4382,27.0
16406792757,BRTC Long Run,2025-11-09T08:52:23Z,Run,27614.5,7250,7819,82.0
16395936092,Firehouse,2025-11-08T09:21:53Z,Run,30629.9,7287,8420,257.0
16387895334,Proof Break Double,2025-11-07T16:57:55Z,Run,8461.9,2185,2335,27.0
16387103999,Lunch Ride,2025-11-07T12:55:19Z,Ride,5113.0,997,8674,34.0
16384191482,Getting Chilly,2025-11-07T08:03:49Z,Run,16485.7,4289,4775,50.0
16374319331,Morning Run,2025-11-06T09:38:12Z,Run,449.7,119,128,2.0
16374289120,Morning Weight Training,2025-11-06T09:15:39Z,WeightTraining,0.0,1202,1202,0
16374101438,Actually Lifted,2025-11-06T07:58:43Z,Run,15301.5,4040,4447,61.0
16368377077,Morning Ride,2025-11-05T08:48:27Z,Ride,13208.2,2388,32399,74.0
16362937914,Wednesday EZ,2025-11-05T07:02:27Z,Run,13452.6,3683,3789,40.0
16358204475,BRTC EZ,2025-11-04T18:06:42Z,Run,9788.4,2579,3618,30.0
16357556136,Afternoon Ride,2025-11-04T14:41:29Z,Ride,4174.7,955,11401,25.0
16345715690,Morning Walk,2025-11-03T10:10:32Z,Walk,5679.7,4004,21898,47.0
16341669000,Recovery,2025-11-03T08:32:40Z,Run,8653.2,2501,2578,35.0
16334433820,NYC Marathon 2025,2025-11-02T09:11:25Z,Run,42600.7,9019,9040,291.0
16320963370,Shakeout + Strides,2025-11-01T08:16:33Z,Run,6536.3,1815,1872,37.0
16312226800,Haunted,2025-10-31T09:54:27Z,Run,5020.1,1387,1462,40.0
16301233624,Headed to NYC,2025-10-30T06:26:28Z,Run,14835.9,3881,4060,28.0
16292158797,Wednesday EZ,2025-10-29T08:11:28Z,Run,11574.3,3152,3598,31.0
16287275483,Legs are Fresh,2025-10-28T18:04:44Z,Run,16172.9,3958,5649,47.0
16286313413,Afternoon Ride,2025-10-28T14:47:46Z,Ride,4163.9,875,10572,21.0
16275766263,Sunset EZ,2025-10-27T17:01:18Z,Run,13494.3,3663,3851,39.0
16274231905,Morning Ride,2025-10-27T08:56:04Z,Ride,5147.3,1061,22207,41.0
16262969401,Sunday,2025-10-26T09:23:18Z,Run,13319.5,3553,3872,39.0
16255617779,Classic Saturday 4pm Long Run Workout,2025-10-25T16:01:05Z,Run,24475.1,5862,6164,54.0
16246029011,Seasonally Affected Disc-Order,2025-10-24T18:33:14Z,Run,11913.0,3130,3180,49.0
16245344032,Morning Ride,2025-10-24T09:57:29Z,Ride,5099.5,970,27819,20.0
16241394962,EZ AM,2025-10-24T08:26:50Z,Run,5692.2,1545,1592,41.0
16235952040,Afternoon Ride,2025-10-23T15:47:34Z,Ride,5085.5,1016,5501,24.0
16232246781,Indiana Sports,2025-10-23T08:16:00Z,Run,16978.8,4675,4943,52.0
16226881302,Sunset Recovery,2025-10-22T17:30:14Z,Run,13564.1,3944,4232,40.0
16217144497,Marathon Limbo,2025-10-21T18:04:13Z,Run,23030.2,5687,7635,48.0
16215760821,Afternoon Ride,2025-10-21T14:46:28Z,Ride,4153.5,926,9956,21.0
16211067131,AM Shake,2025-10-21T08:57:13Z,Run,3935.9,1094,1396,36.0
16204496109,Morning Walk,2025-10-20T08:38:40Z,Walk,2042.2,1129,1129,12.0
16200051476,Bridge Shake,2025-10-20T07:44:57Z,Run,4946.9,1368,1408,48.0
16192476893,"Ah, Fall",2025-10-19T08:57:21Z,Run,23926.1,6258,6735,89.0
16184771333,Not a Boat,2025-10-18T16:43:20Z,Run,14190.0,3102,3409,47.0
16182342493,Track Day w/ Bettina,2025-10-18T09:31:07Z,Run,12676.5,3956,4858,16.0
16173829298,Morning Ride,2025-10-17T10:22:07Z,Ride,4133.2,908,25887,27.0
16169927711,HOTC Season,2025-10-17T08:10:01Z,Run,16285.1,4302,4395,69.0
16159514368,Feeling Recovered,2025-10-16T07:40:04Z,Run,16260.8,4364,4864,58.0
16150462020,Morning Ride,2025-10-15T08:51:07Z,Ride,5203.2,1064,12097,23.0
16148213715,Sunlight w/ Ewan,2025-10-15T06:56:45Z,Run,12147.7,3443,4523,54.0
16142878411,Afternoon Walk,2025-10-14T14:32:11Z,Walk,3671.9,2450,12597,19.0
16137650563,Quite Autumnal,2025-10-14T08:19:10Z,Run,11729.4,3485,3868,60.0
16126661435,Nor’easter Recovery,2025-10-13T08:16:41Z,Run,7997.2,2422,2702,57.0
16119605826,Chicago Marathon 2025,2025-10-12T07:34:31Z,Run,42538.5,9004,9010,65.0
16107694039,BRTC Shakeout,2025-10-11T10:02:21Z,Run,6671.9,2108,2626,31.0
16095566550,Back in Hyde Park,2025-10-10T07:42:45Z,Run,9382.9,2583,2583,24.0
16087071483,To Chicago!,2025-10-09T11:35:38Z,Run,11335.2,2874,3175,56.0
16073704116,Doppelgänger,2025-10-08T06:52:00Z,Run,12204.4,3446,3722,39.0
16069219053,Waffleknit,2025-10-07T18:08:22Z,Run,16263.0,4133,5892,59.0
16069218996,Afternoon Ride,2025-10-07T14:43:01Z,Ride,4175.8,1079,11439,22.0
16056991380,Monday EZ,2025-10-06T17:45:37Z,Run,12056.2,3353,4043,44.0
16056214399,Lunch Ride,2025-10-06T12:46:26Z,Ride,5073.1,1052,12482,26.0
19970628939,Morning Ride,2025-10-06T07:09:04Z,Ride,11184.9,1762,1973,103.0
16046938298,Just a Little Bit of Tempo Loop,2025-10-05T18:15:14Z,Run,10710.4,2533,2952,31.0
16030261588,Little,2025-10-04T08:55:38Z,Run,2074.1,542,901,15.0
16019681597,Catching Up w/ Owen!,2025-10-03T07:07:26Z,Run,16933.5,4776,4852,160.0
16014612107,One Loop + One Slice,2025-10-02T17:40:51Z,Run,11160.9,2913,2974,101.0
15998456925,Recovery,2025-10-01T08:38:52Z,Run,13459.1,3787,3879,53.0
15993090170,Sunset Boulevard,2025-09-30T18:05:14Z,Run,26780.5,6613,7660,51.0
15991839839,Afternoon Ride,2025-09-30T14:37:49Z,Ride,4297.4,1036,11499,18.0
15986343617,AM Shake,2025-09-30T08:29:36Z,Run,3836.3,1073,1079,31.0
15979248345,Morning Ride,2025-09-29T08:52:21Z,Ride,5110.5,1007,24044,21.0
15974554310,EZ w/ Adamson,2025-09-29T06:42:23Z,Run,16475.3,4313,4656,39.0
15966706114,Perma Summer,2025-09-28T08:50:40Z,Run,24787.1,6391,7600,52.0
15954178119,Back on the Course,2025-09-27T08:07:29Z,Run,30791.6,7505,9304,228.0
15941822944,AM Shake,2025-09-26T08:05:07Z,Run,3524.1,970,970,17.0
15934640484,Lunch Break,2025-09-25T12:45:56Z,Run,13868.5,3659,3779,39.0
15926934724,Rainy Dub,2025-09-24T19:24:36Z,Run,5445.4,1440,1478,39.0
15925304282,Morning Ride,2025-09-24T10:23:24Z,Ride,9665.9,1906,21239,37.0
15920376413,Hair of the Dog,2025-09-24T06:40:58Z,Run,18331.2,4813,5095,68.0
15916043073,Many Tempo Loops,2025-09-23T18:03:00Z,Run,27764.1,6644,8492,48.0
15914685742,Afternoon Ride,2025-09-23T14:39:18Z,Ride,4174.5,975,11366,16.0
15908937233,AM Shake,2025-09-23T08:02:19Z,Run,3329.0,910,982,21.0
15903679343,Short + Strides,2025-09-22T18:42:36Z,Run,4990.7,1292,1331,36.0
15902694732,Morning Ride,2025-09-22T10:20:53Z,Ride,4652.7,881,23639,20.0
15893802645,Ending the Week,2025-09-21T19:15:59Z,Run,8666.3,2304,2339,35.0
15888745054,Getting Crisp,2025-09-21T08:30:15Z,Run,19479.3,5186,5317,80.0
15877978228,Give me Some Rain and Gloom Already,2025-09-20T08:56:11Z,Run,34095.2,8514,9827,87.0
15870156912,Afternoon Ride,2025-09-19T13:54:50Z,Ride,5289.8,1182,21034,20.0
15864738289,Bagel Pickup,2025-09-19T08:13:22Z,Run,8356.5,2371,2470,37.8
15859931602,Evening Miles,2025-09-18T18:58:18Z,Run,13363.5,3809,4256,50.0
15853268777,AM Shake,2025-09-18T07:50:27Z,Run,5342.8,1437,1540,34.0
15848712255,Evening Miles,2025-09-17T18:55:19Z,Run,16615.0,4515,5017,59.0
15844091933,Morning Ride,2025-09-17T09:23:55Z,Ride,5129.1,974,9769,16.0
15842218242,EZ AM,2025-09-17T08:13:07Z,Run,9685.8,2670,2905,37.0
15837293259,Tuesday is for Tempo Loops,2025-09-16T18:06:32Z,Run,25981.1,6225,7983,47.0
15835978994,Afternoon Ride,2025-09-16T14:46:48Z,Ride,4027.0,815,10909,24.0
15825039451,Collecting Streets,2025-09-15T19:19:25Z,Run,3890.0,1096,1306,10.0
15822969308,Morning Ride,2025-09-15T10:25:42Z,Ride,4615.1,881,17599,21.0
15819038406,EZ Monday,2025-09-15T07:46:17Z,Run,16537.5,4533,4920,58.0
15814384578,Sunday Recovery,2025-09-14T18:34:28Z,Run,12188.9,3333,3625,25.0
15812286708,Afternoon Walk,2025-09-14T13:04:31Z,Walk,1995.4,1541,2180,13.8
15809169321,Morning Walk,2025-09-14T08:57:38Z,Walk,2056.8,1842,1858,7.0
15798742768,Volume,2025-09-13T08:35:29Z,Run,35474.8,9089,10546,98.0
15790262401,Double Double Day,2025-09-12T17:10:49Z,Run,8867.9,2461,2524,32.0
15786276373,EZ AM,2025-09-12T09:12:38Z,Run,7119.7,2004,2185,47.0
15780936537,Little Something,2025-09-11T19:29:31Z,Run,3392.0,949,1035,25.0
15775456012,AM Recovery,2025-09-11T09:13:22Z,Run,9125.7,2577,2628,36.0
15770193803,BRTC Fresh Pond Workout,2025-09-10T18:04:40Z,Run,30815.9,7658,9408,70.0
15768265464,Morning Ride,2025-09-10T08:53:28Z,Ride,10104.8,2054,26417,42.0
15762902631,AM Shake,2025-09-10T07:27:25Z,Run,5304.6,1521,1543,39.0
15757516419,Afternoon Ride,2025-09-09T14:24:31Z,Ride,5121.7,990,12390,23.0
15751458628,Track w/ Bettina,2025-09-09T07:42:10Z,Run,12703.2,3693,4489,29.0
15746276790,Thinking Time,2025-09-08T19:37:41Z,Run,8993.5,2319,2408,44.0
15743920251,Morning Ride,2025-09-08T10:12:35Z,Ride,4985.2,1024,19007,18.0
15739622479,AM Recovery,2025-09-08T07:55:03Z,Run,11834.7,3306,3489,50.0
15730904928,"No Rain, No Gain",2025-09-07T08:58:07Z,Run,36350.9,8496,9531,127.0
15722073989,Evening Run,2025-09-06T18:03:49Z,Run,372.4,255,299,1.0
15721053584,Afternoon Walk,2025-09-06T13:31:10Z,Walk,1335.1,1190,4990,9.0
15717281253,Fresh Pond w/ Bettina,2025-09-06T08:19:13Z,Run,16706.3,4836,5439,55.0
15704707611,EOW w/ Adamson,2025-09-05T06:40:31Z,Run,12368.3,3405,3770,40.0
15700386466,Evening Run,2025-09-04T19:29:32Z,Run,1536.3,464,472,9.0
15698314744,Afternoon Walk,2025-09-04T15:03:22Z,Walk,692.9,571,603,2.0
15694556657,EZ AM,2025-09-04T08:54:58Z,Run,6904.2,1912,1932,26.0
15689163483,New Loop,2025-09-03T18:38:14Z,Run,16903.7,4502,4859,62.0
15682075908,AM Recovery,2025-09-03T07:37:57Z,Run,6472.3,1752,1871,29.0
15677543918,Tempo Loop Tuesday,2025-09-02T17:50:57Z,Run,28167.9,6777,9067,55.0
15670120587,Shakeout w/ Bettina,2025-09-02T07:50:39Z,Run,4836.4,1538,1615,14.0
15649337157,Moving Day #1,2025-08-31T08:39:15Z,Run,16385.5,4502,5191,43.0
15642630584,Shakeout w/ Bettina!,2025-08-30T19:15:49Z,Run,3334.5,1026,1069,13.0
15638946705,Long Run #2,2025-08-30T08:53:36Z,Run,36225.2,8783,10050,104.0
15625988810,DOMS Day,2025-08-29T07:37:38Z,Run,10323.3,2932,2967,41.0
15621333020,Dub,2025-08-28T18:31:37Z,Run,9089.8,2506,2889,29.0
15615185885,First Day of Math Camp,2025-08-28T06:34:33Z,Run,16929.0,4524,5180,45.0
15610534621,The Weather,2025-08-27T18:07:02Z,Run,16263.4,4302,4986,37.0
15604670342,Morning Weight Training,2025-08-27T09:18:15Z,WeightTraining,0.0,920,920,0
15604513414,AM Recovery,2025-08-27T08:44:50Z,Run,6664.2,1822,1914,13.0
15599200514,Tempo Loop Tuesday,2025-08-26T18:04:44Z,Run,27407.1,6883,8406,79.0
15592456827,AM Shake,2025-08-26T08:59:09Z,Run,5125.7,1398,1691,19.0
15585947366,Running Errands or Running Errands?,2025-08-25T16:11:59Z,Run,16370.3,4446,7671,64.0
15574011493,Mileage has Returned,2025-08-24T13:48:52Z,Run,16183.0,4062,4926,83.0
15559407682,Back to Long Runs,2025-08-23T08:22:31Z,Run,31042.8,8042,10033,95.0
15546787520,Long Sleeves,2025-08-22T07:50:43Z,Run,16856.2,4607,4794,44.0
15535142682,Crisper Mornings,2025-08-21T06:34:32Z,Run,18160.5,4868,5409,51.0
15529983207,Nice and Rainy,2025-08-20T17:55:44Z,Run,12369.6,3298,3455,36.0
15524247006,Avoiding Stoplights,2025-08-20T08:28:38Z,Run,6963.7,1857,1871,24.0
15518968559,Workout w/ BRTC,2025-08-19T18:04:53Z,Run,23571.5,5659,7427,69.0
15512029590,Groceries Shakeout,2025-08-19T08:23:21Z,Run,4026.5,1120,1382,10.0
15506329690,Dub,2025-08-18T19:07:45Z,Run,3309.9,841,841,10.0
15499949977,Monday w/ Ewan,2025-08-18T07:00:15Z,Run,16576.4,4474,5014,54.0
15490655461,Recovery w/ Chase,2025-08-17T08:56:32Z,Run,16370.7,4560,5117,38.0
15483342095,Can’t Catch a Break,2025-08-16T18:23:36Z,WeightTraining,0.0,1192,1192,0
15483218787,Can’t Catch a Break,2025-08-16T17:41:29Z,Run,6593.1,1504,2283,16.0
15478972811,“Public f****** Sidewalk on a Saturday Morning?”,2025-08-16T08:38:10Z,Run,21123.3,4948,5417,43.0
15472288158,Never Let a Good Sunset Go to Waste,2025-08-15T18:30:14Z,Run,13890.7,3499,3764,31.0
15467181311,EZ AM,2025-08-15T08:27:16Z,Run,4164.1,1103,1126,13.0
15458419763,Lunch Break,2025-08-14T12:08:12Z,Run,12212.5,3190,3366,35.0
15450327026,First Podcast Run in Weeks,2025-08-13T18:24:40Z,Run,10172.1,2556,2777,37.0
15431866211,Material Nonpublic Information,2025-08-12T06:56:23Z,Run,12410.0,3000,3238,37.0
15427328791,Back,2025-08-11T20:50:23Z,Run,2602.2,653,653,6.0
15410683341,Last VT/NH Run,2025-08-10T08:34:19Z,Run,6448.3,2084,2126,84.0
15403419495,Back in Monroe,2025-08-09T16:29:18Z,Run,6493.8,2041,2041,36.0
15400027033,Morning Walk,2025-08-09T08:54:58Z,Walk,1324.8,889,6512,53.0
15392717581,Gravel,2025-08-08T19:07:01Z,Run,3235.6,809,809,124.0
15390829465,Afternoon Walk,2025-08-08T13:58:29Z,Walk,1583.7,1314,1428,50.0
15376520664,Something > Nothing,2025-08-07T09:03:18Z,Run,3400.4,942,942,107.0
15365357596,Happy and Bragg Hills,2025-08-06T09:56:26Z,Run,6464.7,1604,1664,153.0
15357971891,Afternoon Swim,2025-08-05T17:42:34Z,Swim,165.1,528,867,0.0
15357570760,Afternoon Hike,2025-08-05T15:35:11Z,Hike,3927.6,4151,4542,18.0
15357570743,🔨 Hike,2025-08-05T13:30:13Z,Hike,3950.8,4433,4455,447.0
15344749275,Afternoon Swim,2025-08-04T15:10:20Z,Swim,173.5,649,1216,0.0
15341396765,Bad AQI Day,2025-08-04T06:07:41Z,Hike,14499.8,12115,12889,748.0
15331203961,Morning Walk,2025-08-03T08:56:32Z,Walk,3463.1,2841,4991,42.0
15324239111,Lunch Walk,2025-08-02T12:38:45Z,Walk,6290.1,5735,23919,51.0
15320512084,Morning Walk,2025-08-02T10:21:50Z,Walk,1766.5,1540,3394,10.0
15319649503,Hudson,2025-08-02T08:48:20Z,Run,12036.8,4024,4875,190.0
15307902119,Back,2025-08-01T07:53:34Z,Run,6748.1,2041,2470,43.0
15297781934,Short and EZ,2025-07-31T09:20:18Z,Run,3376.2,875,954,15.0
15292069601,Practically a Long Run,2025-07-30T18:16:22Z,Run,12681.8,3491,3966,36.0
15280530640,Tuesday,2025-07-29T18:33:02Z,Run,10441.5,2531,2728,23.0
15268786607,Monday,2025-07-28T18:58:07Z,Run,7139.3,1705,1881,14.0
15258514121,Smoky Air,2025-07-27T19:01:23Z,Run,4392.7,1095,1126,23.0
15247132742,Threw in Some Pull-ups,2025-07-26T19:08:18Z,Run,7214.1,1733,1922,14.0
15236429438,✅,2025-07-25T19:45:46Z,Run,4361.2,1076,1123,20.0
15226830253,Still Stacking Bricks,2025-07-24T20:03:37Z,Run,12202.1,2916,3201,27.0
15215610879,Dusk,2025-07-23T19:26:56Z,Run,7217.9,1697,1900,18.0
15204280234,Groceries,2025-07-22T19:21:11Z,Run,8802.6,2052,2253,22.0
15199572411,Morning Walk,2025-07-22T10:12:36Z,Walk,1403.0,818,818,10.0
15192589792,✅,2025-07-21T20:20:15Z,Run,4179.1,926,948,14.0
15176100841,Beantown vs The Bean,2025-07-20T07:45:57Z,Run,8069.6,2548,2598,61.0
15168913752,Hill,2025-07-19T14:46:07Z,Run,1624.6,408,414,40.0
15159918662,Friday Evening Central Park,2025-07-18T19:26:15Z,Run,8153.4,1788,2093,64.0
15154509479,Morning Walk,2025-07-18T08:07:15Z,Walk,1540.7,1078,2097,16.0
15144166485,EZ,2025-07-17T08:15:06Z,Run,11290.4,3066,3325,99.0
15139791097,Prospect Park,2025-07-16T18:45:18Z,Run,5363.5,1756,2372,23.0
15139788720,To Brooklyn,2025-07-16T17:17:46Z,Ride,14788.3,2795,3489,95.0
15133107156,Morning Walk,2025-07-16T08:11:38Z,Walk,2722.6,2021,2083,37.0
15121660123,Checking a Box,2025-07-15T08:31:37Z,Run,6854.4,1736,2000,50.0
15116977193,Night Run,2025-07-14T21:37:17Z,Run,175.4,54,54,5.0
15110248962,Shake,2025-07-14T08:18:08Z,Run,4075.4,1372,1498,11.0
15106049436,Evening Walk,2025-07-13T18:45:57Z,Walk,2411.4,1762,3711,19.0
15103169327,Sleep Debt? More Like Sleep Leverage,2025-07-13T11:50:50Z,Run,13697.1,3873,5100,109.0
15094405738,Cut the Middle Man,2025-07-12T17:40:38Z,Run,25829.2,5764,6886,238.0
15084073588,"Good Evening, Fireflies",2025-07-11T20:01:17Z,Run,11168.2,2917,3017,97.0
15073895941,EZ Dub,2025-07-10T19:02:13Z,Run,8851.6,2213,3131,63.0
15068547155,Proof Break,2025-07-10T08:25:24Z,Run,15175.2,3953,4149,119.0
15056241494,Workout Wednesday,2025-07-09T06:28:12Z,Run,18243.7,4689,5295,101.0
15051301015,EZ Dub,2025-07-08T18:39:55Z,Run,5214.7,1432,1513,29.0
15045408329,Bettina’s Workout,2025-07-08T07:18:17Z,Run,11657.3,3467,4946,108.0
15040162893,Dub,2025-07-07T18:29:32Z,Run,11285.6,2837,3061,96.0
15034495856,Hour of Sweat,2025-07-07T07:33:25Z,Run,13926.4,3703,3939,117.0
15025640528,Too Hot for the Triple Loop,2025-07-06T07:57:35Z,Run,22967.5,5284,6284,206.0
15014625866,Underfueled,2025-07-05T08:31:25Z,Run,4857.5,1503,1589,26.0
15009209967,July 4,2025-07-04T18:26:17Z,Run,9786.1,2574,2690,75.0
15004413986,Lake w/ Bettina,2025-07-04T08:31:20Z,Run,9372.3,2816,2816,109.0
14996406889,Lake,2025-07-03T12:11:34Z,Run,12400.9,3072,3500,131.0
14983112181,EZ w/ Chase,2025-07-02T06:57:29Z,Run,13697.5,3759,4069,32.0
14977715637,Bike Pickup,2025-07-01T17:09:25Z,Run,6030.5,1646,2643,28.0
14972921276,Morning Weight Training,2025-07-01T09:02:20Z,WeightTraining,0.0,985,985,0
14972950514,Dew Point Evangelist,2025-07-01T07:21:14Z,Run,18317.3,4962,5952,44.0
14967362057,Grocery dub,2025-06-30T18:38:48Z,Run,7011.6,1793,1980,19.0
14962082582,Morning Weight Training,2025-06-30T08:29:57Z,WeightTraining,0.0,1124,1124,0
14962082815,EZ with Adamson,2025-06-30T06:42:56Z,Run,19185.5,4937,6272,45.0
14957850928,Evening Run,2025-06-29T19:45:27Z,Run,411.5,97,97,0.0
14957833647,TSA was very close to confiscating my gels,2025-06-29T18:50:58Z,Run,13134.8,2856,3166,19.0
14952750296,Sweating,2025-06-29T08:36:55Z,Run,7636.1,2012,2077,34.0
19970628843,Morning Ride,2025-06-29T07:10:57Z,Ride,5728.4,1044,1217,42.0
14944574089,Lunch Break,2025-06-28T12:54:23Z,Run,5553.5,1493,1493,5.0
14931934993,Drenched,2025-06-27T07:46:27Z,Run,17718.0,4719,5152,39.0
14926448292,Indy Dub,2025-06-26T17:39:54Z,Run,5676.7,1441,1491,12.0
14921548321,Catching Up w/ Ewan,2025-06-26T06:47:22Z,Run,15984.1,4529,5196,93.0
14916992642,Temperature Loop w/ Chase,2025-06-25T17:50:18Z,Run,19387.9,5178,6816,56.0
14910613095,EZ AM,2025-06-25T07:09:39Z,Run,7161.1,1887,2227,13.0
14900170428,just two sad pacers fans,2025-06-24T06:58:05Z,Run,16240.7,4347,4675,38.0
14889940361,Heat Dome,2025-06-23T07:02:14Z,Run,20311.6,5392,5698,35.0
14885808398,"not that hot, tbh",2025-06-22T18:51:43Z,Run,8052.3,2138,2206,25.0
14882999897,Lunch Run,2025-06-22T12:20:10Z,Run,1723.5,458,553,0.0
14874545318,Stealth Mode,2025-06-21T17:39:42Z,Run,4949.6,1056,1087,20.0
14874290585,Afternoon Walk,2025-06-21T16:14:20Z,Walk,3056.3,2685,3148,50.0
14874290582,Afternoon Ride,2025-06-21T15:36:31Z,Ride,5649.8,1202,1556,27.0
14873385440,Afternoon Walk,2025-06-21T13:55:24Z,Walk,3007.7,2703,3135,14.0
14870645861,Cafe Run w/ Bettina,2025-06-21T08:04:41Z,Run,10396.8,3266,3439,27.0
14865330423,Evening Walk,2025-06-20T19:47:15Z,Walk,3474.5,2884,8274,23.0
14864246041,Back from a Cold,2025-06-20T18:16:22Z,Run,8138.3,2092,2274,35.0
14859583684,Morning Walk,2025-06-20T07:37:54Z,Walk,3211.0,2455,3889,41.0
19970527769,Night Ride,2025-06-19T21:12:33Z,Ride,6427.6,1399,1605,53.0
14838672334,AM w/ Bettina,2025-06-18T08:22:50Z,Run,6466.4,2013,2347,26.0
14827036857,EZ AM,2025-06-17T07:43:53Z,Run,8147.6,2267,2413,28.0
14821668312,Dub,2025-06-16T17:43:03Z,Run,7168.3,1841,1901,21.0
14816613259,New Shoes + Bettina Call,2025-06-16T07:25:17Z,Run,19340.1,5152,6061,41.0
14808095538,Embracing the Cool,2025-06-15T08:23:08Z,Run,24762.3,6239,6501,52.0
14801233469,"Tempo Loop, My Old Friend",2025-06-14T17:41:15Z,Run,18568.3,4584,5314,52.0
14786229231,Friday EZ,2025-06-13T06:52:58Z,Run,20954.7,5619,6429,46.0
14781258048,Treadmill bc AQI,2025-06-12T17:47:45Z,Run,4911.0,1311,1311,0
14771571847,Pre’cers w/ Chase,2025-06-11T18:13:14Z,Run,14971.5,4143,6050,44.0
14767698706,Lunch Break,2025-06-11T12:11:04Z,Run,7192.6,1911,2113,21.0
14754540500,Fresher Air,2025-06-10T07:42:41Z,Run,14994.1,3950,4306,41.0
14749010307,Dub,2025-06-09T17:07:49Z,Run,7822.3,2073,2489,20.0
14743364657,EZ w/ Adamson,2025-06-09T06:57:03Z,Run,9965.6,2741,2938,26.0
14735994152,"Felt Fresh, Might Double Later",2025-06-08T10:58:26Z,Run,15040.1,3219,3491,43.0
14728715745,Enjoy Your Deep Dish. Must Be Nice.,2025-06-07T19:38:18Z,Run,8993.9,2281,2366,22.0
14713497320,Back to Boston,2025-06-06T07:26:26Z,Run,13861.3,3564,3928,99.0
19970628923,Morning Ride,2025-06-06T06:21:11Z,Ride,15488.2,3526,7472,146.0
14710164256,Evening Walk,2025-06-05T19:44:56Z,Walk,7397.3,6618,9295,37.0
14708907144,Afternoon Walk,2025-06-05T17:35:06Z,Walk,2409.9,1483,1561,13.0
14704075353,Feeling Like Summer,2025-06-05T07:55:14Z,Run,11962.2,3121,3264,95.0
14700164363,Evening Walk,2025-06-04T20:17:43Z,Walk,4334.1,3540,3794,50.0
14693767755,Before the Heatwave,2025-06-04T07:26:43Z,Run,21082.1,5726,5891,190.0
14689356048,Evening Walk,2025-06-03T18:52:01Z,Walk,9329.9,6744,6805,97.0
14682321787,EZ w/ Bettina,2025-06-03T07:24:15Z,Run,10246.7,3170,3451,89.0
14678320673,Evening Walk,2025-06-02T20:12:22Z,Walk,2625.8,2075,2681,30.0
14677263759,There will be coffee,2025-06-02T17:49:45Z,Run,11343.2,2985,3456,97.0
14667307979,Wedding Weekend Recovery,2025-06-01T16:50:42Z,Run,11253.0,3163,3660,94.0
14651969283,Betsie Valley Trail,2025-05-31T08:32:07Z,Run,14471.3,3610,4409,35.0
14644610690,Trot Before the Knot,2025-05-30T14:52:26Z,Run,9052.2,2709,2836,22.0
14635798953,Typical,2025-05-29T16:48:28Z,Run,13782.1,3588,5710,120.0
14630934976,Morning Walk,2025-05-29T08:47:15Z,Walk,1059.2,863,892,11.0
14625714499,JP Morgan Corporate Challenge,2025-05-28T18:29:06Z,Run,8921.8,2038,3455,108.0
14623224729,Harlem Hill,2025-05-28T12:31:44Z,Run,21288.8,5138,5254,301.0
14620147901,Morning Walk,2025-05-28T07:58:06Z,Walk,1960.2,1524,1727,16.0
14615721869,Dub,2025-05-27T18:54:29Z,Run,10086.8,2543,2905,86.0
14609836861,Pre Bagels,2025-05-27T07:34:25Z,Run,9675.3,2869,3712,103.0
14605054446,Three Public Bathrooms: All Closed,2025-05-26T17:49:06Z,Run,8746.8,2242,2651,81.0
14599578140,Morning Walk,2025-05-26T08:08:43Z,Walk,2198.6,1811,2545,23.0
14595476275,Afternoon Walk,2025-05-25T17:01:59Z,Walk,6600.3,5261,7038,99.0
14590765689,Away from Home,2025-05-25T07:52:08Z,Run,21169.4,5568,6320,199.0
14589383135,Afternoon Walk,2025-05-24T16:16:24Z,Walk,3847.2,2547,2730,29.0
14580600961,Loop w/ Bettina,2025-05-24T09:18:08Z,Run,11819.3,3543,3744,107.0
14569514190,Tuneup w/ Bettina,2025-05-23T07:30:48Z,Run,8116.4,2301,2525,42.0
14560217165,Rain w/ Bettina,2025-05-22T07:55:38Z,Run,7562.7,2357,2714,78.0
14555770159,Run w/ Rico,2025-05-21T18:26:56Z,Run,11269.6,3564,3653,104.0
14550314268,Double Loopin’,2025-05-21T07:25:02Z,Run,21057.8,5738,6073,200.0
14545349270,EZ Evening,2025-05-20T18:06:08Z,Run,17394.8,4775,5414,167.0
14534100782,Evening Hills,2025-05-19T18:27:12Z,Run,11402.2,2605,2921,106.0
14528530828,The Long Game,2025-05-19T07:21:56Z,Run,23000.1,5313,6348,225.0
14519429753,Fresh Air,2025-05-18T08:16:38Z,Run,16788.9,4407,5038,161.0
14508419741,Humidity w/ Bettina,2025-05-17T08:44:29Z,Run,7290.7,2212,2378,70.0
14502598875,Evening Dub,2025-05-16T18:02:54Z,Run,11597.7,2996,3132,86.0
14498348029,Saltwater Economist,2025-05-16T07:38:47Z,Run,21163.5,5748,6413,190.0
14493413676,In Praise of Strength and Odd Tan Lines,2025-05-15T17:56:02Z,Run,14671.9,3711,4086,120.0
14488265612,The Other Direction,2025-05-15T07:55:12Z,Run,13992.0,3793,4193,119.0
14483329390,Embrace the Soak,2025-05-14T18:19:46Z,Run,11274.8,2596,2902,149.0
14478162331,Morning Weight Training,2025-05-14T09:38:47Z,WeightTraining,0.0,1545,1545,0
14478162447,Track Day,2025-05-14T07:54:57Z,Run,18912.5,4778,6153,31.0
14466739493,The Dutch Fixed Effect,2025-05-13T07:38:32Z,Run,20935.4,5676,6347,43.0
14461616744,What a Vibe,2025-05-12T18:35:44Z,Run,16380.8,4294,5323,54.0
14455837154,EZ AM,2025-05-12T08:06:45Z,Run,11833.5,3327,3643,33.0
14448834715,Lunch Weight Training,2025-05-11T11:56:00Z,WeightTraining,0.0,2802,2802,0
14448292090,Perfect Weather,2025-05-11T10:13:37Z,Run,21479.1,5572,5869,52.0
14439889306,Fair Weather Running,2025-05-10T15:16:18Z,Run,27448.6,6015,6637,72.0
14425400735,End of Semester,2025-05-09T07:02:26Z,Run,19822.6,5662,7771,58.0
14417898737,Big Lunch Break,2025-05-08T11:40:05Z,Run,20425.2,5393,6091,36.0
14410276307,Legs Still Work,2025-05-07T18:22:17Z,Run,8960.6,1925,2196,23.0
14405510742,Morning Weight Training,2025-05-07T09:49:14Z,WeightTraining,0.0,1363,1363,0
14405306923,Track Day,2025-05-07T07:23:42Z,Run,25240.1,6506,8509,48.0
14394440382,Chilling,2025-05-06T07:48:04Z,Run,16404.4,4529,4831,40.0
14389358090,Getting Hungry,2025-05-05T17:28:14Z,Run,14677.7,3939,4956,37.0
14384206215,EZ AM,2025-05-05T07:44:21Z,Run,7204.2,1937,2132,23.0
14377442924,Battling DOMs and Allergies,2025-05-04T11:13:58Z,Run,15005.7,3887,4562,53.0
14365630793,EZ LR,2025-05-03T08:41:42Z,Run,24703.1,6288,7120,88.0
19970626627,Evening Ride,2025-05-02T19:04:40Z,Ride,5644.7,1172,1579,25.0
14358272861,Afternoon Weight Training,2025-05-02T17:05:22Z,WeightTraining,0.0,1684,1684,0
14358105718,"Not a double, but a warmup for weights",2025-05-02T16:29:35Z,Run,6770.9,1774,2041,16.0
14354350712,Back to It,2025-05-02T07:57:25Z,Run,19936.9,4616,5425,49.0
14349130190,Back on Track,2025-05-01T17:20:22Z,Run,15143.2,3890,4606,43.0
14344740039,Bike Drop Off,2025-05-01T09:49:18Z,Run,6629.0,1834,2490,33.0
14337830967,W/ Freshly Engaged Man,2025-04-30T18:08:39Z,Run,14786.7,4058,4990,46.0
14334287192,Lunch Break,2025-04-30T11:49:59Z,Run,7229.2,1869,2112,26.0
14321800095,Morning Run,2025-04-29T08:32:48Z,Run,277.6,78,78,0.0
14321538202,Morning Weight Training,2025-04-29T08:08:54Z,WeightTraining,0.0,1353,1353,0
14321314478,Just Two Dudes Admiring Flowers,2025-04-29T06:38:24Z,Run,16325.7,4484,5277,65.0
14316855728,Groceries Round II,2025-04-28T18:09:20Z,Run,13876.4,3496,4387,40.0
14312621323,Groceries,2025-04-28T11:08:35Z,Run,5124.2,1400,1753,17.0
19970626632,Afternoon Ride,2025-04-27T16:29:01Z,Ride,10397.6,1558,2106,98.0
14305072916,Love the Outdoors,2025-04-27T12:36:28Z,Run,13824.8,3349,3429,132.0
14291583866,Back in the City,2025-04-26T08:08:40Z,Run,16718.7,4590,5314,128.0
14286830692,Evening Walk,2025-04-25T18:44:46Z,Walk,2848.3,1869,2128,1.0
14281811865,Morning Run,2025-04-25T09:19:35Z,Run,456.0,124,168,0.0
14281778242,Morning Weight Training,2025-04-25T09:03:30Z,WeightTraining,0.0,905,905,0
14281654790,Spring Rain,2025-04-25T07:51:29Z,Run,14209.0,3768,4131,46.0
14274700162,Lunch Break,2025-04-24T12:32:34Z,Run,14704.9,3976,4454,44.0
14264289601,Like Nothing Ever Happened,2025-04-23T11:48:15Z,Run,14247.4,3526,4156,29.0
14251170759,Better than a Shuffle,2025-04-22T07:22:45Z,Run,7183.4,2204,2338,19.0
14244500751,2nd Boston Marathon 🦄,2025-04-21T10:00:21Z,Run,42434.3,9011,9011,272.0
14233193303,Chicago Crew Shakeout,2025-04-20T08:54:10Z,Run,8889.8,2507,3143,59.0
14224950383,Warm!,2025-04-19T11:33:17Z,Run,10441.9,2958,3210,34.0
14214616395,Lunch Ride,2025-04-18T11:49:55Z,Ride,2712.6,584,643,11.0
14213286564,Holding Myself Back,2025-04-18T08:49:24Z,Run,12218.2,3066,3213,38.0
14208099555,Boston in Bloom,2025-04-17T18:13:35Z,Run,11628.8,3283,4383,52.0
14198373151,Tuning Up,2025-04-16T17:15:51Z,Run,15670.2,3865,4107,99.0
14185812333,One Week,2025-04-15T11:34:34Z,Run,11423.7,3092,3296,39.0
14179394402,The Promise of American Higher Education,2025-04-14T17:45:31Z,Run,17101.6,4688,5698,35.0
14170253506,Trying to Overdress,2025-04-13T18:17:28Z,Run,9030.3,2459,2566,21.0
14159908456,Wintry Evening Light Long Run,2025-04-12T16:46:38Z,Run,24331.0,5933,6949,78.0
14149565359,The Outdoors,2025-04-11T17:04:55Z,Run,11522.1,3155,3484,30.0
14141389037,EZ w/ Chase,2025-04-10T17:58:44Z,Run,16223.3,4332,4967,47.0
14131425318,Fleece Lined Dub,2025-04-09T17:43:45Z,Run,7199.4,1778,1981,20.0
14126890202,Threshold + Other Paces,2025-04-09T08:05:17Z,Run,22939.8,5399,6325,83.0
14116321274,Cold Rain,2025-04-08T07:46:34Z,Run,18791.3,5131,5596,43.0
14106140842,Bridges and Rain,2025-04-07T07:38:04Z,Run,13621.7,3476,3857,59.0
14102228248,Fair Weather Running,2025-04-06T17:40:14Z,Run,12922.1,3315,3548,36.0
14088674684,Last Big Long Run,2025-04-05T08:39:59Z,Run,34901.7,8786,10399,360.0
14077497326,Chilling,2025-04-04T07:50:39Z,Run,12410.1,3565,4177,32.0
14073026741,PM w/ Chase,2025-04-03T17:57:56Z,Run,12283.4,3440,3996,50.0
14067722791,Admit Visit Days,2025-04-03T07:22:03Z,Run,11027.0,3446,4156,48.0
14063410642,Extra Credit,2025-04-02T18:14:34Z,Run,9786.3,2308,2917,42.0
14058151015,Workout Wednesday,2025-04-02T06:48:18Z,Run,24389.7,5700,7604,66.0
14047735065,Fresh Pond w/ Ewan,2025-04-01T07:02:19Z,Run,16134.8,4481,4898,68.0
14042951671,Evening Run,2025-03-31T18:00:40Z,Run,208.3,69,69,0.0
14037925555,Fog,2025-03-31T07:03:41Z,Run,14966.1,3972,4256,45.0
14031450438,Bettina’s Long Run,2025-03-30T09:53:38Z,Run,21139.3,5726,6299,84.0
14023212079,Lunch Walk,2025-03-29T11:11:55Z,Walk,7420.2,5909,13426,100.0
14020542229,Another Mental Toughness Day,2025-03-29T08:00:01Z,Run,33070.7,7748,7933,287.0
14010591353,Friday EZ,2025-03-28T07:35:42Z,Run,13892.1,3804,3900,105.0
14006689161,Dub,2025-03-27T18:03:30Z,Run,9688.6,2511,3102,95.0
14001892744,Abundance,2025-03-27T07:41:47Z,Run,20273.7,5286,6098,50.0
13997319522,Thinking Break,2025-03-26T18:23:28Z,Run,7186.2,1838,2003,18.0
13992348906,Mental Toughness Day,2025-03-26T07:52:26Z,Run,23085.0,5308,5846,56.0
13986482960,Squeezing in Double Digits,2025-03-25T15:26:22Z,Run,16148.5,4386,4830,41.0
13977249400,Rainy Double,2025-03-24T17:06:09Z,Run,12486.9,3503,4029,40.0
13972462500,AM Run,2025-03-24T07:35:09Z,Run,15334.2,4135,4330,46.0
13966516371,Fresh Pond Sunday,2025-03-23T11:24:50Z,Run,16151.5,4348,6034,100.0
13958458576,Atypical Double,2025-03-22T17:20:08Z,Run,6999.1,1874,2014,21.0
13954892092,What a Relief,2025-03-22T07:20:50Z,Run,39733.6,9465,11726,117.0
13946695756,EZ Friday,2025-03-21T11:48:59Z,Run,14789.6,4190,4539,86.0
13940312275,Spring!,2025-03-20T16:35:35Z,Run,18818.1,5001,5541,43.0
13935198375,Atmospheric Shake,2025-03-20T07:31:32Z,Run,6931.2,2143,2255,64.0
13931047985,Warmth,2025-03-19T17:27:04Z,Run,11748.9,2698,3164,104.0
13925972364,Bridle Path,2025-03-19T07:31:01Z,Run,12367.7,3416,3877,66.0
13921168830,Nice,2025-03-18T17:20:57Z,Run,13357.0,3237,3617,102.0
13916042234,AM Loop,2025-03-18T07:50:56Z,Run,13790.5,3764,3869,132.0
13911539076,Second Loop of the Day,2025-03-17T17:36:33Z,Run,11214.0,2985,3074,108.0
13906568748,Monday Morning Bagels,2025-03-17T07:10:24Z,Run,11412.4,3548,3891,111.0
13903202788,Not Being Stupid,2025-03-16T18:14:35Z,Run,5754.0,1664,1773,45.0
13890707589,Bouncing Back,2025-03-15T11:34:48Z,Run,6768.6,1928,2396,19.0
13866414018,Sick Shuffle,2025-03-12T18:47:49Z,Run,2544.5,811,829,14.0
13852739563,Lunch Run,2025-03-11T10:43:36Z,Run,6908.1,1996,2130,26.0
13846923413,Oh Yes,2025-03-10T17:38:58Z,Run,10423.7,2594,2773,28.0
13842325676,Chilling,2025-03-10T07:31:45Z,Run,20562.3,5840,6215,45.0
13838679270,Back,2025-03-09T18:28:06Z,Run,10943.7,3124,3701,41.0
13834239692,Some Occam Pond Loops,2025-03-09T08:54:34Z,Run,12764.6,3148,3410,152.0
13822939195,Morning Run,2025-03-08T07:57:51Z,Run,494.0,125,151,4.0
13822898770,Pre Bus Mill,2025-03-08T07:12:53Z,Run,8493.3,2404,2599,0
13822425519,Morning Run,2025-03-08T07:07:16Z,Run,489.6,147,169,5.0
13818273355,Grocery Dub,2025-03-07T17:43:41Z,Run,4850.7,1455,1734,33.0
13817834608,Afternoon Walk,2025-03-07T16:35:24Z,Walk,3178.3,2049,2162,49.0
13813827361,Morning Run,2025-03-07T08:02:36Z,Run,472.3,135,179,3.0
13813784352,EZ Mill,2025-03-07T07:00:28Z,Run,13060.4,3600,3602,0
13813255487,Morning Run,2025-03-07T06:53:54Z,Run,467.0,144,192,6.0
13809975620,Just Having Fun in the Rain,2025-03-06T17:29:08Z,Run,16180.9,3977,4269,32.0
13805191307,Respecting the Tempo Loop,2025-03-06T07:41:00Z,Run,10802.7,3117,3640,32.0
13800754136,PM Steady Miles,2025-03-05T17:49:08Z,Run,8989.3,2019,2330,27.0
13796409873,Love Me a Rainy Tempo Loop,2025-03-05T07:56:24Z,Run,26087.9,6086,6820,60.0
13786431672,Tuesday EZ,2025-03-04T07:21:12Z,Run,17731.8,4805,5350,49.0
13781812635,Wacky Route Monday,2025-03-03T17:02:47Z,Run,16163.6,4115,4748,58.0
13776988468,To and from gym,2025-03-03T08:20:08Z,Run,965.6,324,324,0
13776979597,AM Treadmill,2025-03-03T06:45:00Z,Run,13518.5,3562,3562,0
13773093964,Recovery w/ Bettina,2025-03-02T16:52:22Z,Run,6703.8,2028,2118,20.0
13770792452,Lunch Walk,2025-03-02T11:03:09Z,Walk,2855.0,2564,2672,18.0
13769254939,Post Weights,2025-03-02T09:22:25Z,Run,2498.9,657,692,13.0
13769100447,Morning Weight Training,2025-03-02T08:46:08Z,WeightTraining,0.0,1987,1987,0
13768711045,Morning Run,2025-03-02T08:40:22Z,Run,482.1,143,146,3.0
13760750333,Charles Loops,2025-03-01T08:27:46Z,Run,36508.3,8820,10387,141.0
13749916593,Friday EZ,2025-02-28T06:45:12Z,Run,14736.7,4209,4440,42.0
13746103165,Dub,2025-02-27T18:03:07Z,Run,9032.9,2449,2560,31.0
13741759768,Morning Run,2025-02-27T09:18:30Z,Run,478.3,134,170,2.0
13741724901,Recovery Mill,2025-02-27T07:57:33Z,Run,16553.7,4500,4716,0
13741120082,Morning Run,2025-02-27T07:51:32Z,Run,488.4,144,183,5.0
13737039466,Double w/ Dhruv,2025-02-26T17:08:06Z,Run,13055.5,3681,4278,49.0
13733041899,Split Shorts Doping,2025-02-26T08:01:26Z,Run,28985.7,6628,7372,65.0
13722888510,Sliding AND Splashing w/ Adamson,2025-02-25T06:35:58Z,Run,24646.6,6635,7711,75.0
13713716990,Monday EZ,2025-02-24T07:10:11Z,Run,21619.2,5777,6167,50.0
13707330634,Firehouse Loop,2025-02-23T09:15:15Z,Run,32756.5,7406,7942,295.0
13698461162,Lunch Break,2025-02-22T13:23:38Z,Run,9242.7,2449,2630,28.0
13690622067,Back Outside,2025-02-21T17:39:49Z,Run,6879.2,1822,1862,25.0
13686533120,Morning Run,2025-02-21T08:09:03Z,Run,494.1,127,154,3.0
13686478458,EZ Tread,2025-02-21T06:59:56Z,Run,14246.7,3902,3902,0
13685935815,Morning Run,2025-02-21T06:52:44Z,Run,462.3,148,182,5.0
13682959102,Evening Run,2025-02-20T19:15:13Z,Run,500.4,125,149,1.0
13682929027,Shockingly Smooth,2025-02-20T18:10:29Z,Run,15525.7,3302,3676,0
13682534892,Evening Run,2025-02-20T18:05:09Z,Run,484.8,145,151,5.0
13680615407,Afternoon Run,2025-02-20T13:35:00Z,Run,492.9,123,168,3.0
13680563543,Afternoon Weight Training,2025-02-20T13:22:01Z,WeightTraining,0.0,596,596,0
13680465445,Lunch Break,2025-02-20T12:40:30Z,Run,9739.2,2433,2433,0
13680051562,Lunch Run,2025-02-20T12:32:58Z,Run,485.8,151,172,4.0
13674177588,Evening Run,2025-02-19T18:52:58Z,Run,493.4,115,165,1.0
13674142796,Workout Wednesday: PM Session,2025-02-19T18:02:58Z,Run,10086.7,2402,2619,0
13673829913,Afternoon Run,2025-02-19T17:56:29Z,Run,419.4,148,204,3.0
13669175831,Morning Run,2025-02-19T08:09:09Z,Run,488.4,145,160,3.0
13669093607,Workout Wednesday,2025-02-19T06:51:41Z,Run,17765.1,3955,4169,0
13668420486,Morning Run,2025-02-19T06:36:53Z,Run,506.1,154,192,9.0
13660536002,Morning Run,2025-02-18T09:33:47Z,Run,509.8,140,154,10.0
13660473496,EZ Treadmill,2025-02-18T07:43:18Z,Run,21976.2,6001,6241,0
13659583943,Morning Run,2025-02-18T07:34:02Z,Run,463.8,145,152,7.0
13655890214,Evening Run,2025-02-17T18:57:37Z,Run,524.3,144,198,4.0
13655795400,Evening Weight Training,2025-02-17T18:35:18Z,WeightTraining,0.0,607,607,0
13655728994,Treadmill Dub,2025-02-17T17:54:28Z,Run,9675.8,2285,2374,0
13655727243,Afternoon Run,2025-02-17T17:48:59Z,Run,496.9,161,211,7.0
13651021867,"Another Day, Another Bagel, Same Favorite Running Partner",2025-02-17T07:02:43Z,Run,19711.6,5556,6078,222.0
13643700157,Bagel Run w/ Bettina,2025-02-16T08:58:15Z,Run,6496.7,1956,2076,55.0
13637003791,Lunch Walk,2025-02-15T12:04:18Z,Walk,6660.4,5218,10598,69.0
13633987474,Triple Loopin’,2025-02-15T07:39:45Z,Run,32643.4,7310,7353,294.0
13624700730,Morning Run,2025-02-14T07:57:02Z,Run,489.5,127,153,4.0
13624669161,EZ Treading,2025-02-14T06:34:32Z,Run,17787.2,4808,4808,0
13624055700,Morning Run,2025-02-14T06:29:29Z,Run,495.2,138,146,4.0
13621444151,Puddles to Ice,2025-02-13T17:49:16Z,Run,21460.2,5571,6184,70.0
13618883821,Lunch break,2025-02-13T13:08:20Z,Run,1916.2,534,539,9.0
13608648262,Threshold Day,2025-02-12T07:37:58Z,Run,25849.3,5932,7264,49.0
13599439619,Morning Run,2025-02-11T09:10:10Z,Run,460.4,132,144,3.0
13599397848,Long EZ Tread,2025-02-11T07:25:08Z,Run,24175.6,6008,6008,0
13598575291,Morning Run,2025-02-11T07:18:28Z,Run,493.8,150,209,6.0
13594407181,Errands Dub,2025-02-10T17:03:21Z,Run,7736.3,2126,2773,22.0
13590090654,Morning Run,2025-02-10T08:05:56Z,Run,492.9,137,166,1.0
13590063984,Locked In,2025-02-10T06:18:34Z,Run,21978.6,6001,6279,0
13589283819,Morning Run,2025-02-10T06:12:41Z,Run,458.3,159,166,5.0
13584801592,Lunch Run,2025-02-09T12:49:57Z,Run,493.7,136,175,2.0
13584754816,Lunch Weight Training,2025-02-09T12:32:38Z,WeightTraining,0.0,857,857,0
13584754175,Recovery Day Treadmill,2025-02-09T11:46:02Z,Run,10061.7,2705,2705,0
13584183428,Lunch Run,2025-02-09T11:40:15Z,Run,484.3,156,190,5.0
13574794944,Snow Tonight -> Cancelled 5k -> Unplanned Long Run,2025-02-08T09:03:36Z,Run,38861.8,9629,11008,299.0
13563897510,Morning Run,2025-02-07T08:03:31Z,Run,515.2,133,161,2.0
13563844126,Treading Softly,2025-02-07T06:32:31Z,Run,19380.1,5270,5299,0
13563167082,Morning Run,2025-02-07T06:26:57Z,Run,486.4,151,174,4.0
13560043779,Evening Run,2025-02-06T18:16:55Z,Run,479.3,127,150,2.0
13560011913,Z2 Dub,2025-02-06T17:33:51Z,Run,10799.5,2416,2416,0
13559720070,Afternoon Run,2025-02-06T17:26:56Z,Run,443.4,148,179,4.0
13555790370,Snow!,2025-02-06T07:52:04Z,Run,14761.8,4059,4292,49.0
13551389155,PM Dub,2025-02-05T17:47:44Z,Run,10236.8,2809,2947,32.0
13546592899,AM EZ,2025-02-05T07:29:31Z,Run,16280.5,4499,4720,42.0
13537305081,Tempo Loop Tuesday,2025-02-04T07:07:36Z,Run,25497.3,6003,7275,52.0
13532591661,PM EZ,2025-02-03T16:55:15Z,Run,20942.0,5598,5984,55.0
13522230585,Afternoon Run,2025-02-02T13:00:33Z,Run,531.6,159,425,1.0
13522122261,Lunch Weight Training,2025-02-02T12:43:20Z,WeightTraining,0.0,627,627,0
13522022156,Treadmill Workout,2025-02-02T11:08:54Z,Run,24473.6,5405,5533,0
13521072287,Morning Run,2025-02-02T10:58:05Z,Run,504.8,142,192,7.0
13511151572,Morning Run,2025-02-01T10:41:37Z,Run,476.7,134,169,0.0
13511052253,Treadmill,2025-02-01T09:17:49Z,Run,18131.1,4501,4501,0
13510098440,Morning Run,2025-02-01T09:02:21Z,Run,485.6,146,179,4.0
13500861939,Friday EZ,2025-01-31T06:47:23Z,Run,16347.3,4445,4727,37.0
13496839039,Grocery Dub,2025-01-30T17:13:53Z,Run,7190.2,2005,2819,14.0
13492476122,Fleece Lined Recovery,2025-01-30T06:55:39Z,Run,18409.3,5130,5369,46.0
13488116583,Gusty Dub,2025-01-29T17:19:43Z,Run,7162.6,1951,2227,38.0
13483854131,Morning Run,2025-01-29T09:00:42Z,Run,430.0,123,123,0.0
13483786202,Morning Weight Training,2025-01-29T08:42:05Z,WeightTraining,0.0,539,539,0
13483648992,Treadmill+Heat Session,2025-01-29T06:58:53Z,Run,21010.2,5514,5867,0
13482808219,Morning Run,2025-01-29T06:44:15Z,Run,467.8,157,184,5.0
13479941724,Afternoon Ride,2025-01-28T16:01:19Z,Ride,8744.1,1683,16484,36.0
13473967768,Longer EZ,2025-01-28T05:57:03Z,Run,22795.1,6098,6676,72.0
13469802279,EZ PM + Strides,2025-01-27T16:44:37Z,Run,15369.5,3695,4528,55.0
13465385998,EZ Morning,2025-01-27T07:21:11Z,Run,10751.6,2954,3174,27.0
13458173786,Cambridge Recovery,2025-01-26T08:28:28Z,Run,13922.4,3713,4014,37.0
13449534785,Monon Long Run,2025-01-25T08:25:23Z,Run,32638.4,7227,8245,90.0
13439836333,Frosty Morning,2025-01-24T07:38:52Z,Run,16577.2,4482,4867,40.0
13435429329,Flurries,2025-01-23T16:35:14Z,Run,9849.9,2605,2983,22.0
13431670497,Monon Recovery,2025-01-23T07:22:54Z,Run,19947.3,5325,6035,49.0
13427272319,Indy-dub-(itably) Chunky,2025-01-22T16:53:03Z,Run,16743.0,4000,4421,168.0
13423153112,Morning Run,2025-01-22T09:08:18Z,Run,556.3,133,151,1.0
13422966114,Morning Sweat Session,2025-01-22T07:31:01Z,Run,16186.1,3852,4350,0
13422967857,Morning Run,2025-01-22T07:18:00Z,Run,473.9,145,177,6.0
13418918865,Shower Thoughts,2025-01-21T17:55:18Z,Run,13616.4,4079,4429,31.0
13406901332,Lunch Run,2025-01-20T12:49:50Z,Run,473.0,150,193,3.0
13406791443,Drenched,2025-01-20T10:50:43Z,Run,24622.0,6013,6588,0
13405847152,Morning Run,2025-01-20T10:42:00Z,Run,499.7,164,213,6.0
13400857322,Aurora,2025-01-19T16:01:03Z,Ride,7969.0,904,904,0
13397718082,Rev up those “perfect texture for running” memes,2025-01-19T08:20:12Z,Run,14627.8,4033,4074,36.0
13388162922,"The Triple Loop, Remastered",2025-01-18T07:41:19Z,Run,32270.3,7175,7266,270.0
13381001812,Lunch Break,2025-01-17T12:44:53Z,Run,9536.8,2436,2564,84.0
13378330995,Recovery,2025-01-17T06:54:47Z,Run,7991.3,2542,2793,57.0
13374357183,Bridle Path Dub,2025-01-16T16:36:22Z,Run,10231.8,2606,2847,88.0
13370180693,Slept Through Alarm,2025-01-16T06:51:34Z,Run,22177.3,5218,5409,219.0
13360898868,EZ Morning,2025-01-15T05:55:18Z,Run,21694.7,5728,6127,195.0
13355556675,Afternoon Walk,2025-01-14T14:04:53Z,Walk,3020.1,2338,2439,37.0
13351862411,Fartlek Tuesday,2025-01-14T06:21:55Z,Run,22352.9,5211,5366,177.0
13342695953,Monday,2025-01-13T06:16:34Z,Run,21161.9,5426,5904,190.0
13339228538,Afternoon Walk,2025-01-12T17:07:37Z,Walk,2699.9,2053,3335,12.0
13336652547,Bonus Miles,2025-01-12T11:33:13Z,Run,7740.8,1915,2001,70.0
13334302002,Not the Main Loop,2025-01-12T07:24:31Z,Run,11335.5,3478,3575,112.0
13327829378,Morning Walk,2025-01-11T10:09:38Z,Walk,8051.6,5979,14200,95.0
13324977629,The Triple Loop,2025-01-11T06:40:03Z,Run,30823.7,7167,7615,282.0
13319656045,Dub,2025-01-10T16:19:15Z,Run,9504.3,2424,2611,86.0
13316027208,New Weekend Home,2025-01-10T07:19:47Z,Run,9580.3,2956,3214,90.0
13307448611,Nice and Snowy,2025-01-09T06:34:16Z,Run,18813.3,4736,5022,77.0
13303030247,Catching up w/ Stubna,2025-01-08T14:57:07Z,Run,16111.1,4172,7662,98.0
13300323700,Warlow,2025-01-08T10:05:00Z,Ride,51173.6,5400,5400,0
13293981397,Sunset Dub,2025-01-07T15:53:04Z,Run,6448.4,1937,2163,38.0
13290646214,Back,2025-01-07T08:34:54Z,Run,19566.2,4939,5439,108.0
13271313899,Flattest Activity of the Trip,2025-01-05T10:09:32Z,Run,11313.5,3528,3930,138.0
13265686091,Ultimate Tenerife Ride,2025-01-04T10:28:29Z,Ride,71335.8,14004,21218,1426.0
13254714414,Camino de Candelaria,2025-01-03T10:24:10Z,Hike,9955.4,9716,10406,830.0
13247349659,Afur - Playa del Tamadite - Taganana,2025-01-02T09:54:57Z,Hike,14624.2,15465,20256,1043.0
13241097543,Afternoon Run,2025-01-01T17:56:22Z,Walk,2931.4,2613,7115,166.0
13240197037,First Run of 2025,2025-01-01T16:55:10Z,Run,5876.7,1504,1851,132.0
13239242854,La Orotava Meander,2025-01-01T13:49:06Z,Walk,3549.7,4361,6161,145.0
13237684953,La Orotava Loop,2025-01-01T10:46:38Z,Ride,24182.3,4226,4502,694.0
13233461893,Teide was a Great Day,2024-12-31T10:20:44Z,Ride,86461.5,19081,26244,2251.0
13224421469,Alto de Guajara,2024-12-30T10:54:39Z,Hike,13941.1,14863,18952,710.0
13218231048,Old Linen Route,2024-12-29T11:37:17Z,Hike,14567.7,16340,22381,1024.0
13210585639,Rocks,2024-12-28T15:42:15Z,Hike,10965.9,7811,8577,328.0
13208134145,10-out-of-10-erife,2024-12-28T11:29:07Z,Ride,32815.8,6019,7045,582.0
13195305160,Tempo w/ Bettina,2024-12-26T11:26:26Z,Run,11695.8,3144,3436,21.0
13193837243,More than a Shakeout,2024-12-26T08:39:48Z,Run,7375.9,1688,1874,15.0
13187558168,Rainy Christmas Morning,2024-12-25T08:02:51Z,Run,10693.1,2802,2939,27.0
13183998855,Dub,2024-12-24T15:32:33Z,Run,7228.3,1771,1792,16.0
13182044818,Longer Towpath 🎅,2024-12-24T08:25:38Z,Run,18713.5,4723,5131,43.0
13177370092,Close Encounters of the Dog Kind,2024-12-23T16:42:35Z,Run,8003.7,2062,2120,23.0
13174787333,Towpath,2024-12-23T08:05:51Z,Run,17863.9,4500,5518,56.0
13171340269,Home for the Holidays,2024-12-22T16:40:29Z,Run,18995.7,4760,5006,127.0
13168251827,Morning Weight Training,2024-12-22T08:25:14Z,WeightTraining,0.0,518,518,0
13168164736,45 min Power Zone Endurance Ride with Denis Morton,2024-12-22T07:36:21Z,Ride,26786.0,2700,2700,0
13167746168,Hotel Treadmill,2024-12-22T07:14:02Z,Run,2188.7,552,552,0
13164257278,Road Trip: Part III,2024-12-21T16:23:52Z,Run,6458.0,1563,2017,16.0
13163365949,Road Trip: Part II,2024-12-21T12:39:17Z,Run,6802.3,1681,2825,37.0
13162195288,Road Trip: Part I,2024-12-21T09:33:27Z,Run,3313.6,858,2557,32.0
13156534505,Last Day in NYC,2024-12-20T11:16:01Z,Run,18478.2,4949,6971,178.0
13149431301,A Tale of Two Parks,2024-12-19T09:50:10Z,Run,14823.2,3656,4460,108.0
13148462596,Prospect Park II,2024-12-19T06:43:18Z,Run,18181.3,4512,5056,154.0
13145073623,Happy Place,2024-12-18T16:18:34Z,Run,11803.1,3641,3871,105.0
13136351018,That Ain’t It,2024-12-17T12:02:39Z,Run,9269.2,2338,3662,33.0
13131157088,Dinner Run,2024-12-16T18:18:37Z,Run,7202.4,1909,2066,14.0
13129245556,Lunch Run,2024-12-16T12:38:43Z,Run,11450.4,3004,3234,24.0
13124461337,Dub w/ Bettina,2024-12-15T17:04:28Z,Run,8615.5,2646,3116,20.0
13122749641,Sunday Brunch,2024-12-15T11:20:20Z,Run,11490.0,3020,3119,32.0
13116905571,Grassy Ridge,2024-12-14T16:57:09Z,Ride,33394.4,3600,3600,0
13115125579,Numb Hands,2024-12-14T09:33:01Z,Run,29045.7,7018,8140,63.0
13108596683,Friday Lunch Run,2024-12-13T12:04:32Z,Run,15757.3,4330,4575,42.0
13103917869,Jordan,2024-12-12T19:20:27Z,Ride,12549.3,1411,1411,0
13099937589,Recovery w/ Ewan,2024-12-12T07:02:07Z,Run,19340.8,5401,5660,50.0
13092873635,An Actual Fartlek,2024-12-11T07:13:19Z,Run,16131.0,3741,3973,35.0
13085755020,Watertown w/ Adamson,2024-12-10T06:57:43Z,Run,19400.2,5228,5608,61.0
13082438446,Penley,2024-12-09T18:00:34Z,Ride,33550.7,3600,3600,0
13081447050,Afternoon Ride,2024-12-09T13:15:16Z,Ride,3847.1,731,9346,21.0
13078924694,Monday,2024-12-09T07:36:18Z,Run,19343.4,5079,5562,43.0
13074807597,Harvard Econ 5k,2024-12-08T13:19:41Z,Run,8236.8,2506,5388,34.0
13073528289,Cooldown,2024-12-08T10:40:34Z,Run,7418.3,1855,2007,16.0
13073083592,Morning Run,2024-12-08T10:01:13Z,Run,1327.0,427,498,4.0
13073083346,Cambridge Winter Classic 5k,2024-12-08T09:30:01Z,Run,5033.5,950,950,16.0
13073082827,Warmup + Strides,2024-12-08T08:40:48Z,Run,5199.4,1332,2498,16.0
13066801891,EZ + Light Strides,2024-12-07T11:22:49Z,Run,8988.7,2281,2471,27.0
13061741293,Dubloon,2024-12-06T17:25:26Z,Run,7417.4,1964,2461,29.0
13058979052,"It’s not a cookie, it’s a performance pastry",2024-12-06T08:04:14Z,Run,10475.3,3131,3392,52.0
13055613821,Recovery w/ Chase,2024-12-05T17:55:52Z,Run,12385.3,3504,3788,38.0
13055111503,Lunch Ride,2024-12-05T11:13:12Z,Ride,8162.8,1656,21847,42.0
13051819673,Morning Shakeout,2024-12-05T07:22:03Z,Run,4911.4,1280,1287,21.0
13049337169,Morning Ride,2024-12-04T07:56:15Z,Ride,11931.1,2130,45536,58.0
13044579902,Little Sunrise Workout,2024-12-04T06:12:49Z,Run,13593.2,3335,3804,29.0
13037394580,Wacky Route Tuesdays,2024-12-03T06:53:38Z,Run,16260.7,4380,4929,41.0
13032867602,Lunch Ride,2024-12-02T12:17:15Z,Ride,3856.2,803,11417,24.0
13030282685,Mondays,2024-12-02T07:19:18Z,Run,19344.6,5297,5588,43.0
13024627480,Mitten Mode,2024-12-01T08:53:05Z,Run,24450.7,5817,7163,69.0
13018439114,Afternoon Walk,2024-11-30T14:14:42Z,Walk,3504.7,2688,3609,21.0
13016718664,Spongecake Fueled,2024-11-30T08:28:50Z,Run,21455.7,5578,7240,85.0
13009597209,Morning Walk,2024-11-29T09:23:41Z,Walk,2145.3,1434,5593,23.0
13009007652,Dogspotting,2024-11-29T07:40:51Z,Run,17815.3,5372,5790,115.0
13005979551,Afternoon Walk,2024-11-28T15:55:41Z,Walk,3492.6,2884,3117,25.0
13005094777,Afternoon Walk,2024-11-28T13:50:30Z,Walk,6471.8,5110,6088,73.0
13002264828,Rainy Prospect Park,2024-11-28T07:40:27Z,Run,22774.7,5708,7069,166.0
12996833780,East River Track,2024-11-27T12:08:46Z,Run,14314.5,4618,5739,36.0
12987499841,No Tempo Loop Today,2024-11-26T07:35:50Z,Run,23162.8,5811,6568,42.0
12982968338,Lunch Ride,2024-11-25T12:40:25Z,Ride,3861.9,763,14758,22.0
12979551122,Two Day Week,2024-11-25T07:02:46Z,Run,15118.8,4089,4372,50.0
12974567077,Feel Good Long Runs are So Back,2024-11-24T09:36:02Z,Run,32234.4,7429,8722,284.0
12966687892,Tempo!,2024-11-23T11:06:36Z,Run,16406.4,3542,3734,39.0
12960975462,Lunch Ride,2024-11-22T11:44:44Z,Ride,3845.4,837,21276,25.0
12958290493,The Greatest Autumn of All Time,2024-11-22T07:33:47Z,Run,17270.1,4578,5348,45.0
12954672032,Gora,2024-11-21T16:43:06Z,Ride,32401.7,3600,3600,0
12951903844,Morning Ride,2024-11-21T07:55:37Z,Ride,3916.3,788,7846,21.0
12950824660,Recovery,2024-11-21T06:13:20Z,Run,12050.2,3276,3473,47.0
12948190647,Brecherspitz,2024-11-20T19:11:44Z,Ride,8220.0,904,904,0
12947934014,Afternoon Ride,2024-11-20T16:58:38Z,Ride,5472.8,1113,5359,28.0
12946131168,Vo2max Session,2024-11-20T11:59:29Z,Run,22560.2,5289,6143,53.0
12944439670,Morning Ride,2024-11-20T08:39:39Z,Ride,7528.0,1519,3747,50.0
12940301792,Common Loops,2024-11-19T17:47:07Z,Run,5488.7,1722,1998,14.0
12936221394,EZ,2024-11-19T06:52:25Z,Run,15509.1,4179,4464,29.0
12932497153,W/ Stubna,2024-11-18T16:22:42Z,Run,13888.8,3788,4434,29.0
12928897513,EZ Morning,2024-11-18T07:53:10Z,Run,6698.8,1720,1916,19.0
19970626785,Lunch Ride,2024-11-17T11:18:44Z,Ride,76792.1,12222,13983,663.0
12923750428,The Feel-Good Long Run,2024-11-17T10:07:22Z,Run,27379.2,6185,6774,91.0
12915955971,Fresh Pond w/ Bettina,2024-11-16T12:05:13Z,Run,11051.9,3318,3483,59.0
12909641386,Coy,2024-11-15T17:28:22Z,Ride,30256.1,3299,3299,0
12906207642,Touching Speed Again,2024-11-15T07:32:38Z,Run,13175.2,3559,4139,39.0
12902778607,Homers Nose -1,2024-11-14T17:38:29Z,Ride,32436.6,3600,3600,0
12899013490,Groceries,2024-11-14T07:12:38Z,Run,13860.8,3513,3850,49.0
12895793671,Tis the Season 🎄❄️🚴💦,2024-11-13T19:06:23Z,Ride,32950.5,3600,3600,0
12895433340,Afternoon Ride,2024-11-13T16:06:30Z,Ride,8253.6,1554,9667,36.0
12891232874,The Little Things,2024-11-13T07:07:48Z,Run,15724.8,3986,4296,53.0
12887965498,Evening Ride,2024-11-12T18:09:52Z,Ride,1735.8,376,376,0.0
12883063293,Recovered,2024-11-12T06:39:17Z,Run,14719.8,3831,4348,52.0
12878995688,Little Buhrick,2024-11-11T16:33:42Z,Run,3605.3,1134,1311,11.0
12878822504,Autumnally Autumnal,2024-11-11T14:03:35Z,Ride,46975.8,6929,7704,543.0
12875988228,Morning Ride,2024-11-11T07:53:11Z,Ride,3926.4,744,7133,24.0
12867735436,Rainy Recovery,2024-11-10T07:31:28Z,Run,6448.5,1982,2134,17.0
12860950549,Morning Run,2024-11-09T10:42:54Z,Run,135.5,54,84,0.0
12860951380,Indy Monumental Marathon,2024-11-09T08:00:53Z,Run,42422.5,9143,9143,133.0
12860948036,Warmup + Light Strides,2024-11-09T07:04:48Z,Run,1756.4,617,2242,3.0
12851808174,Shaking Out,2024-11-08T07:48:47Z,Run,5291.2,1405,1508,110.0
12844140972,Carbed Up,2024-11-07T07:00:04Z,Run,7041.4,2037,2403,18.0
12840980975,Afternoon Ride,2024-11-06T15:20:23Z,Ride,8326.4,1684,13068,24.0
12836562226,Staying Sharp,2024-11-06T07:21:07Z,Run,10728.3,2674,3057,32.0
12828472193,Layered Up,2024-11-05T06:58:42Z,Run,12884.7,3500,3716,36.0
12824003949,Afternoon Ride,2024-11-04T13:19:17Z,Ride,3480.7,753,12037,20.0
12820401239,Tuneup,2024-11-04T06:48:23Z,Run,15398.0,3798,4306,32.0
12814935047,With Chase,2024-11-03T10:18:33Z,Run,12320.3,3421,3541,40.0
12813659693,Cambridge Half Spectating,2024-11-03T05:52:33Z,Ride,20477.3,7367,12456,72.0
12805347534,Shakeout w/ Bettina,2024-11-02T09:51:00Z,Run,5279.3,1618,1842,19.0
12799692502,Lunch Ride,2024-11-01T11:51:49Z,Ride,3868.4,746,18764,28.0
12797035111,Breakfast,2024-11-01T07:50:19Z,Run,24458.8,5895,7307,55.0
12792457366,Morning Ride,2024-10-31T07:56:55Z,Ride,3905.2,745,33916,15.0
12788407203,Easy,2024-10-31T06:18:23Z,Run,13188.0,3475,3719,39.0
12780912555,Recovery,2024-10-30T06:45:55Z,Run,16317.0,4479,5125,33.0
12777161895,EZ Dub,2024-10-29T17:53:44Z,Run,7196.8,1903,2245,21.0
12772909542,Threshold Day,2024-10-29T07:02:03Z,Run,24767.4,5727,6650,50.0
12768147422,Lunch Ride,2024-10-28T12:34:03Z,Ride,3915.2,794,14648,21.0
12764395774,Getting Chilly,2024-10-28T06:26:23Z,Run,17355.5,4842,5247,43.0
19970624526,Afternoon Ride,2024-10-27T14:38:10Z,Ride,59049.5,9680,10457,495.0
12760423432,Playoffs,2024-10-27T13:08:30Z,Run,14594.8,3822,4229,49.0
12749782582,Last Big One,2024-10-26T08:45:42Z,Run,32254.8,7464,8195,96.0
12743971917,Morning Ride,2024-10-25T07:57:34Z,Ride,3924.8,783,33901,18.0
12740323671,Science Based Training,2024-10-25T06:19:39Z,Run,12307.5,3336,3397,38.0
12737763382,"French Narrator: Ah, Tempo Loop",2024-10-24T19:00:27Z,Run,11264.9,3292,3619,33.0
12733079547,So Autumnal,2024-10-24T06:54:57Z,Run,15715.2,4325,4687,40.0
12729919550,Hungry,2024-10-23T19:21:13Z,Run,6307.1,2093,2446,28.0
12729559530,Morning Ride,2024-10-23T08:21:25Z,Ride,9368.5,2143,38406,54.0
12724695911,EZ Wednesday,2024-10-23T06:27:08Z,Run,15772.9,4246,4653,46.0
12721103127,Sunset Session,2024-10-22T17:51:54Z,Run,12214.7,2724,3050,34.0
12719613293,Lunch Ride,2024-10-22T12:22:25Z,Ride,4275.4,839,6681,13.0
12716556508,Threshold Day,2024-10-22T06:59:11Z,Run,23536.4,5779,6204,34.0
12711751582,Re,2024-10-21T12:56:57Z,Ride,3868.3,772,12773,23.0
12708122524,Monday,2024-10-21T06:47:31Z,Run,17382.9,4772,5361,45.0
12702505724,Lunch Run,2024-10-20T11:12:45Z,Run,691.6,201,248,4.0
12701981607,Peak Autumnal Bettina,2024-10-20T09:00:23Z,Run,18673.8,5120,6302,32.0
12695900342,HOCR Spectating,2024-10-19T13:10:23Z,Ride,18756.5,4367,14130,82.0
12693178677,New and Improved Tempo Loop,2024-10-19T07:44:40Z,Run,37201.4,8257,9793,30.0
12687576697,Afternoon Ride,2024-10-18T14:54:07Z,Ride,3893.0,855,6329,19.0
12684561636,The Optimal 10.5 mile loop,2024-10-18T06:55:37Z,Run,16941.8,4619,5788,34.0
12680948981,Sunset Dub,2024-10-17T17:34:34Z,Run,10023.2,2499,2840,28.0
12676772045,Good Morning,2024-10-17T06:27:52Z,Run,19804.7,5174,5615,55.0
12673266494,Pacing Bettina,2024-10-16T17:20:53Z,Run,14555.8,4307,4814,21.0
12670708530,Morning Ride,2024-10-16T07:55:47Z,Ride,3935.8,695,16407,27.0
12668443674,Threshold Day,2024-10-16T06:10:38Z,Run,16812.3,3791,4100,39.0
12664900114,Dub,2024-10-15T17:22:20Z,Run,9128.2,2456,2702,22.0
12660725652,Ideal Autumnal Morning,2024-10-15T06:57:05Z,Run,19341.8,5346,6084,75.0
12656785139,EZ Monday,2024-10-14T17:22:18Z,Run,10170.3,2788,3216,27.0
12649807765,Post Flight Shakeout,2024-10-13T19:09:39Z,Run,3246.2,1128,1252,20.0
12645370025,Treadmill Shakeout,2024-10-13T05:34:11Z,Run,3736.8,901,901,0
12640917397,In Appreciation of Quaking Aspens,2024-10-12T12:30:39Z,Run,12764.2,7211,8150,568.0
12635048059,R2R2R,2024-10-11T04:49:29Z,Run,89088.8,73672,73681,3520.0
12623803166,Treadmill Shakeout,2024-10-10T10:38:28Z,Run,9695.9,2380,3194,0
12617503710,Morning Ride,2024-10-09T09:52:37Z,Ride,9255.0,1827,32393,38.0
12613585386,Threshold Wednesday,2024-10-09T06:50:42Z,Run,28101.5,6812,7724,37.0
12609147421,Dub,2024-10-08T17:03:27Z,Run,7217.9,1930,2230,18.0
12605087646,Crisp,2024-10-08T06:59:58Z,Run,18769.3,4962,5469,40.0
12601266309,Heat Training Sesh,2024-10-07T17:56:32Z,Run,9303.8,3109,3211,25.0
12596880007,Long Recovery,2024-10-07T06:34:08Z,Run,18828.0,5179,5422,42.0
12591432546,Extended “Cooldown”,2024-10-06T10:00:41Z,Run,20085.9,4557,6263,45.0
12590481763,Cambridge Fall Classic 5k,2024-10-06T09:30:02Z,Run,5035.5,953,953,11.0
12590476871,5k Warmup,2024-10-06T08:38:42Z,Run,5054.6,1318,2538,15.0
12580452719,5k Tomorrow,2024-10-05T08:08:30Z,Run,14546.4,3873,4406,33.0
12575687552,Locked In,2024-10-04T18:08:29Z,Run,9006.1,2391,2772,19.0
12575232282,Morning Ride,2024-10-04T07:53:17Z,Ride,3935.8,755,34069,14.0
12571419242,Autumnal Sunrise,2024-10-04T06:11:30Z,Run,13252.2,3364,3663,35.0
12568431463,Easy Days (mostly) Easy,2024-10-03T17:56:22Z,Run,11336.7,2674,3096,25.0
12564223023,Chilling,2024-10-03T07:25:27Z,Run,15529.4,4244,4503,25.0
12560517592,Pacing Duties,2024-10-02T17:57:36Z,Run,13158.2,4163,4823,29.0
12556246049,Workout Wednesday,2024-10-02T07:24:13Z,Run,19339.3,4760,5621,40.0
12551925432,Moving the Legs + Groceries,2024-10-01T17:32:08Z,Run,7707.2,1981,2567,25.0
12547578108,Another EZ Day,2024-10-01T07:08:23Z,Run,14758.8,3888,4164,41.0
12543704636,EZ PM w/ Bettina,2024-09-30T17:50:24Z,Run,10500.6,3255,3751,28.0
12542700729,Lunch Ride,2024-09-30T12:40:02Z,Ride,3946.6,801,11773,19.0
12539541445,EZ Monday,2024-09-30T07:04:03Z,Run,17963.1,4912,5595,48.0
12535963916,Recovery Vert,2024-09-29T16:22:28Z,Run,5957.9,2392,2654,234.0
12532848648,Little Recovery Ride,2024-09-29T08:17:14Z,Ride,23917.5,3847,4920,114.0
12527293391,Long Run Part II: Redemption,2024-09-28T17:13:39Z,Run,17665.6,3917,4283,39.0
12524082968,Long Run Part I: Abridged Edition,2024-09-28T08:17:59Z,Run,24568.8,5786,6807,62.0
12519065988,Commute + Bettina's Run,2024-09-27T07:49:16Z,Ride,15718.4,4501,40148,48.0
12514932549,Sunrise Run,2024-09-27T06:09:19Z,Run,12307.8,3275,3455,35.0
12512012784,Mind Over Motor,2024-09-26T18:03:37Z,Run,9015.4,2390,2851,17.0
12511552478,Lunch Ride,2024-09-26T11:10:07Z,Ride,8711.8,1791,22105,37.0
12508093643,Mostly EZ + 5x800m,2024-09-26T06:49:59Z,Run,19917.7,5273,5972,33.0
12504399391,Afternoon Ride,2024-09-25T16:59:23Z,Ride,4865.4,959,5856,16.0
12500086195,EZ Wednesday,2024-09-25T06:50:10Z,Run,17936.8,4926,5455,51.0
12496343010,Dub,2024-09-24T17:58:07Z,Run,9644.2,2367,2929,35.0
12492004060,"Tempo Tuesday: 2x400m, 4mi, 4x400m",2024-09-24T07:28:25Z,Run,25786.2,6371,7375,51.0
12487497403,EZ Dub w/ Bettina,2024-09-23T18:04:29Z,Run,8267.5,2587,2859,24.0
12486521352,Lunch Ride,2024-09-23T12:40:20Z,Ride,3947.1,795,11685,21.0
12483141090,Long Sleeves,2024-09-23T07:03:24Z,Run,16422.7,4435,4684,44.0
12475374063,Recovery,2024-09-22T07:05:58Z,Run,15371.7,4253,5015,41.0
12467369315,Splish Splash,2024-09-21T07:48:31Z,Run,35618.3,8132,9077,85.0
12458147752,Vitamin D Supplementation Season!,2024-09-20T06:52:53Z,Run,18063.6,4879,5728,63.0
12454355043,Little Double,2024-09-19T18:02:20Z,Run,5857.2,1501,1661,16.0
12453965966,Afternoon Ride,2024-09-19T15:51:42Z,Ride,3873.4,720,5127,18.0
12449917238,AM Stadiums,2024-09-19T06:44:21Z,Run,13385.2,5724,5957,451.0
12446058649,50bp Drop or Pop Tarts,2024-09-18T18:09:44Z,Run,12273.8,3055,3169,35.0
12441470233,"Some Tempo, Some Speed",2024-09-18T07:01:01Z,Run,24170.4,6407,7331,57.0
12437324026,EZ PM,2024-09-17T17:58:39Z,Run,14734.7,4073,4881,31.0
12433968183,Morning Ride,2024-09-17T10:57:23Z,Ride,3928.8,915,3838,16.0
12428361847,W/ Chase,2024-09-16T17:42:58Z,Run,13241.3,3799,4775,32.0
12428358951,Lunch Ride,2024-09-16T12:46:10Z,Ride,3944.9,840,7496,23.0
12423567966,EZ AM,2024-09-16T07:02:23Z,Run,9013.0,2539,2758,18.0
12416576405,Pemi Recovery,2024-09-15T08:32:32Z,Run,12365.9,3365,3903,29.0
12411511071,The Pemi Loop,2024-09-14T07:33:36Z,Run,49245.8,39427,39855,2915.0
12399332789,PSYCH,2024-09-13T07:33:55Z,Run,15530.2,4109,4346,29.0
12395829737,Recovery Day,2024-09-12T18:42:07Z,Run,10095.3,2712,2922,25.0
12394973625,Morning Ride,2024-09-12T07:11:02Z,Ride,7815.9,1403,2659,37.0
12387354188,Double,2024-09-11T17:20:18Z,Run,10339.1,2718,3160,23.0
12383729960,Wempo Wednesday,2024-09-11T07:45:32Z,Run,24936.3,6060,8326,37.0
12379240128,Suboptimal Fueling,2024-09-10T18:06:27Z,Run,15366.8,4174,4675,42.0
12378561461,Afternoon Ride,2024-09-10T15:41:40Z,Ride,4870.8,966,6904,14.0
12370466972,Sunset Run,2024-09-09T18:51:49Z,Run,10516.3,3257,3478,28.0
12365745054,Recovery Miles,2024-09-09T07:07:28Z,Run,16591.0,4529,4833,36.0
12362503865,💯💯,2024-09-08T16:43:16Z,Run,9284.0,6766,7429,1120.0
19970624377,Afternoon Ride,2024-09-08T15:00:25Z,Ride,4063.4,703,982,15.0
12359026954,"""Running"" Errands",2024-09-08T09:33:49Z,Run,3050.2,820,3202,13.0
12357912708,Cheering + Send Off,2024-09-08T06:55:26Z,Run,14953.3,3773,5529,32.0
12350167418,Morning Run,2024-09-07T10:48:35Z,Run,417.6,106,106,1.0
12350166803,Back to Newton Hills,2024-09-07T08:17:52Z,Run,32877.5,7584,8984,238.0
12340442865,Chill Morning,2024-09-06T07:00:46Z,Run,15282.8,4461,5018,46.0
12336658761,dub,2024-09-05T18:07:01Z,Run,7181.5,1907,2172,19.0
12336284568,Lunch Ride,2024-09-05T11:15:48Z,Ride,3858.0,730,22602,19.0
12332581541,Fun Morning,2024-09-05T07:12:55Z,Run,25108.0,6304,7361,31.0
12323437791,EZ Day,2024-09-04T06:37:16Z,Run,18821.4,5072,5518,51.0
12319557110,PM Session: 7mi@MP,2024-09-03T18:01:40Z,Run,15942.6,3572,4053,27.0
12314399730,Stadiums w/ Adamson,2024-09-03T06:22:37Z,Run,13870.8,6481,7019,592.0
12310463942,Post Drive Recovery,2024-09-02T18:03:36Z,Run,8975.4,2443,2599,22.0
12306413106,Little Hike w/ Bettina and Elisabeth,2024-09-02T08:42:26Z,Hike,5519.6,5806,6943,337.0
19970624470,Morning Ride,2024-09-01T09:46:17Z,Ride,37523.0,5963,6747,446.0
12298428637,100% Humidity and 100% Hills,2024-09-01T07:19:13Z,Run,29110.2,7423,8368,555.0
12293087094,Evening Walk,2024-08-31T18:00:39Z,Walk,942.4,867,920,5.0
12291560182,Occom Pond,2024-08-31T12:05:21Z,Run,14442.9,4019,4570,274.0
12280684065,Morning w/ Leo,2024-08-30T06:57:36Z,Run,18334.4,4951,5384,41.0
12276722552,PM Session: 3mi Tempo,2024-08-29T17:16:50Z,Run,12214.0,2895,3203,36.0
12273030511,"""Nice Speed""",2024-08-29T07:52:17Z,Run,23225.9,5955,7073,46.0
12268675257,MIT -> Sweetgreen -> Sunset,2024-08-28T16:31:21Z,Ride,9692.0,2173,11121,35.0
12264156984,EZ + Tail End of Bettina's Workout,2024-08-28T08:03:45Z,Run,14800.2,4038,4584,40.0
12259930189,Evening Pedal,2024-08-27T17:32:50Z,Ride,10799.0,2444,7898,32.0
12254986156,Stadium Steps + Long Cooldown,2024-08-27T07:11:32Z,Run,15857.5,6379,6724,430.0
12251218231,Evening Run,2024-08-26T20:15:22Z,Run,698.4,229,229,6.0
12250918878,EZ PM w/ Bettina,2024-08-26T18:08:05Z,Run,10900.6,3461,3965,25.0
12250918770,Morning Ride,2024-08-26T09:20:08Z,Ride,3942.1,871,29908,22.0
12246199546,Fighter of the Nightman,2024-08-26T07:49:23Z,Run,12242.6,3106,3210,30.0
12243056346,Post Flight Recovery,2024-08-25T19:52:24Z,Run,12208.9,3376,3573,31.0
12234913581,Warmup and Cooldown,2024-08-25T00:19:41Z,Run,8046.7,2400,2400,0
12229267255,HTC Leg 28/36 (My Leg 3/3),2024-08-24T02:57:28Z,Run,6056.7,1252,1252,91.0
12226523209,HTC Leg 16/36 (My Leg 2/3),2024-08-23T21:11:38Z,Run,6341.4,1251,1251,21.0
12225326885,Afternoon Run,2024-08-23T15:42:11Z,Run,1064.0,361,1064,3.0
12225209081,HTC Leg 4/36 (My Leg 1/3),2024-08-23T14:44:38Z,Run,11707.0,2303,2303,3.0
12222947370,Shakeout,2024-08-23T08:47:34Z,Run,3378.5,986,1014,50.0
12216960246,Morning Ride,2024-08-22T08:51:40Z,Ride,3912.4,850,28680,24.0
12212837445,Pre Meet,2024-08-22T07:17:01Z,Run,7153.3,1963,2291,16.0
12205270237,Groceries,2024-08-21T08:46:55Z,Run,14548.0,3943,4057,49.0
12200136298,Pizza Pickup,2024-08-20T18:10:21Z,Run,6403.1,1472,1767,13.0
12197195096,Lunch Break,2024-08-20T11:48:29Z,Run,6711.5,1732,1917,20.0
12188754969,Lunch Break,2024-08-19T12:42:46Z,Run,4237.3,1158,1259,23.0
12180041098,Falmouth RR Cheering,2024-08-18T08:53:47Z,Ride,11273.1,2686,6569,25.0
12178665388,This is Just a Tribute,2024-08-18T07:16:02Z,Run,12581.6,3391,3567,36.0
12166096662,V1 Sprout Route w/ Bettina,2024-08-16T18:54:44Z,Run,6858.7,2158,2212,26.0
12161893383,Witnessed: Outcome of a Storrowing,2024-08-16T07:31:25Z,Run,8912.5,2587,2763,18.0
12158071634,Afternoon Ride,2024-08-15T15:28:55Z,Ride,5893.9,1281,12180,21.0
12153634501,Recovery,2024-08-15T07:21:17Z,Run,16959.4,4648,5048,42.0
12149484299,Ketones or Sozin's Comet?,2024-08-14T18:10:13Z,Run,12524.6,2879,3376,30.0
12145408181,AM Session,2024-08-14T07:42:38Z,Run,19026.5,4697,5087,41.0
12140747762,Easy,2024-08-13T17:03:32Z,Run,15543.1,4134,4797,26.0
12132223309,Afternoon Ride,2024-08-12T17:28:34Z,Ride,10883.5,2299,8012,37.0
12129781174,Rare Monday Lunch Run,2024-08-12T12:14:43Z,Run,16548.3,4477,5117,49.0
19970624539,Morning Ride,2024-08-11T08:36:50Z,Ride,59309.5,9806,10664,482.0
12120832889,Highest Ever Weekly Mileage (87 miles),2024-08-11T08:27:29Z,Run,29566.4,7531,9072,70.0
12111219324,"Overheard: ""Top 4 darkest runs of my life""",2024-08-10T07:53:01Z,Run,18729.4,5031,5663,40.0
12106552542,Too Sweaty for Chipotle,2024-08-09T17:11:44Z,Run,17972.9,4804,6450,103.0
12094614639,Recovery,2024-08-08T07:22:54Z,Run,14745.3,3929,4226,44.0
12090800196,"Gut Training, Primarily",2024-08-07T17:48:52Z,Run,22549.6,5183,6929,53.0
12076515083,Driest Shoes in a Week,2024-08-06T06:49:48Z,Run,14763.2,3925,4092,47.0
12072419899,Record Volatility,2024-08-05T18:00:43Z,Run,7160.9,1873,2005,15.0
12067792608,Morning EZ,2024-08-05T07:03:41Z,Run,14688.3,3918,4195,40.0
12060170441,Sunday EZ,2024-08-04T07:55:26Z,Run,12583.1,3447,3525,38.0
12051620155,Not a Slog!,2024-08-03T07:18:57Z,Run,18813.0,5219,6008,51.0
12043471495,Recovery Miles,2024-08-02T07:30:37Z,Run,14712.5,4109,4881,36.0
12039411319,Evening Miles,2024-08-01T17:49:46Z,Run,11308.8,2555,2974,29.0
12035492976,Morning Miles,2024-08-01T07:15:28Z,Run,20966.3,5627,6335,47.0
12026665645,PVD Day 2,2024-07-31T06:35:53Z,Run,16444.3,4311,5150,130.0
12022369684,Morning Walk,2024-07-30T09:03:10Z,Walk,3506.5,2615,30323,60.0
12018132991,Exploring PVD w/ Adamson,2024-07-30T06:42:47Z,Run,16975.5,4785,5770,168.0
12009732906,Typical Route,2024-07-29T07:17:36Z,Run,16986.0,4477,4963,43.0
12006082225,Perfect Rice Cooker Run,2024-07-28T17:34:27Z,Run,7122.5,1653,1870,16.0
12003742802,Cafe Ride w/ Bettina,2024-07-28T07:56:15Z,Ride,83809.6,12468,14735,699.0
19970624574,Morning Ride,2024-07-28T07:56:00Z,Ride,83405.7,12388,14756,696.0
11997473420,Back Running,2024-07-27T17:28:00Z,Run,10495.6,3342,3727,38.0
11994678094,New Gravel Bike,2024-07-27T07:28:23Z,Ride,89710.5,10731,12761,790.0
11987051694,Lunch Run,2024-07-26T12:22:41Z,Run,245.1,77,77,1.0
11985338887,Huge Relief,2024-07-26T06:50:13Z,Ride,49069.8,5593,6001,246.0
11978825633,Axis,2024-07-25T11:28:48Z,Ride,23221.5,2529,2529,0
11977446399,Morning Walk,2024-07-25T08:31:19Z,Walk,3686.4,2118,2164,27.0
11960070486,Flew Too Close to the Sun,2024-07-23T07:36:59Z,Run,16476.0,4396,5238,38.0
11951015266,EZ w/ Adamson,2024-07-22T06:57:03Z,Run,13255.8,3631,3839,43.0
19970624580,Morning Ride,2024-07-21T07:35:11Z,Ride,103490.0,15381,17675,945.0
11945611833,HGS w/ Bettina,2024-07-21T07:35:03Z,Ride,103801.0,15439,17673,951.0
11936223887,New Gu Flavor Just Dropped: Lemon Cream Pie,2024-07-20T08:28:20Z,Run,28664.8,7376,8609,75.0
11927229819,Very Much an Intentional Route,2024-07-19T07:20:54Z,Run,19911.3,5215,6085,49.0
11926088837,Evening Ride,2024-07-18T18:20:44Z,Ride,2098.4,465,595,3.0
11919020739,Recovery,2024-07-18T08:04:49Z,Run,14744.5,3851,4109,39.0
11915420153,Tracksmith Speed Workout,2024-07-17T18:04:32Z,Run,14825.8,4299,7596,27.0
11901864516,Adapting to the Heat,2024-07-16T08:11:48Z,Run,14770.4,3930,4636,47.0
11897390016,It's Symbiotic,2024-07-15T18:01:26Z,Run,8968.3,2133,2486,23.0
11893372092,Monday,2024-07-15T07:44:10Z,Run,11590.0,3064,3694,36.0
11887411159,Celebrating Bastille Day,2024-07-14T07:26:42Z,Ride,75851.0,11720,14501,512.0
11878336744,New Weight Class,2024-07-13T09:05:01Z,Run,16288.3,4145,4629,32.0
11873242686,Well Timed Rain,2024-07-12T17:46:00Z,Run,14685.9,3837,4522,36.0
11866293203,Hello Strides,2024-07-11T18:34:04Z,Run,12538.4,3300,3552,43.0
11853823428,Recovering,2024-07-10T07:55:31Z,Run,8969.7,2392,2665,19.0
11845684367,Kinvara Capital,2024-07-09T08:34:20Z,Run,4265.1,1137,1276,23.0
11830065241,Bad: Positive COVID Test. Good: Pancakes,2024-07-07T08:55:38Z,Run,8513.6,2185,2273,31.0
11822371795,EZ LR w/ Chase,2024-07-06T08:29:04Z,Run,23861.3,6291,6762,63.0
11815546313,Two Delightful Contradictions,2024-07-05T11:06:46Z,Run,16613.1,4365,4683,40.0
11806784874,July 4 🇺🇸,2024-07-04T08:57:56Z,Run,17307.5,4435,4751,44.0
11798241768,Maybe Boston Drivers Are the Worst?,2024-07-03T07:48:18Z,Run,17000.8,4393,4823,41.0
11794522728,5x1200m + 2x200m w/ Chase,2024-07-02T18:12:39Z,Run,17715.0,4727,6189,40.0
11785640184,Big Day for Rainbows,2024-07-01T17:19:23Z,Run,12129.9,3110,3323,34.0
11774954783,Pre Wedding #2,2024-06-30T08:32:15Z,Run,8996.3,2156,2375,25.0
11768095502,Post Wedding #1,2024-06-29T07:38:15Z,Run,5162.6,1661,1769,40.0
11761094826,Wilder Ranch,2024-06-28T08:21:33Z,Run,19812.4,5443,6600,283.0
11756579734,Santa Cruz,2024-06-27T17:55:08Z,Run,12986.1,3285,3710,49.0
11755606449,Big Sur,2024-06-27T12:09:11Z,Hike,13325.9,10571,11108,516.0
11748462804,Dipsea + Matt Davis Trails,2024-06-26T10:01:31Z,Hike,26032.5,21813,26629,1205.0
11735691957,Track Tuesday: 4x800m + 4x200m,2024-06-25T07:41:24Z,Run,18580.2,4849,5575,40.0
11731631010,Thankful for Clouds,2024-06-24T18:07:50Z,Run,16330.8,4162,4749,32.0
11730547811,Afternoon Ride,2024-06-24T14:50:11Z,Ride,4568.9,1004,4165,32.0
11721675753,2M2H2C,2024-06-23T10:46:50Z,Run,17018.3,4292,4820,47.0
11713774987,Back to It,2024-06-22T11:47:29Z,Run,13816.6,3495,4061,31.0
11705353005,Crown Hill Cemetary,2024-06-21T09:17:09Z,Run,20149.6,5415,6957,73.0
11700382360,Yep that's a hot one,2024-06-20T15:53:20Z,Ride,33257.8,3739,3861,182.0
11697058629,Broadripple is (in fact) Burning,2024-06-20T08:09:18Z,Run,10044.9,2486,2636,20.0
11693155004,Evening Run,2024-06-19T18:14:11Z,Run,1580.4,399,399,1.0
11693113921,Afternoon Run,2024-06-19T17:21:58Z,Run,2061.3,747,1077,4.0
11675496093,Day 8: Quetico to Beaverhouse,2024-06-17T07:49:44Z,Canoeing,12694.2,8913,10091,27.0
11675494737,Day 7: Layover Day,2024-06-16T14:07:36Z,Walk,1926.7,2150,9586,31.0
11675493429,Day 6: Your to Quetico,2024-06-15T12:08:51Z,Canoeing,22100.3,17982,23980,136.0
11675486601,Day 5: Sturgeon to Your,2024-06-14T07:56:57Z,Canoeing,30174.5,26906,34845,172.0
11675478899,Day 4: Wind Induced Layover Day,2024-06-13T12:45:59Z,Walk,2870.1,2608,6269,3.0
11675476963,Day 3: Burntside to Sturgeon,2024-06-12T10:48:34Z,Canoeing,14835.2,11641,16754,42.0
11675471606,Day 2: Quetico to Burntside,2024-06-11T11:04:51Z,Canoeing,24684.8,20080,25754,103.0
11675373178,Afternoon Swim,2024-06-10T17:43:49Z,Swim,40.8,292,292,0.0
11675373023,Day 1: Beaverhouse to Quetico,2024-06-10T11:09:34Z,Canoeing,20657.9,16252,22061,31.0
11604337914,Business Park Cycling 🤌,2024-06-08T10:01:28Z,Ride,31067.4,3443,3489,159.0
11603213991,Last run for a minute,2024-06-08T07:36:07Z,Run,18245.1,4613,4757,37.0
11598126116,Land of Blessed Roundabouts,2024-06-07T14:47:13Z,Ride,30252.7,3397,3415,203.0
11597354948,Lunch Ride w/ Mom,2024-06-07T11:04:23Z,Ride,23803.9,5814,9124,86.0
11595786882,Two Important Lessons,2024-06-07T07:34:30Z,Run,29052.8,7110,8182,60.0
11591566911,Post Flight Shakeout,2024-06-06T17:59:49Z,Run,4456.9,1190,1194,7.0
11587533497,Embracing Humidity,2024-06-06T07:15:47Z,Run,16120.6,4327,5020,31.0
11584455353,Afternoon Ride,2024-06-05T17:58:03Z,Ride,5342.0,1487,11410,25.0
11581640890,Afternoon Run,2024-06-05T13:36:19Z,Run,1734.9,461,474,7.0
11581531393,Lunch Weight Training,2024-06-05T12:56:12Z,WeightTraining,0.0,2235,2235,0
11581137606,Lunch Run,2024-06-05T12:45:56Z,Run,1679.5,468,501,11.0
11579261682,Cooler Morning,2024-06-05T07:08:51Z,Run,19336.9,5074,5462,41.0
11575656679,2x2mile + 2x200m w/ Chase,2024-06-04T18:17:13Z,Run,16799.7,4358,5364,24.0
11565708779,Afternoon Ride,2024-06-03T14:52:26Z,Ride,2406.8,436,521,13.0
11565600514,Afternoon Weight Training,2024-06-03T14:16:37Z,WeightTraining,0.0,1921,1921,0
11565239463,Afternoon Ride,2024-06-03T14:02:35Z,Ride,1655.4,337,358,13.0
11562697344,EZ,2024-06-03T07:02:15Z,Run,16131.0,4379,4789,30.0
11559548377,Deux,2024-06-02T17:25:03Z,Run,10410.1,2587,2834,29.0
11557063017,Pollinating the Suburbs,2024-06-02T09:04:47Z,Ride,73846.4,8630,9302,620.0
11548594970,Steady Long Run,2024-06-01T09:07:46Z,Run,26263.6,6878,7910,74.0
11539533110,With Ryan!,2024-05-31T06:51:35Z,Run,18804.0,4708,5027,45.0
11535993494,Afternoon Run,2024-05-30T17:24:22Z,Run,1481.0,413,564,8.0
11535939480,Afternoon Weight Training,2024-05-30T16:57:49Z,WeightTraining,0.0,1411,1411,0
11535807836,After the Rain,2024-05-30T15:32:09Z,Run,17037.7,4428,4959,41.0
11526501910,"Not a Reverse Brick, Not a Double Threshold",2024-05-29T12:18:47Z,Ride,33478.4,4025,4626,133.0
11524615697,"Redeveloping Speed (4x1200, 4x800, 4x200)",2024-05-29T07:45:53Z,Run,17719.8,4732,5669,26.0
11519821831,Afternoon Ride,2024-05-28T16:09:04Z,Ride,2399.9,418,436,13.0
11519747427,Afternoon Weight Training,2024-05-28T15:38:14Z,WeightTraining,0.0,1574,1574,0
11519532958,Afternoon Ride,2024-05-28T15:24:08Z,Ride,1744.9,389,417,14.0
11516561923,Back to the River,2024-05-28T07:56:58Z,Run,16110.1,4134,4548,34.0
11509386798,Little Nature Walk,2024-05-27T09:35:10Z,Walk,3146.3,2775,3162,54.0
11508219512,Recovery,2024-05-27T06:55:50Z,Run,5437.6,1561,1561,36.0
11505408373,"Legs are sweaty, legs weak, legs are heavy",2024-05-26T16:38:51Z,Run,10627.3,2684,2855,68.0
11503072398,I Can't Champlain,2024-05-26T07:10:01Z,Ride,101844.0,13588,15024,455.0
11496855498,Champlain Islands,2024-05-25T13:43:56Z,Ride,98817.8,10447,10728,441.0
11490063970,Night Ride,2024-05-24T21:56:42Z,Ride,1446.1,340,406,11.0
11490015402,Evening Ride,2024-05-24T18:08:33Z,Ride,2732.3,541,567,16.0
11485691330,Quaker Instant Oats,2024-05-24T06:36:32Z,Run,18144.1,4834,5389,40.0
11479189326,Morning Ride,2024-05-23T10:02:26Z,Ride,6802.6,1255,2443,35.0
11478181268,Easy + Strides to Finish,2024-05-23T06:41:30Z,Run,16112.1,4280,4682,31.0
11475044677,Pollen Training,2024-05-22T18:39:57Z,Run,10828.3,3322,3624,24.0
11472223495,Lunch Ride,2024-05-22T12:24:05Z,Ride,2453.8,473,591,15.0
11472102892,Lunch Weight Training,2024-05-22T11:50:38Z,WeightTraining,0.0,1679,1679,0
11471885873,Lunch Ride,2024-05-22T11:29:12Z,Ride,4063.2,806,1089,27.0
11471736874,Lunch Ride,2024-05-22T11:22:44Z,Ride,1729.7,343,343,26.0
11470334823,Summer Riding,2024-05-22T06:09:32Z,Ride,46167.0,5405,5881,475.0
11463021931,Morning Ride w/ Stubna,2024-05-21T06:21:24Z,Ride,60618.5,8278,9484,650.0
11459083729,Doublin,2024-05-20T17:27:31Z,Run,11311.9,3186,4083,20.0
11457878477,Afternoon Ride,2024-05-20T14:49:51Z,Ride,2442.5,434,538,15.0
11457781467,Afternoon Weight Training,2024-05-20T14:25:23Z,WeightTraining,0.0,1235,1235,0
11457585036,Afternoon Ride,2024-05-20T14:16:18Z,Ride,1731.5,349,349,17.0
11454678333,EZ Monday,2024-05-20T07:05:57Z,Run,13853.6,3706,4116,22.0
11448809209,"Bravo Hotel this is Hotel Bravo, Over",2024-05-19T09:32:29Z,Ride,32208.0,5648,7879,127.0
19970622046,Morning Ride,2024-05-19T09:32:27Z,Ride,32141.9,5600,7885,119.0
11442308173,Walden Trails!,2024-05-18T15:58:31Z,Run,10385.7,2950,3584,140.0
11439513243,Posterior Contraction,2024-05-18T08:51:33Z,Run,14980.3,4019,4825,84.0
11438732124,W/ Leron!,2024-05-18T07:33:37Z,Run,4622.4,1407,2152,28.0
11433643482,Afternoon Ride,2024-05-17T13:04:19Z,Ride,5500.4,1061,7247,27.0
11431409452,Cooldown,2024-05-17T08:46:33Z,Run,1731.4,495,547,9.0
11431193048,Morning Weight Training,2024-05-17T08:04:08Z,WeightTraining,0.0,2195,2195,0
11430931517,Pumped for Split Squats,2024-05-17T06:57:23Z,Run,13038.6,3471,3742,55.0
11427964248,Lazy Mountain -1,2024-05-16T18:38:19Z,Ride,31788.7,3600,3600,0
11423877928,Manual Upload,2024-05-16T07:30:37Z,Run,12231.0,3422,3422,0.0
11419167291,Hemenweights,2024-05-15T14:54:36Z,WeightTraining,0.0,1497,1497,0
11415995455,Humidity,2024-05-15T07:30:33Z,Run,10450.6,2929,3064,27.0
11411431179,Afternoon Ride,2024-05-14T15:43:21Z,Ride,2344.8,456,532,16.0
11411245413,Rebuilding Upper Body Strength,2024-05-14T14:59:56Z,WeightTraining,0.0,1547,1547,0
11411012136,Morning Ride,2024-05-14T10:32:19Z,Ride,1512.1,330,330,19.0
11407776497,Recovery + Catching Up w/ Chase,2024-05-14T07:25:10Z,Run,7109.2,2146,2667,18.0
11399745308,Recovery Jog,2024-05-13T07:18:43Z,Run,4834.3,1514,1590,17.0
11393733945,Sugarloaf Marathon (2:37:11 official),2024-05-12T07:00:04Z,Run,42368.0,9438,9438,200.0
11384309408,Easy + Light Strides,2024-05-11T07:24:26Z,Run,4807.4,1320,1409,17.0
11376428989,Shakeout,2024-05-10T07:25:40Z,Run,4225.6,1190,1217,16.0
11368697177,Very Light Progression,2024-05-09T07:39:51Z,Run,8955.4,2266,2508,21.0
11360551457,Pre Exam,2024-05-08T07:50:59Z,Run,9028.4,2366,2565,21.0
11356125568,Lunch Ride,2024-05-07T12:44:24Z,Ride,3868.5,754,14081,21.0
11352401164,Little Workout,2024-05-07T07:50:32Z,Run,9100.6,2223,2418,24.0
11347734188,Lunch Ride,2024-05-06T12:54:48Z,Ride,3840.4,792,8282,23.0
11345224258,Taper Week,2024-05-06T08:25:37Z,Run,9012.1,2374,2719,23.0
11340349914,Second Part of Bettina's Long Run,2024-05-05T12:17:20Z,Ride,12234.7,3308,3575,39.0
11340349600,Lunch Run,2024-05-05T12:10:38Z,Run,1333.2,334,355,0.0
11339752500,First part of Bettina's Long Run,2024-05-05T11:25:57Z,Run,8238.3,2513,2569,27.0
11330743473,Slurping Gels w/ 4mi@MP,2024-05-04T09:01:28Z,Run,23152.7,5623,6410,51.0
11323797363,Little Breather,2024-05-03T11:50:42Z,Run,12161.9,3171,4067,43.0
11318761659,Fried CNS,2024-05-02T18:05:43Z,Run,13277.8,3613,3892,73.0
11318440509,Morning Ride,2024-05-02T10:46:26Z,Ride,3831.9,730,23903,25.0
11306987432,Pre 24hr Exam,2024-05-01T07:44:07Z,Run,13246.3,3613,3800,41.0
11301864829,Afternoon Ride,2024-04-30T13:23:02Z,Ride,3875.2,801,13225,24.0
11298601508,Tempo Loops,2024-04-30T08:05:33Z,Run,20461.0,4924,5556,34.0
11290425292,Grateful for Flonase,2024-04-29T07:40:52Z,Run,13222.0,3576,3935,49.0
11287359737,Recovery Day,2024-04-28T17:45:54Z,Run,12912.3,3548,4590,34.0
11277081723,Back to the Course,2024-04-27T09:41:02Z,Run,36653.0,8490,10309,257.0
11271070508,Afternoon Ride,2024-04-26T15:27:40Z,Ride,3869.0,745,8520,23.0
11269803746,Bringing Back Fresh Friday,2024-04-26T12:05:32Z,Run,17380.8,4446,5456,62.0
11264853658,w/ Chase!,2024-04-25T18:17:57Z,Run,14951.8,3998,4908,38.0
11257739093,Morning Ride,2024-04-24T10:28:37Z,Ride,3894.7,730,35332,23.0
11253600701,Back to Workouts,2024-04-24T07:53:53Z,Run,16942.5,4003,5147,36.0
11249753966,Morning Ride,2024-04-23T10:23:47Z,Ride,3887.1,721,28983,26.0
11245784879,So Close to Summer,2024-04-23T07:49:32Z,Run,14748.2,3730,4068,35.0
11241425437,Afternoon Ride,2024-04-22T16:34:20Z,Ride,2344.6,377,455,16.0
11241346928,Post Presentation w/ Adamson,2024-04-22T15:09:31Z,Run,15397.3,3988,4471,40.0
11241346012,Lunch Ride,2024-04-22T12:05:29Z,Ride,1539.3,332,332,19.0
11234937146,Afternoon Ride,2024-04-21T14:53:35Z,Ride,3855.3,693,6596,27.0
11232244317,Morning Run,2024-04-21T09:58:31Z,Run,1103.2,380,401,2.0
11232094531,5k Spectating,2024-04-21T09:13:06Z,Run,3931.2,1013,2289,8.0
11231550436,Pre 5k Spectating,2024-04-21T07:31:01Z,Run,18708.1,4787,5020,40.0
11225918708,Lunch Run,2024-04-20T12:33:33Z,Run,13867.9,3631,4275,25.0
11220287277,Lunch Ride,2024-04-19T12:29:29Z,Ride,8183.7,1636,32160,46.0
11216848713,First Goslings,2024-04-19T08:58:30Z,Run,12223.2,3135,3466,36.0
11212695636,Morning Ride,2024-04-18T10:22:04Z,Ride,3879.8,774,22939,22.0
11209508369,Morning Run,2024-04-18T07:47:47Z,Run,12234.9,3177,3406,45.0
11205824964,Afternoon Ride,2024-04-17T13:19:27Z,Ride,3928.1,830,16984,24.0
11202139076,Recovery Day 2,2024-04-17T07:52:25Z,Run,8965.8,2481,2651,29.0
11198138783,Morning Ride,2024-04-16T09:21:21Z,Ride,3888.6,769,28806,20.0
11194120221,Recovery,2024-04-16T07:15:15Z,Run,4936.9,1526,1600,15.0
11189237126,First Boston Marathon 🦄,2024-04-15T10:02:09Z,Run,42467.9,10921,10937,257.0
11180646940,Pre Meet,2024-04-14T09:04:59Z,Run,5009.8,1348,1505,20.0
11174580802,Marathon Expo,2024-04-13T13:06:20Z,EBikeRide,4554.4,1089,5464,21.0
11173518658,Lunch Run,2024-04-13T11:49:45Z,Run,4245.3,1142,1322,20.0
11167230996,Afternoon Ride,2024-04-12T15:08:22Z,Ride,3875.9,796,9879,21.0
11165690406,Lunch Run,2024-04-12T12:13:38Z,Run,8969.9,2466,2750,33.0
11158183779,Morning Ride,2024-04-11T10:16:45Z,Ride,3851.6,800,8163,17.0
11156852651,Morning Run,2024-04-11T08:16:47Z,Run,10345.8,2828,3243,26.0
11153341630,Morning Ride,2024-04-10T08:55:48Z,Ride,3895.9,797,37443,21.0
11149034792,Easy Does It,2024-04-10T08:02:50Z,Run,4852.5,1323,1375,15.0
11145658533,Morning Ride,2024-04-09T10:22:20Z,Ride,3858.2,676,31836,19.0
11141683937,Little Workout,2024-04-09T08:36:01Z,Run,12236.5,2976,3450,42.0
11137315947,Afternoon Ride,2024-04-08T16:23:41Z,Ride,2334.3,445,483,18.0
11137183786,Eclipse w/ Adamson,2024-04-08T14:56:40Z,Run,12991.5,3472,3857,30.0
11136773740,Morning Ride,2024-04-08T08:55:30Z,Ride,5408.2,1025,16187,43.0
11128874005,Fleeced Lined Leggings,2024-04-07T11:18:32Z,Run,12207.5,3213,3863,42.0
11121085284,Last Long Run,2024-04-06T11:46:37Z,Run,22611.8,5346,5888,49.0
11113246962,Feeling Better,2024-04-05T12:21:15Z,Run,14675.7,3740,4155,65.0
11108071886,Morning Ride,2024-04-04T08:54:23Z,Ride,3904.4,856,33293,30.0
11101534139,Hail w/ Bettina,2024-04-03T18:45:32Z,Run,9700.4,3042,3277,69.0
11101068308,Morning Ride,2024-04-03T08:54:56Z,Ride,3900.3,813,32321,33.0
11097295617,Before the Rain,2024-04-03T07:47:41Z,Run,6896.1,1756,1945,20.0
11094084648,Easy with Bettina,2024-04-02T18:11:08Z,Run,5598.8,1602,1867,23.0
11093886416,Morning Ride,2024-04-02T10:19:12Z,Ride,3864.0,707,27753,25.0
11090255975,Chronic Sinusitis Season,2024-04-02T08:37:31Z,Run,4228.4,1153,1221,15.0
11079154228,W/ Bettina and Elisabeth,2024-03-31T15:13:38Z,Ride,17916.4,3693,4397,73.0
11072941684,Evening Walk,2024-03-30T19:44:34Z,Walk,1095.5,1074,1119,69.0
11070995356,Lunch Walk,2024-03-30T12:13:27Z,Walk,5723.5,4189,4189,341.0
11070253828,Quads are destroyed,2024-03-30T11:19:46Z,Run,6761.2,1984,2007,190.0
11064543690,Paintball,2024-03-29T14:36:56Z,Walk,2785.9,4766,5951,43.0
11062854809,Lunch Run,2024-03-29T11:05:16Z,Run,12407.8,3257,3370,284.0
11057620958,Afternoon Ride,2024-03-28T16:42:11Z,Ride,2350.8,426,446,11.0
11056337334,Afternoon Weight Training,2024-03-28T13:01:36Z,WeightTraining,0.0,206,206,0
11056278771,Treadmill,2024-03-28T12:21:11Z,Run,8366.3,2036,2340,0
11055292124,Morning Ride,2024-03-28T08:21:10Z,Ride,1665.4,286,378,10.0
11047963183,Some MP Miles,2024-03-27T07:07:40Z,Run,13133.7,2967,3035,28.0
11045171604,Evening Run,2024-03-26T18:45:09Z,Run,3409.6,1075,1225,14.0
11044812164,Morning Ride,2024-03-26T10:22:05Z,Ride,3863.8,712,27146,20.0
11038189641,Afternoon Run,2024-03-25T17:56:42Z,Run,13671.7,3599,4603,63.0
11038189313,Morning Ride,2024-03-25T08:57:40Z,Ride,3885.0,737,29906,25.0
11030145554,Lunch Run,2024-03-24T12:27:14Z,Run,11956.8,2920,3290,39.0
11024415814,Recess,2024-03-23T18:28:45Z,Ride,25222.5,2958,2958,0
11017463077,Evening Run,2024-03-22T18:15:03Z,Run,10584.7,3040,3391,29.0
11015445877,Lunch Run,2024-03-22T12:18:14Z,Run,4220.5,1084,1210,10.0
11011513580,Evening Run,2024-03-21T18:51:50Z,Run,14645.0,3836,4690,50.0
11010920909,Morning Ride,2024-03-21T10:20:06Z,Ride,3889.1,811,27741,34.0
11004409688,Taku,2024-03-20T18:55:54Z,Ride,16518.4,1800,1800,0
11002768546,Afternoon Ride,2024-03-20T13:24:11Z,Ride,3901.1,708,6248,29.0
10996827993,With Bettina!,2024-03-19T18:08:14Z,Run,11118.4,3150,3240,15.0
10996289985,Morning Ride,2024-03-19T09:23:44Z,Ride,3852.1,665,29793,27.0
10992445106,Morning Run,2024-03-19T08:12:32Z,Run,4182.3,1108,1278,24.0
10989076267,Tired Legs,2024-03-18T17:42:31Z,Run,9008.8,2469,2634,32.0
10988661330,Morning Ride,2024-03-18T08:49:02Z,Ride,7752.0,1364,29931,54.0
10982492784,First Ride of the Season w/ Bettina,2024-03-17T15:12:36Z,Ride,45250.4,7063,7648,531.0
10980891367,Long Recovery,2024-03-17T11:17:04Z,Run,15997.5,4445,5004,54.0
10973583379,Fuel into the Furnace,2024-03-16T11:14:51Z,Run,32412.4,7894,8880,66.0
10967126627,Afternoon Run,2024-03-15T16:05:46Z,Run,14680.9,3860,4251,50.0
10961456525,Double w/ Bettina,2024-03-14T18:23:10Z,Run,8243.9,2489,2844,19.0
10958828698,Mulch Smell!,2024-03-14T11:33:13Z,Run,11522.2,2987,3602,27.0
10954284734,Testing Out Foot,2024-03-13T18:16:12Z,Run,6587.7,2155,2311,20.0
10947289107,Stubbed Toe,2024-03-12T18:22:16Z,Run,14536.6,4083,5755,55.0
10944265679,Lunch Run,2024-03-12T12:28:03Z,Run,4269.6,1151,1300,22.0
10939945412,Recovery Day,2024-03-11T19:18:02Z,Run,4855.2,1342,1427,18.0
10932585531,Spring Break,2024-03-10T12:10:23Z,Run,37048.5,8631,11227,273.0
10925071681,Lunch Run,2024-03-09T12:58:58Z,Run,689.5,191,203,17.0
10919161446,Afternoon Ride,2024-03-08T16:22:52Z,Ride,3868.4,731,5262,27.0
10917694363,With Jackson!,2024-03-08T10:38:25Z,Run,21679.0,5877,7207,120.0
10913350333,Speed Day,2024-03-07T17:39:02Z,Run,19318.6,4580,5711,70.0
10912740963,Morning Ride,2024-03-07T10:24:32Z,Ride,3856.4,643,23842,22.0
10906650687,Fartlek w/ Bettina,2024-03-06T18:46:51Z,Run,9791.4,2940,3288,15.0
10906187642,Morning Ride,2024-03-06T08:59:38Z,Ride,3862.5,741,32395,21.0
10902551770,Morning Run,2024-03-06T08:07:13Z,Run,4243.9,1174,1269,15.0
10899439366,Evening Run,2024-03-05T18:03:47Z,Run,14752.0,4080,4492,36.0
10898858802,Morning Ride,2024-03-05T08:36:15Z,Ride,3847.7,767,31678,21.0
10889772386,Lunch Run,2024-03-04T11:57:17Z,Run,14053.4,3844,4940,26.0
10889120224,Morning Ride,2024-03-04T08:52:48Z,Ride,3846.7,700,5802,25.0
10885055025,Exam Break,2024-03-03T13:15:12Z,Run,12331.8,3236,3568,22.5
10876294755,New Long Run Route,2024-03-02T11:15:41Z,Run,36638.8,8689,10119,74.0
10870125258,Taking it easy,2024-03-01T16:21:08Z,Run,12192.2,3426,3624,33.0
10869851405,Morning Ride,2024-03-01T10:24:47Z,Ride,3864.3,704,9067,25.0
10864868115,Bundled,2024-02-29T18:36:06Z,Run,12681.7,3666,4154,65.0
10864332292,Morning Ride,2024-02-29T10:23:48Z,Ride,7414.0,1402,26484,69.0
10858358811,Not much of a storm,2024-02-28T18:11:28Z,Run,19935.7,4770,5750,115.0
10851378891,WE ARE A STORM,2024-02-27T17:48:35Z,Run,16552.4,4496,4943,48.0
10850682872,Morning Ride,2024-02-27T10:12:41Z,Ride,3872.9,664,23656,21.0
10843761871,Another Recovery Day,2024-02-26T17:14:15Z,Run,7464.3,2048,2473,20.0
10843392953,Morning Ride,2024-02-26T08:39:48Z,Ride,7721.7,1275,29156,38.0
10834599357,Recovery w/ Bettina,2024-02-25T08:35:31Z,Run,9502.9,3037,3229,29.0
10829236887,What even is marathon pace anymore,2024-02-24T11:35:32Z,Run,36194.8,8311,10206,273.0
10823350794,Evening Run,2024-02-23T18:53:00Z,Run,6510.3,1844,1965,24.0
10816879334,Morning Ride,2024-02-22T10:22:15Z,Ride,3849.5,628,25395,22.0
10813708591,w/ Leo,2024-02-22T06:31:12Z,Run,17134.9,4455,4773,70.0
10811268068,w/ Chase and Stubna,2024-02-21T18:26:53Z,Run,15096.8,4117,4849,47.0
10810752950,Morning Ride,2024-02-21T08:47:52Z,Ride,3896.6,758,32689,23.0
10803975618,Double,2024-02-20T17:15:46Z,Run,9010.7,2366,2582,17.0
10803564373,Morning Ride,2024-02-20T10:25:12Z,Ride,3878.3,640,22340,21.0
10800624206,Back to It,2024-02-20T08:17:44Z,Run,17124.0,4490,4745,34.0
10794565815,Stowe Day 3,2024-02-19T09:00:37Z,AlpineSki,28816.7,5224,11748,87.8
10789765854,Stowe Day 2,2024-02-18T10:03:52Z,AlpineSki,29570.4,5468,16715,83.4
10782823374,von Trapp Skate Ski,2024-02-17T14:51:08Z,NordicSki,9348.7,3741,5709,119.0
10781654686,Stowe Day 1,2024-02-17T08:41:54Z,AlpineSki,22822.0,5072,12401,71.8
10774944489,Traditional Friday Lunch Run,2024-02-16T12:26:51Z,Run,18757.7,5011,5517,94.0
10770269048,The Largest Toe Blister of all Time,2024-02-15T18:06:11Z,Run,16468.6,4380,4680,37.0
10769618555,Morning Ride,2024-02-15T10:18:28Z,Ride,3850.8,689,24000,28.0
10763797766,❤️ w/ Bettina,2024-02-14T18:10:15Z,Run,9757.6,3105,3714,46.0
10763455819,Tempo Pieces,2024-02-14T16:56:20Z,Run,12898.9,2883,3182,50.0
10763087109,Morning Ride,2024-02-14T08:53:31Z,Ride,3920.3,743,26982,41.0
10760130333,Shakeout,2024-02-14T07:52:48Z,Run,4318.3,1127,1180,23.0
10757252028,Evening Run,2024-02-13T18:34:24Z,Run,5314.3,1433,1555,14.0
10750489833,With Chase and Stubna,2024-02-12T18:25:31Z,Run,16193.6,4480,5335,42.0
10750047428,Morning Ride,2024-02-12T08:51:56Z,Ride,7776.1,1438,33284,45.0
10742662920,Recovery,2024-02-11T12:04:25Z,Run,12212.0,3309,3526,42.0
10735760028,The Saltiest February Run,2024-02-10T10:29:38Z,Run,36174.2,8645,10346,256.0
10730295404,Afternoon Ride,2024-02-09T16:11:46Z,Ride,3946.9,865,9647,35.0
10729014356,Proof Break,2024-02-09T13:36:19Z,Run,5341.3,1390,1567,19.0
10724835057,Evening Run,2024-02-08T19:39:08Z,Run,8972.3,2359,2596,17.0
10724190552,Morning Ride,2024-02-08T10:15:35Z,Ride,3871.4,728,27595,26.0
10718403973,Chill Double w/ Chase,2024-02-07T18:30:50Z,Run,11788.2,3506,4104,44.0
10717984399,Morning Ride,2024-02-07T08:49:26Z,Ride,3893.1,753,33337,22.0
10714423740,Shakeout,2024-02-07T07:28:37Z,Run,7182.4,2348,2732,16.0
10710765809,Morning Ride,2024-02-06T10:09:04Z,Ride,3878.9,679,23634,23.0
10707877376,3x2mile (w/ 1 mile recovery),2024-02-06T08:02:04Z,Run,18702.6,4426,4533,34.0
10704068206,Afternoon Run,2024-02-05T16:27:40Z,Run,12441.7,3291,3604,38.0
10703472975,Morning Ride,2024-02-05T08:43:39Z,Ride,7763.7,1528,24452,43.0
10696749918,"Reco, very",2024-02-04T12:12:48Z,Run,8993.7,2477,2666,19.0
10689490229,Progression LR,2024-02-03T11:03:44Z,Run,29622.5,7231,8209,77.0
10680672101,Morning Run,2024-02-02T07:41:04Z,Run,12236.3,3278,3447,39.0
10674083220,Recovery,2024-02-01T07:35:33Z,Run,8964.4,2677,2872,20.0
10671032931,6.5mi Tempo,2024-01-31T17:22:23Z,Run,14844.8,3478,4174,23.0
10660316594,Slippery,2024-01-30T07:39:23Z,Run,12293.6,3315,3647,41.0
10656953079,waving to coauthor working hard in a cafe while I prance around town in tights,2024-01-29T17:39:13Z,Run,12307.0,3272,3541,43.0
10650659561,Horizontal sleet,2024-01-28T17:27:27Z,Run,7219.2,1785,2153,24.0
10641650156,Bloody Toes,2024-01-27T10:55:30Z,Run,24448.0,6083,6827,50.0
10634788097,Afternoon Run,2024-01-26T13:19:20Z,Run,9053.0,2321,2429,19.0
10630027240,Morning Ride,2024-01-25T09:40:40Z,Ride,8049.2,1972,31716,37.0
10626603413,Shorts!,2024-01-25T07:37:30Z,Run,12312.2,3191,3369,34.0
10623716934,Nice Cold Rain,2024-01-24T18:08:18Z,Run,9022.0,2347,2671,18.0
10613691894,Morning Run,2024-01-23T08:19:50Z,Run,12283.2,3175,3490,30.0
10610118567,Getting that Bread,2024-01-22T16:41:09Z,Run,8839.4,2385,2651,19.0
10604224912,Back from Sickness,2024-01-21T16:12:11Z,Run,4248.3,1101,1293,15.0
10577247871,Denver Hotel Tread,2024-01-17T09:47:10Z,Run,13918.4,3605,3800,0
10576824788,Morning Weight Training,2024-01-17T09:19:46Z,WeightTraining,0.0,1332,1332,0
10572197573,Last Ski Day,2024-01-16T09:15:45Z,AlpineSki,44376.1,9694,17288,4377.4
10566485868,Afternoon Run,2024-01-15T16:25:00Z,Run,6043.4,1844,2042,135.0
10553448162,Afternoon Run,2024-01-13T16:36:36Z,Run,5422.5,1995,2044,129.0
10552895901,Vail Day 2,2024-01-13T10:37:08Z,AlpineSki,42196.0,9305,14514,3280.1
10546170805,Altitude Training,2024-01-12T14:40:41Z,Run,7686.4,2282,2769,158.0
10545429146,Down the Mountain,2024-01-12T11:25:49Z,AlpineSki,7886.8,2257,2749,0.0
10545048297,Vail Day 1,2024-01-12T09:02:24Z,AlpineSki,16256.2,4052,5066,1775.4
10537066627,Just Another Pre Flight Run,2024-01-11T06:37:49Z,Run,16191.7,4186,4625,43.0
10534464190,With Chase!,2024-01-10T18:18:38Z,Run,9972.1,2727,3016,44.0
10532106371,Totten Key,2024-01-10T11:37:44Z,Ride,23535.1,2700,2700,0
10525499106,Lunch Run,2024-01-09T11:27:13Z,Run,10606.9,2697,2973,26.0
10523991677,Sunrise w/ Bettina,2024-01-09T07:16:55Z,Run,5643.4,1774,2113,14.0
10520891491,Volunteer,2024-01-08T17:30:00Z,Ride,8118.6,901,901,0
10514365157,Afternoon Walk,2024-01-07T13:58:06Z,Walk,12155.9,10850,24731,129.0
10510625398,Vale,2024-01-07T10:23:23Z,Run,19500.3,5169,6845,285.0
10506379668,Food Poisoning Recovery,2024-01-06T16:08:43Z,Run,14539.9,4880,5786,206.0
10490625097,Last Barcelona Run,2024-01-04T08:52:59Z,Run,6908.9,2333,2621,25.0
10488390271,Barcelona by Zapatos,2024-01-03T11:10:16Z,Walk,19228.7,17792,38845,244.0
10484117329,Hotel Weights,2024-01-03T09:07:09Z,WeightTraining,0.0,2810,2810,0
10479016799,Morning Run,2024-01-02T10:15:30Z,Walk,4741.6,6852,9733,31.0
10477643719,La Rambla de Mar,2024-01-02T08:17:59Z,Run,8253.2,2758,3162,22.0
10476265624,Afternoon Run,2024-01-01T17:10:52Z,Walk,5586.5,4642,22190,26.0
10474087471,Barcelona by Pedal,2024-01-01T11:51:42Z,Ride,38772.3,10874,16338,340.0
10471969326,bon any nou,2024-01-01T09:05:22Z,Run,12218.7,3079,3742,30.0
10467382982,Lunch Run,2023-12-31T11:24:52Z,Walk,4886.4,4055,9354,38.0
10463919638,Morning Run,2023-12-30T10:59:26Z,Walk,7042.5,5759,36043,49.0
10459865222,Ensuring Sure Footing,2023-12-30T08:30:49Z,Run,8150.2,2405,3023,29.0
10456049910,Spotify Wrapped: On Location,2023-12-29T14:27:39Z,Run,10872.2,2893,3608,42.0
10450785772,Skate Ski Double,2023-12-28T15:11:46Z,NordicSki,10268.4,3910,4212,44.0
10449226160,Skiing on Water,2023-12-28T10:47:45Z,NordicSki,6819.6,3583,4935,36.0
10448638295,"Running's Back on the Menu, Boys",2023-12-28T08:40:05Z,Run,4890.1,1308,1395,39.0
10445455807,Padel Ball,2023-12-27T16:06:14Z,Workout,0.0,5099,5099,0
10443205108,Staying Frosty,2023-12-27T09:04:34Z,Run,14223.8,4519,5627,93.0
10437379179,Joutseno Ski,2023-12-26T09:41:38Z,NordicSki,8660.9,3940,4502,67.0
10433749139,Airport Loop,2023-12-25T10:27:39Z,NordicSki,15055.1,7478,8902,124.0
10430421605,Christmas Eve w/ Bettina,2023-12-24T15:26:01Z,Run,9719.4,3408,3413,69.0
10429904388,Lappeenranta XC Skiing,2023-12-24T13:16:30Z,NordicSki,5255.9,4164,5456,107.0
10421699452,Freeborn,2023-12-22T15:36:54Z,Ride,51938.6,5581,5581,0
10421089823,Afternoon Ride,2023-12-22T14:00:22Z,Ride,2551.5,498,529,12.0
10421051816,Hemenweights,2023-12-22T13:40:57Z,WeightTraining,0.0,1028,1028,0
10420987645,Afternoon Ride,2023-12-22T13:27:47Z,Ride,1730.4,316,347,10.0
10416054481,Glassy +2,2023-12-21T12:42:42Z,Ride,53827.0,5400,5400,0
10412869346,Milchreis,2023-12-20T21:07:43Z,Ride,32234.6,3600,3600,0
10412420761,Afternoon Ride,2023-12-20T15:25:14Z,Ride,5495.3,940,12795,21.0
10407507281,REI,2023-12-19T17:11:18Z,Ride,6164.2,1331,1918,47.0
10406332229,Thimble +1,2023-12-19T13:08:01Z,Ride,50638.6,5400,5400,0
10401997248,Power Outage,2023-12-18T17:37:50Z,Run,3679.3,1116,1279,14.0
10396326628,EZ w/ Bettina,2023-12-17T12:19:48Z,Run,9487.5,2989,3320,25.0
10391163739,Ides of December,2023-12-16T13:12:06Z,Ride,82314.4,9626,10274,879.0
10389808619,Morning Ride,2023-12-16T10:26:32Z,Ride,3291.4,580,1244,20.0
10385688864,Lunch Ride,2023-12-15T12:36:56Z,Ride,5385.7,963,11730,34.0
10381220516,Cape,2023-12-14T15:35:09Z,Ride,41474.8,4500,4500,0
10376627004,EZ w/ Bettina,2023-12-13T18:13:29Z,Run,4868.9,1686,1871,25.0
10376443841,Bess,2023-12-13T17:10:09Z,Ride,21983.1,2473,2473,0
10376108784,Afternoon Ride,2023-12-13T16:23:44Z,Ride,2338.1,411,450,13.0
10376014853,Afternoon Weight Training,2023-12-13T15:29:38Z,WeightTraining,0.0,1954,1954,0
10375861685,Lunch Ride,2023-12-13T11:19:26Z,Ride,1510.5,286,14995,16.0
10370717307,Back?,2023-12-12T15:46:10Z,Run,1674.4,521,521,8.0
10369938233,Lunch Ride,2023-12-12T12:33:05Z,Ride,4737.7,886,1089,26.0
10369002344,Napeequa,2023-12-12T08:06:40Z,Ride,67356.5,7200,7200,0
10366193610,Fletcher -1,2023-12-11T17:23:32Z,Ride,48111.6,5400,5400,0
10364596142,Afternoon Ride,2023-12-11T13:35:02Z,Ride,2352.5,384,384,11.0
10364490490,Lunch Weight Training,2023-12-11T12:49:51Z,WeightTraining,0.0,1937,1937,0
10364291347,Morning Ride,2023-12-11T10:48:55Z,Ride,5192.3,886,6472,26.0
10360148014,Recovery w/ Bettina,2023-12-10T11:28:14Z,Ride,42351.5,6324,6906,258.0
10350411037,"""Probably Approximately Correct Learning""",2023-12-08T18:53:46Z,Ride,18630.6,2102,2102,0
10345589112,Mox,2023-12-07T18:33:00Z,Ride,31105.4,3600,3600,0
10344907678,Lunch Ride,2023-12-07T11:16:04Z,Ride,5394.0,1005,4907,28.0
10340251682,Afternoon Ride,2023-12-06T17:45:06Z,Ride,2360.4,415,514,12.0
10339713729,Hemenweights,2023-12-06T15:04:08Z,WeightTraining,0.0,2088,2088,0
10339508620,Morning Ride,2023-12-06T10:39:47Z,Ride,5276.3,910,11075,38.0
10337901544,James,2023-12-06T07:53:32Z,Ride,52954.6,5400,5400,0
10335424222,Afternoon Ride,2023-12-05T17:34:52Z,Ride,3555.6,699,11937,24.0
10329490521,Bess,2023-12-04T17:35:58Z,Ride,31976.2,3600,3600,0
10328861451,Afternoon Ride,2023-12-04T15:59:24Z,Ride,2327.8,381,420,10.0
10328737468,Afternoon Weight Training,2023-12-04T15:12:52Z,WeightTraining,0.0,1551,1551,0
10328567109,Morning Ride,2023-12-04T08:46:37Z,Ride,8060.0,1579,21979,47.0
10323250755,Brenta,2023-12-03T08:40:35Z,Ride,97116.6,10800,10800,0
10318392002,Study Break,2023-12-02T14:59:02Z,Ride,23023.3,2709,3285,80.0
10314065437,Evening Ride,2023-12-01T20:10:18Z,Ride,5004.8,1081,9367,18.0
10312403874,Lunch Ride,2023-12-01T12:17:20Z,Ride,33943.9,3930,4428,114.0
10308738589,Morning Ride,2023-11-30T10:11:01Z,Ride,9366.2,1880,29302,43.0
10306317160,Glassy -2,2023-11-30T07:42:29Z,Ride,50417.6,5400,5400,0
10303467424,Afternoon Ride,2023-11-29T17:40:19Z,Ride,2346.2,447,474,14.0
10302917486,Hemenweights,2023-11-29T15:06:23Z,WeightTraining,0.0,1676,1676,0
10302765365,Morning Ride,2023-11-29T09:02:36Z,Ride,8050.7,1558,21102,57.0
10300689132,Jumba Kang,2023-11-29T07:10:01Z,Ride,32423.3,3600,3600,0
10296846271,Parker,2023-11-28T12:30:13Z,Ride,48228.1,5400,5400,0
10291806280,Afternoon Ride,2023-11-27T15:45:48Z,Ride,2336.4,380,395,11.0
10291717774,Hemenweights,2023-11-27T15:11:26Z,WeightTraining,0.0,1245,1245,0
10291595468,Morning Ride,2023-11-27T08:57:19Z,Ride,8036.2,1441,21464,50.0
10289700770,Harrah,2023-11-27T07:28:38Z,Ride,24874.7,2700,2700,0
10285500803,Road Trip Break,2023-11-26T09:30:32Z,Walk,904.1,772,1016,2.0
10280067520,Rosy Cheeks,2023-11-25T11:00:51Z,Ride,22705.9,2628,2745,153.0
10275699122,Black Friday,2023-11-24T15:43:24Z,Ride,42800.0,4881,4945,189.0
10275033620,Holliday Park,2023-11-24T13:27:43Z,Walk,2162.1,2112,2130,37.0
10270402734,Land of Roundabouts,2023-11-23T12:51:43Z,Ride,56055.6,6188,6390,302.0
10258223384,Wood Summit,2023-11-21T11:57:01Z,Ride,41150.7,4500,4500,0
10253464502,Afternoon Ride,2023-11-20T16:14:54Z,Ride,2341.6,394,423,11.0
10253257502,Hemenweights,2023-11-20T15:16:50Z,WeightTraining,0.0,1440,1440,0
10253014251,Morning Commute,2023-11-20T08:57:04Z,Ride,8073.6,1444,21423,36.0
10250904531,Colosseum -3,2023-11-20T07:04:28Z,Ride,32168.3,3600,3600,0
10248916616,Beech -1,2023-11-19T19:01:34Z,Ride,15883.8,1800,1800,0
10248180330,Afternoon Break,2023-11-19T14:32:05Z,Ride,28552.6,3515,4215,103.0
10242986601,Evening Ride,2023-11-18T18:20:47Z,Ride,3064.3,795,901,30.0
10241384289,Rich,2023-11-18T11:41:51Z,Ride,67838.4,7200,7200,0
10236900885,Afternoon Ride,2023-11-17T14:53:15Z,Ride,4191.3,844,20024,19.0
10235341102,Sweet,2023-11-17T11:49:12Z,Ride,39216.7,4452,5123,158.0
10230423713,too nice not to,2023-11-16T13:43:44Z,Ride,28362.1,3279,3759,101.0
10231105837,Morning Ride,2023-11-16T10:19:01Z,Ride,10783.2,1780,24997,51.0
10225817481,Afternoon Ride,2023-11-15T17:34:06Z,Ride,2365.8,492,512,14.0
10225197899,Hemenweights,2023-11-15T15:09:12Z,WeightTraining,0.0,1394,1394,0
10225056477,Morning Ride,2023-11-15T08:59:00Z,Ride,8019.6,1370,15833,34.0
10222723795,Epaulet,2023-11-15T07:08:57Z,Ride,40867.3,4500,4500,0
10219845834,Homers Nose -1,2023-11-14T17:30:29Z,Ride,33373.7,3600,3600,0
10218980491,Lunch Ride,2023-11-14T11:44:33Z,Ride,3858.9,750,12792,32.0
10213294078,Afternoon Ride,2023-11-13T15:50:57Z,Ride,2314.8,387,464,14.0
10213167398,Hemenweights,2023-11-13T15:08:02Z,WeightTraining,0.0,1434,1434,0
10213038761,Morning Ride,2023-11-13T08:54:32Z,Ride,7954.0,1397,15721,33.0
10211104662,Morning Ride,2023-11-12T10:36:30Z,Ride,4172.2,1322,1450,20.0
10206290524,Hotel Weights,2023-11-12T08:35:51Z,WeightTraining,0.0,3294,3294,0
10201917020,Governor's Island,2023-11-11T14:41:54Z,Walk,4143.9,3873,4627,45.0
10201337994,NYC Weekend,2023-11-11T08:37:05Z,Ride,32186.4,7252,17090,214.0
10195184391,Selside,2023-11-10T13:08:13Z,Ride,16418.2,1800,1800,0
10189166043,Morning Ride,2023-11-09T10:19:37Z,Ride,5304.6,985,3820,18.0
10185512503,Afternoon Ride,2023-11-08T17:50:40Z,Ride,2361.2,459,555,11.0
10184903231,Hemenweights,2023-11-08T15:09:03Z,WeightTraining,0.0,1796,1796,0
10184726800,Morning Ride,2023-11-08T08:46:54Z,Ride,7997.2,1470,16730,36.0
10175936513,Testing Knee,2023-11-07T07:14:01Z,Run,838.3,267,267,13.0
10172472811,Morning Ride,2023-11-06T08:51:34Z,Ride,10460.5,1942,22002,62.0
10170121601,Morning Run,2023-11-06T06:42:23Z,Run,12196.0,3306,3650,29.0
10164946988,Cooldown,2023-11-05T08:36:01Z,Run,3234.1,965,1023,4.0
10164946389,Cambridge Half Marathon (1:17:24),2023-11-05T07:00:08Z,Run,21137.9,4646,4646,49.0
10164945552,Warmup,2023-11-05T06:14:13Z,Run,3244.5,880,963,3.0
10161275806,Post Exam Shakeout w/ Bettina,2023-11-04T18:20:06Z,Run,3608.5,1138,1359,11.0
10160539430,Midterm Break + Packet Pickup,2023-11-04T14:24:27Z,Ride,9231.2,1571,2578,36.0
10155163133,Afternoon Run,2023-11-03T16:39:27Z,Run,12196.5,3048,3330,36.0
10154634617,Afternoon Ride,2023-11-03T13:54:30Z,Ride,3811.8,608,4770,24.0
10150454428,Back,2023-11-02T18:24:31Z,Run,12160.9,3015,3511,31.0
10148406990,Morning Ride,2023-11-02T10:15:42Z,Ride,5372.7,994,3058,24.0
10138759662,Afternoon Run,2023-10-31T17:24:32Z,Run,4174.0,1101,1232,11.0
10133190221,Actually a Big Fan of this Weather,2023-10-30T18:21:51Z,Run,9009.1,2307,2527,18.0
10121504149,Afternoon Ride,2023-10-28T16:08:54Z,Ride,8182.6,1242,8545,44.0
10121513782,ACTUAL Peak Autumnal Ride w/ Bettina,2023-10-28T08:40:30Z,Ride,104635.0,16400,22518,1318.0
10115431599,Afternoon Ride,2023-10-27T17:01:35Z,Ride,3841.1,639,4702,25.0
10113107758,Morning Run,2023-10-27T08:54:06Z,Run,469.8,139,139,7.0
10112917359,Peak Autumnal Run w/ Stubna,2023-10-27T06:25:30Z,Run,24178.4,6060,7361,73.0
10110106785,Morning Ride,2023-10-26T10:18:51Z,Ride,9584.5,1673,24909,41.0
10107836694,Peak Autumnal Ride with Stubna,2023-10-26T06:40:59Z,Ride,74718.1,9591,10684,634.0
10104610861,Morning Ride,2023-10-25T08:53:57Z,Ride,10659.0,1803,31873,63.0
10101720358,Morning Run,2023-10-25T07:31:26Z,Run,12240.6,3060,3256,43.0
10099094331,Evening Run,2023-10-24T18:00:54Z,Run,14619.0,3911,4188,42.0
10092147280,Morning Ride,2023-10-23T08:57:53Z,Ride,10472.0,1796,25073,61.0
10089631742,Morning Run,2023-10-23T07:20:52Z,Run,12190.5,3026,3187,33.0
10085336292,Morning Run,2023-10-22T10:00:20Z,Run,18458.4,4487,5210,51.0
10078265261,Morning Walk,2023-10-21T09:18:05Z,Walk,4853.1,3632,3651,74.0
10074606523,Afternoon Run,2023-10-20T17:04:05Z,Run,12821.5,4079,6940,44.0
10064683897,Morning Ride,2023-10-18T08:54:43Z,Ride,12788.8,2147,35764,80.0
10060897633,Morning Run,2023-10-18T07:29:54Z,Run,12221.6,3160,3475,28.0
10058157314,Afternoon Run,2023-10-17T17:59:39Z,Run,14706.8,3847,4009,31.0
10051925817,Evening Run,2023-10-16T18:35:56Z,Run,12180.5,3206,3439,30.0
10050777197,Morning Ride,2023-10-16T08:50:34Z,Ride,9202.8,1586,22010,43.0
10045345768,Afternoon Ride,2023-10-15T13:54:52Z,Ride,3086.1,797,894,11.0
10045345901,Lunch Ride,2023-10-15T12:54:59Z,Ride,5262.6,715,1064,24.0
10044365170,Morning Run,2023-10-15T10:58:27Z,Run,6793.4,1837,2240,26.0
10044364835,Tracksmith Newbury St Mile,2023-10-15T10:49:56Z,Run,1753.2,322,322,4.0
10044364997,Warmup,2023-10-15T09:19:27Z,Run,4666.9,1269,5139,32.0
10039609511,Evening Run,2023-10-14T18:14:47Z,Run,4202.9,1221,1305,10.0
10025174442,Hotel weights,2023-10-12T08:17:37Z,WeightTraining,0.0,348,348,0
10025082313,"""Windy as all heck""",2023-10-12T06:29:04Z,Run,21394.7,5503,6431,111.0
10020937119,Morning Ride,2023-10-11T08:55:31Z,Ride,10296.9,1879,20715,62.0
10018622385,Morning Run,2023-10-11T07:31:30Z,Run,12260.3,3233,3429,32.0
10012304857,Morning Run,2023-10-10T07:48:51Z,Run,16831.6,4533,4915,45.0
10009349152,Monday Miles,2023-10-09T18:16:47Z,Run,13135.6,3116,4693,23.0
19970621936,Afternoon Ride,2023-10-09T15:37:33Z,Ride,4360.9,894,1003,25.0
19970621943,Morning Ride,2023-10-09T07:06:17Z,Ride,4084.5,710,875,18.0
10002999044,Afternoon Ride,2023-10-08T15:57:47Z,Ride,4387.3,1188,1256,21.0
10002814082,Afternoon Ride,2023-10-08T13:01:56Z,Ride,1979.1,458,540,9.0
10001198889,Morning Run,2023-10-08T09:43:03Z,Run,18817.5,4817,5248,72.0
9994838023,Lunch Run,2023-10-07T11:45:44Z,Run,4305.8,1209,1360,15.0
9990045035,Morning Darkness > Evening Darkness,2023-10-06T18:26:17Z,Ride,4690.1,1009,1240,35.0
19970619828,Evening Ride,2023-10-06T18:26:10Z,Ride,4625.5,954,1247,19.0
9987500913,With Jackson!,2023-10-06T08:03:22Z,Run,17218.2,4869,5609,43.0
9984199497,Morning Ride,2023-10-05T10:19:52Z,Ride,8651.7,1370,19926,51.0
9981390778,With Roddy!,2023-10-05T07:53:31Z,Run,17762.2,4614,5487,62.0
9977966198,Morning Ride,2023-10-04T08:54:56Z,Ride,10277.1,1751,32417,50.0
9974698501,Tight Achilles,2023-10-04T07:16:26Z,Run,13177.0,3532,3899,32.0
9968208117,Morning Run,2023-10-03T07:29:37Z,Run,15617.2,4192,4531,29.0
9965315926,Some Proof Breaks,2023-10-02T18:38:42Z,Run,12377.1,3401,4183,33.0
9964010222,Morning Ride,2023-10-02T08:50:33Z,Ride,9479.9,1745,21924,52.0
9956132988,Mostly EZ LR,2023-10-01T08:07:58Z,Run,19611.3,4905,5652,43.0
9948774907,Morning EZ,2023-09-30T07:43:32Z,Run,8956.0,2389,2541,20.0
9944112918,Rainy Lunch Run,2023-09-29T11:46:04Z,Run,12283.7,3210,3529,38.0
9940117035,"{3,2,1} X Mile @tempo",2023-09-28T18:05:32Z,Run,16763.6,3721,4730,21.0
9939597305,Morning Ride,2023-09-28T10:21:31Z,Ride,9607.6,1704,24743,71.0
9933435396,Morning Ride,2023-09-27T08:53:24Z,Ride,10368.0,1803,31960,51.0
9930033047,Morning Ride,2023-09-27T06:06:10Z,Ride,36085.4,5271,6535,289.0
9927155745,Aborted Launch,2023-09-26T18:05:32Z,Run,7377.3,1958,2121,18.0
9926189726,Afternoon Ride,2023-09-26T13:19:34Z,Ride,3865.4,762,6308,23.0
9920434290,Double w/ the boys,2023-09-25T17:42:28Z,Run,10510.8,2921,3111,33.0
9917760950,Morning Ride,2023-09-25T10:25:14Z,Ride,2911.1,569,586,11.0
9917021722,Morning EZ,2023-09-25T07:10:22Z,Run,12184.3,3312,3446,46.0
9914494918,Strides w/ Bettina,2023-09-24T17:14:38Z,Run,5286.3,1520,1604,8.0
9913142524,Autumnal,2023-09-24T10:50:10Z,Run,24171.7,5958,7008,50.0
9906025357,Lunch Break,2023-09-23T12:04:38Z,Run,3396.7,872,940,11.0
9901115479,Evening Run,2023-09-22T18:32:56Z,Run,4181.7,1000,1150,14.0
9895668193,EZ with Chase,2023-09-21T18:13:18Z,Run,13834.3,3783,4034,24.0
9895169617,Morning Ride,2023-09-21T10:27:12Z,Ride,10697.5,1852,25008,68.0
9892065291,Recovery w/ Bettina,2023-09-21T07:21:15Z,Run,5366.9,1736,1925,12.0
9890095452,Night Ride,2023-09-20T21:48:41Z,Ride,1699.1,395,440,9.0
9889480878,"No Longer Sick, Apparently",2023-09-20T18:16:45Z,Run,12237.7,2921,3139,30.0
9889130538,Morning Ride,2023-09-20T08:41:23Z,Ride,10230.9,1822,32716,52.0
9872978971,EZ Run,2023-09-18T07:10:00Z,Run,12259.5,3348,3506,32.0
9867466016,Progression LR,2023-09-17T07:46:00Z,Run,21175.5,5100,6256,44.0
9861976927,Pancake Fueled,2023-09-16T11:45:17Z,Run,16617.9,4067,4653,93.0
9856458461,Afternoon Ride,2023-09-15T17:00:50Z,Ride,3879.1,719,4095,29.0
9855307766,Lunch Break,2023-09-15T12:33:41Z,Ride,22789.8,2752,3352,95.0
9854082444,First ride on new commuting bike,2023-09-15T09:47:46Z,Ride,3282.9,496,751,15.0
9851059411,4x1200m w/ Chase,2023-09-14T18:18:45Z,Run,17082.1,4469,5482,35.0
9841490321,Morning Ride,2023-09-13T10:24:42Z,Ride,2865.6,535,573,13.0
9840762262,Back at It,2023-09-13T07:34:08Z,Run,10373.4,2561,2784,26.0
9837597153,Afternoon Ride,2023-09-12T15:39:20Z,Ride,4543.3,832,1062,15.0
9829152821,Harvard -> MIT,2023-09-11T10:35:23Z,Ride,3380.2,605,642,7.0
9815719682,TARC Fall Classic 20 miler,2023-09-09T08:09:25Z,Run,31577.0,11212,11800,498.0
9807773297,Pre Meet,2023-09-08T07:15:21Z,Run,5122.7,1424,1557,13.0
9801090234,Sauna w/ Leo,2023-09-07T06:18:25Z,Run,14576.2,3756,4120,38.0
9794448430,G2,2023-09-06T06:52:52Z,Run,8084.0,2037,2445,16.0
9787564280,Morning Run w/ Bettina,2023-09-05T07:08:34Z,Run,7408.7,2269,2552,13.0
9775537345,So sore from moving,2023-09-03T09:06:40Z,Run,8940.5,2258,2486,25.0
9764480087,Lunch Weight Training,2023-09-01T11:25:32Z,WeightTraining,0.0,24472,24472,0
9761706345,Morning Weight Training,2023-09-01T07:36:41Z,WeightTraining,0.0,4600,4600,0
9755665230,Moving Day,2023-08-31T08:26:11Z,Run,8655.5,2091,2258,26.0
9752687822,Easy w/ Chase,2023-08-30T18:32:20Z,Run,11905.4,3182,3556,45.0
9743979508,Some Sprints,2023-08-29T11:57:49Z,Ride,23993.8,2909,3464,80.0
9739479480,Double w/ Chase,2023-08-28T17:46:49Z,Run,15395.2,4141,4312,28.0
9736157048,Morning Run,2023-08-28T07:18:34Z,Run,14173.8,3395,3933,39.0
9731682333,Great Brook Farm,2023-08-27T10:00:05Z,Run,16953.2,5735,6006,270.0
9726829810,Mystical Sprints,2023-08-26T16:08:21Z,Ride,29271.2,3436,3982,102.0
9711504639,Back w/ Chase and Stubna,2023-08-24T06:55:12Z,Run,13065.1,3513,3948,37.0
9708767409,Afternoon Ride,2023-08-23T16:36:30Z,Ride,2122.4,388,483,7.0
9705277735,Off Bike,2023-08-23T08:33:40Z,Run,8769.5,2124,2320,20.0
9704887374,Mystical Laps,2023-08-23T06:32:45Z,Ride,45566.7,5080,5679,144.0
9698271999,Easy w/ Bettina,2023-08-22T06:38:50Z,Ride,47000.7,7729,8972,495.0
9694677794,Afternoon Run,2023-08-21T17:32:25Z,Run,11977.8,2912,3391,28.0
9691349509,Morning Walk,2023-08-21T07:26:20Z,Walk,3179.3,2632,3742,11.0
9685835436,Great Glen Trails,2023-08-20T07:22:07Z,Run,24271.3,7365,8422,540.0
9681501770,Afternoon Weight Training,2023-08-19T17:06:26Z,WeightTraining,0.0,600,600,0
9681442179,Trail Run w/ Bettina,2023-08-19T16:19:39Z,Run,5793.2,1824,2099,124.0
9680680337,Pine Mountain,2023-08-19T11:59:17Z,Hike,6494.9,6179,7123,331.0
9678721578,Warmup for Cancelled Race,2023-08-19T08:12:27Z,Ride,7006.6,1569,3872,156.0
9672110457,Mt Washington Tomorrow,2023-08-18T07:25:28Z,Ride,23497.3,3066,3537,82.0
9662850382,MIT -> Dinner -> Back,2023-08-16T16:41:11Z,Ride,7222.6,1516,11494,38.0
9658871299,Tapering,2023-08-16T06:47:52Z,Ride,30875.3,4695,5354,129.0
9653467325,Guard -5,2023-08-15T11:35:00Z,Ride,19262.0,2100,2100,0
9648736075,Well Activated,2023-08-14T18:46:04Z,Run,8711.9,2122,2359,18.0
9647148398,Lunch Break Ride,2023-08-14T12:59:26Z,Ride,23828.9,2705,3194,91.0
9645204988,Morning Stroll,2023-08-14T07:18:12Z,Walk,3911.7,3222,4159,23.0
9635381128,Important Bagel Question,2023-08-12T16:23:50Z,Run,11916.7,2923,3262,34.0
9634781457,Hahvahd Hahvahd Hahvahd,2023-08-12T08:52:00Z,Ride,102472.0,15048,20929,1021.0
9629246174,First Good Run of the Week,2023-08-11T18:16:15Z,Run,16867.1,4221,4912,52.0
9622177964,New Bike Day,2023-08-10T14:36:23Z,Ride,11316.5,1483,3048,60.0
9621762736,To Bike Shop,2023-08-10T14:12:54Z,Ride,3417.1,635,716,22.0
9616557998,Recovery w/ Bettina,2023-08-09T18:22:28Z,Run,9775.1,3280,3504,29.0
9616205137,Afternoon Ride,2023-08-09T16:39:46Z,Ride,2117.3,418,5201,5.0
9614220460,Lunch Run,2023-08-09T12:25:17Z,Run,246.1,66,66,1.0
9602737722,MIT Track Bathrooms 🥹,2023-08-07T17:32:35Z,Run,9025.1,2426,3452,22.0
9596371950,Afternoon Walk,2023-08-06T15:53:04Z,Walk,1200.0,968,1008,40.0
9594108324,Hanover and Norwich Loops w/ Bettina,2023-08-06T08:08:05Z,Ride,24462.1,4073,6462,287.0
9590725487,Hanover Stroll,2023-08-05T19:40:22Z,Walk,4277.8,3223,4285,31.0
9589834210,Abridged Climbing Day,2023-08-05T05:53:36Z,Ride,220066.0,28616,36392,3122.0
9582386192,Lunch Break,2023-08-04T11:18:15Z,Run,14143.7,3509,3993,49.0
9578014276,Afternoon Ride,2023-08-03T17:04:10Z,Ride,1983.6,394,496,10.0
9574939029,"""Look at all these acolytes of the Protestant work ethic!""",2023-08-03T06:20:07Z,Ride,47014.5,7112,8499,508.0
9572434690,Afternoon Ride,2023-08-02T16:39:28Z,Ride,1996.7,367,461,5.0
9568159848,Cool Weather,2023-08-02T06:28:50Z,Run,16820.2,4221,4702,46.0
9565633504,"Excuse me, on your left, testing out half tights over here",2023-08-01T18:55:04Z,Run,11956.2,2716,2982,34.0
9561891380,Mystical Loops with Bettina,2023-08-01T06:33:00Z,Ride,48311.2,7341,8235,241.0
9558645847,Very EZ with Chase,2023-07-31T17:50:19Z,Run,9290.6,2659,3030,19.0
9555566936,Blessed to Get a Flat at Walden ,2023-07-31T06:01:23Z,Ride,74967.3,8224,10965,673.0
9552844956,Great Day to be in Boston,2023-07-30T17:13:43Z,Run,16118.4,3853,4286,41.0
9549793804,Such a Nice Morning,2023-07-30T07:54:24Z,Ride,27535.7,4451,5204,146.0
9542935088,Humid,2023-07-29T07:39:08Z,Run,6567.9,2247,2436,15.0
9539158706,Afternoon Ride,2023-07-28T13:09:53Z,Ride,4510.4,906,7624,26.0
9528090428,Double w Chase,2023-07-26T17:46:19Z,Run,9217.4,2568,2848,19.0
9524669411,Woolwell,2023-07-26T06:21:40Z,Ride,64274.6,7200,7200,0
9517853364,Gage,2023-07-25T07:32:48Z,Ride,9314.0,1037,1037,0
9517546710,Rear Derailleur Troubles,2023-07-25T06:03:52Z,Ride,14479.4,1671,3708,44.0
9515074857,Talkin' Movies w/ Chase,2023-07-24T17:49:39Z,Run,11924.7,3345,3542,32.0
9511987862,Apikuni,2023-07-24T06:32:10Z,Ride,83431.1,9000,9000,0
9509379098,Shakeout w/ Bettina,2023-07-23T18:26:16Z,Run,5066.1,1730,2013,12.0
9506275855,Full Alaskan Bull Worm,2023-07-23T06:35:26Z,Run,33024.3,8851,9868,59.0
19970619884,Afternoon Ride,2023-07-22T15:19:46Z,Ride,9289.6,1630,1868,32.0
9502192709,North Station -> Home,2023-07-22T15:19:43Z,Ride,9295.1,1635,1865,41.0
9502461565,Rockport w/ Bettina,2023-07-22T06:29:21Z,Ride,106060.0,16005,23737,611.7
9495702557,MIT and Back,2023-07-21T13:14:45Z,Ride,4369.4,754,7720,20.0
9493347633,Weekday Walden,2023-07-21T06:47:34Z,Run,13381.6,3986,4208,219.0
9487115346,New Route w/ Bettina,2023-07-20T06:23:19Z,Ride,33988.2,5504,6004,274.0
9484549477,Recovery w/ Bettina,2023-07-19T19:08:56Z,Run,6451.5,2086,2217,17.0
9481033926,Blazing past traffic,2023-07-19T07:49:51Z,Ride,34385.9,3655,4287,307.0
9480416307,Flat + New Gear review,2023-07-19T05:54:54Z,Ride,40398.2,4736,4830,361.0
9477868461,Cool Double,2023-07-18T18:16:02Z,Run,14124.0,3391,4159,43.0
9474149262,Morning Ride w/ Bettina,2023-07-18T06:01:02Z,Ride,52872.1,8096,8848,405.0
9467462324,Boarstone -2,2023-07-17T06:58:56Z,Ride,32580.1,3601,3601,0
9462264555,Drenched w/ Stubna and Chase,2023-07-16T07:56:02Z,Run,20823.8,5534,6546,41.0
9458759218,Party @ HBS and Back,2023-07-15T17:08:29Z,Ride,4391.8,778,12388,25.0
9457333908,Course Recon,2023-07-15T11:59:14Z,Run,17273.3,5711,6635,258.0
9443346803,Beating Traffic,2023-07-13T06:09:30Z,Ride,74938.0,8958,9890,664.0
9440239655,Double,2023-07-12T17:45:05Z,Run,10130.4,2508,2879,27.0
9439901860,MIT and Back,2023-07-12T14:35:35Z,Ride,4530.9,929,8711,20.0
9436796592,High Torque Day,2023-07-12T06:00:47Z,Ride,56188.4,7127,8134,475.0
9430675151,Great Blue Hill Repeats,2023-07-11T05:48:40Z,Ride,72913.3,11614,13284,1631.0
9427213389,Slide Mountain,2023-07-10T17:51:31Z,Ride,34991.5,3600,3600,0
9423714417,Weekday Trail Run,2023-07-10T06:39:04Z,Run,10789.2,3265,4033,170.0
9418938177,Recovery Day,2023-07-09T08:50:31Z,Walk,1248.3,1589,2312,18.0
9411875452,Headed out to the Cape for a Recovery Run,2023-07-08T08:53:21Z,Run,6863.0,2162,2334,62.0
9407444738,Bike Shop and Back,2023-07-07T12:44:04Z,Ride,6872.3,982,8712,33.0
9405539709,Seeking out New Hills,2023-07-07T06:00:58Z,Ride,84533.8,10027,11655,920.0
9402369240,Actually loving the heat,2023-07-06T17:27:42Z,Run,11386.6,3014,3385,37.0
9399255830,Flower Power,2023-07-06T06:33:16Z,Ride,49266.8,8104,9329,381.0
9396131023,34% Adapted to the Heat,2023-07-05T18:05:49Z,Run,8590.4,2534,2965,28.0
9392862723,Sweaty Miles,2023-07-05T06:18:04Z,Ride,75296.6,8801,9409,602.0
9390398789,Ciclovia Bopping 🇺🇸,2023-07-04T19:36:42Z,Ride,20224.1,3791,4237,45.0
9385845784,Morning Weight Training,2023-07-04T07:26:16Z,WeightTraining,0.0,709,709,0
9385673066,Recovery w/ Bettina,2023-07-04T06:34:13Z,Run,5150.5,1698,1867,16.0
9383589177,"Looks like running's back on the menu, boys!",2023-07-03T18:43:50Z,Run,12018.2,2747,3490,28.0
9381455527,Bike Shop and Back,2023-07-03T11:04:39Z,Ride,6634.2,1016,6590,34.0
9380170826,Rocky,2023-07-03T07:43:08Z,Ride,47761.9,5400,5400,0
9377271541,Panum,2023-07-02T15:21:05Z,Ride,47841.3,5400,5400,0
9376797538,Ramp Test,2023-07-02T14:33:38Z,Ride,14933.6,1577,1577,0
9368332429,Les Grands Départs,2023-07-01T06:53:52Z,Ride,54815.9,8591,11026,408.0
9362018540,Fast Friday,2023-06-30T05:47:24Z,Ride,75334.0,8611,9246,605.0
9355994117,Morning Spin w/ Bitana,2023-06-29T06:03:19Z,Ride,23398.1,3829,6788,74.0
9353387078,Cartalk w/ Chase,2023-06-28T17:33:46Z,Run,12542.1,3356,3841,33.0
9343451491,Recovery Spin w/ Bettina,2023-06-27T06:11:05Z,Ride,37943.7,6132,6596,143.0
9340618145,2x400m + Core w/ Bettina,2023-06-26T17:41:59Z,Run,4920.7,1286,3038,10.0
9337444413,Monday Part II,2023-06-26T07:35:00Z,Ride,26136.5,2967,3308,228.0
9337142240,Monday Part I,2023-06-26T05:49:18Z,Ride,49316.6,5777,6033,348.0
9334027068,Pizza Festival -> Home,2023-06-25T14:22:40Z,Ride,4302.1,763,797,23.0
9332757528,To get a breakfast burrito,2023-06-25T07:00:13Z,Ride,55179.8,8779,14816,571.0
9328854456,Night Rider,2023-06-24T21:21:59Z,Ride,4401.0,877,2690,21.0
9327830406,Great Brook Farm w/ Bettina,2023-06-24T12:31:16Z,Ride,70353.8,10764,14057,372.0
9322196576,Evening Run,2023-06-23T19:52:04Z,Run,553.9,142,163,0.0
9322196421,Bike Pickup,2023-06-23T18:31:48Z,Ride,8198.6,2015,4749,34.0
9316392610,MIT Weights w/ Bettina,2023-06-22T17:43:40Z,WeightTraining,0.0,1639,1639,0
9316392528,Afternoon Run,2023-06-22T17:26:58Z,Run,2002.2,527,542,4.0
9310621137,Double w/ Chase,2023-06-21T17:50:48Z,Run,10195.5,2766,3958,33.0
9307058743,Progression 40miler,2023-06-21T05:45:12Z,Ride,66818.4,7933,8416,491.0
9300777331,Cooldown,2023-06-20T08:39:44Z,Run,1665.3,442,485,8.0
9300724644,Hemenweights,2023-06-20T08:19:13Z,WeightTraining,0.0,1134,1134,0
9300610557,Not Much of a Recovery,2023-06-20T07:35:28Z,Run,8430.8,2161,2436,24.0
9297520533,Afternoon Walk,2023-06-19T15:39:40Z,Walk,5632.3,4406,4728,20.0
9296018123,Alpe d'Wachusett,2023-06-19T06:03:01Z,Ride,183894.0,23071,26558,2218.0
9289189083,Back from Sofra,2023-06-18T08:46:02Z,Walk,4591.5,3235,3415,11.0
9289189102,Pilgrimage to Sofra,2023-06-18T07:47:59Z,Run,3584.8,1179,1269,5.0
9275238946,Bike Drop Off,2023-06-16T08:58:13Z,Ride,44700.9,7189,7694,389.0
9271176940,Lago Maggiore w/ Sebastian,2023-06-15T07:17:55Z,Ride,174853.0,23469,38986,950.0
9263851366,Alpe di Neggia + More,2023-06-14T09:27:03Z,Ride,75435.2,14969,19391,2246.0
9263836723,Decrescendo from Casa,2023-06-14T09:20:45Z,Ride,1347.8,262,262,1.0
9257620108,Lugano Stroll,2023-06-13T14:23:48Z,Walk,2616.5,2855,5546,52.0
9251725833,Channeling Breaking Away,2023-06-12T14:29:09Z,Ride,49136.8,7452,9054,332.0
9250393343,Ascona Stroll + Bike Shop + Pizza,2023-06-12T10:54:19Z,Walk,2603.9,2632,4385,36.0
9245765018,Swiss Infrastructure 😤🚞 Italian Food❤️‍🔥🤌,2023-06-11T11:17:31Z,Hike,13621.3,11909,16445,168.0
9239241226,"yeah gotta give this one a ""mamma mia""",2023-06-10T10:52:18Z,Hike,13734.9,15655,19699,1460.0
9233505607,escursione a casa,2023-06-09T18:05:08Z,Hike,171.1,298,335,43.0
9229115478,Cooldown,2023-06-08T16:52:47Z,Run,1668.6,417,498,5.0
9229072297,Pre Flight Hemenweights,2023-06-08T16:26:45Z,WeightTraining,0.0,1422,1422,0
9228950842,Serendipity,2023-06-08T15:19:05Z,Run,13243.6,3396,3762,41.0
9223101979,Relocation Complete,2023-06-07T17:57:05Z,Run,9022.6,2782,3103,20.0
9213393248,Pier Run,2023-06-06T07:39:52Z,Run,9095.9,2288,2451,19.0
9210584555,Divvy to REI,2023-06-05T18:30:19Z,Ride,17780.7,2913,3162,56.0
9210332311,Run to Divvy,2023-06-05T18:21:17Z,Run,878.9,221,372,2.0
9206970873,Classic Morning Route,2023-06-05T06:02:50Z,Ride,53805.7,6297,6531,111.0
9201345570,Graduation Festivities,2023-06-04T07:59:22Z,Run,5736.8,1933,1988,16.0
9188488379,Ratner Weights with Bettina,2023-06-02T08:41:09Z,WeightTraining,0.0,3189,3189,0
9184632226,Union Station ➡️ Hyde Park,2023-06-01T15:07:07Z,Ride,14346.3,2489,2747,40.0
9179126948,2 Years + 111 Miles Later,2023-05-31T05:43:16Z,Ride,179590.0,28389,44772,599.0
9169089313,Hemenweights,2023-05-30T09:00:22Z,WeightTraining,0.0,1020,1020,0
9168989913,Warmup row,2023-05-30T08:46:55Z,Rowing,0.0,607,607,0
9159249361,Lunch Ride,2023-05-28T12:08:30Z,Ride,4114.7,730,13044,27.0
9157745461,Harvard ➡️ Harvard,2023-05-28T07:12:12Z,Ride,108293.0,13669,15745,989.0
9150414243,Testing the Waters,2023-05-27T07:27:11Z,Ride,75030.8,9326,9850,591.0
9146309576,Afternoon Ride,2023-05-26T17:35:57Z,Ride,2041.3,357,401,12.0
9146283474,Afternoon Weight Training,2023-05-26T17:14:55Z,WeightTraining,0.0,977,977,0
9146215839,Afternoon Row,2023-05-26T17:05:16Z,Rowing,0.0,482,482,0
9146174207,Afternoon Ride,2023-05-26T16:53:00Z,Ride,2184.2,431,449,14.0
9134754036,Oof,2023-05-24T17:29:11Z,Run,9123.7,2386,2735,25.0
9128149332,How would you like your eggs? Addled.,2023-05-23T16:31:39Z,Run,13573.3,3497,4248,45.0
9121583446,Hemenweights,2023-05-22T16:39:42Z,WeightTraining,0.0,977,977,0
9121497708,Afternoon Row,2023-05-22T16:30:28Z,Rowing,0.0,296,296,0
9118411976,Taking it easier,2023-05-22T06:38:41Z,Run,14115.9,3830,4402,52.0
9116153452,Double,2023-05-21T17:33:44Z,Run,8713.9,2139,2553,16.0
9112865686,No Century Today,2023-05-21T06:20:47Z,Ride,76048.5,9199,9983,594.0
9105951698,Back Out There,2023-05-20T06:41:56Z,Ride,56655.1,6869,7259,425.0
9102255782,Short Rowing Session,2023-05-19T16:04:21Z,Rowing,0.0,566,566,0
9102207979,Hemenweights,2023-05-19T15:23:57Z,WeightTraining,0.0,2231,2231,0
9099512936,Just Two Union Guys Talking Shop,2023-05-19T06:10:50Z,Run,14569.0,3766,4685,40.0
9097130506,Test Ride,2023-05-18T17:19:37Z,Ride,22006.2,3596,4662,121.0
9093303110,Gloves Weather,2023-05-18T06:03:33Z,Run,14494.9,3826,4556,42.0
9090782325,Chicago Boys,2023-05-17T17:54:21Z,Run,12882.3,3232,4202,45.0
9081208349,Pre Flight,2023-05-16T07:20:54Z,Run,11890.7,3119,3433,27.0
9078149218,Likely Last Outdoor Erg,2023-05-15T16:21:40Z,Rowing,0.0,4574,4574,0
9075018135,First Monday of Summer,2023-05-15T06:48:32Z,Run,12250.0,3226,3680,32.0
9070018259,Pre Brunch,2023-05-14T08:05:09Z,Run,11829.0,3099,3771,27.0
9065069415,Outdoor Erg: Soliciting Advice,2023-05-13T12:03:18Z,Rowing,0.0,2946,2946,0
9064269425,100 Acres w/ Mom,2023-05-13T10:18:46Z,Walk,2909.2,2490,2587,16.0
9063383305,Allergy City,2023-05-13T08:08:36Z,Run,10915.2,2917,3144,28.0
9059640192,Erg: 2x5k,2023-05-12T15:43:48Z,Rowing,0.0,2957,2957,0
9057521373,Humidity Training,2023-05-12T08:08:27Z,Run,11392.3,3029,3588,25.0
9054298126,Cooldown,2023-05-11T16:54:23Z,Run,323.8,92,96,0.0
9054270229,Erg: Outdoor Edition,2023-05-11T16:14:42Z,Rowing,0.0,2035,2035,0
9054140202,Warmup Double,2023-05-11T16:05:54Z,Run,489.1,137,137,0.0
9051500805,Cooldown,2023-05-11T08:11:07Z,Run,3403.4,878,1022,1.0
9051398524,Hemenweights,2023-05-11T07:45:45Z,WeightTraining,0.0,1329,1329,0
9051256952,Warmup,2023-05-11T07:23:03Z,Run,3329.2,890,1132,7.0
9048722169,Cooldown,2023-05-10T18:26:01Z,Run,1904.4,545,646,2.0
9048634566,Erg: 2x5k,2023-05-10T17:30:44Z,Rowing,0.0,2580,2580,0
9048444287,Warmup,2023-05-10T17:03:48Z,Run,3655.8,1008,1192,14.0
9042413109,Hemenweights,2023-05-09T17:58:20Z,WeightTraining,0.0,438,438,0
9042381298,Erg: Progressive 5k,2023-05-09T17:38:01Z,Rowing,0.0,1199,1199,0
9040584541,Lunch Run,2023-05-09T11:50:27Z,Run,11876.2,3184,3374,41.0
9036461092,Hemenweights,2023-05-08T18:45:34Z,WeightTraining,0.0,876,876,0
9036392636,Post Run Row,2023-05-08T18:12:09Z,Rowing,0.0,1946,1946,0
9036249354,Pre Row Run,2023-05-08T17:27:15Z,Run,8063.3,2017,2399,23.0
9030232523,Easy w/ Bettina,2023-05-07T15:27:48Z,Run,5096.2,1646,2554,11.0
9023985527,Bluebike to Dinner,2023-05-06T18:44:17Z,Ride,1489.5,334,411,4.0
9023884169,Cooldown,2023-05-06T18:04:39Z,Run,1795.9,463,561,1.0
9023848387,Hemenweights,2023-05-06T17:51:41Z,WeightTraining,0.0,570,570,0
9023812506,2x5k @easyish,2023-05-06T17:06:21Z,Rowing,0.0,2686,2686,0
9023656889,Warmup,2023-05-06T16:52:23Z,Run,1796.8,492,541,10.0
9022642267,Mt Auburn + Formaggio BBQ,2023-05-06T10:18:41Z,Ride,11080.4,2576,10069,66.0
9017363051,Successful Run!,2023-05-05T17:07:12Z,Run,1611.7,381,381,0
9017331397,Erg: 4x500,2023-05-05T16:26:43Z,Rowing,0.0,2247,2247,0
9011754851,Hemenweights,2023-05-04T16:50:26Z,WeightTraining,0.0,605,605,0
9011711819,Erg: 15k Continuous,2023-05-04T15:48:17Z,Rowing,0.0,3661,3661,0
8998196103,Hemenweights,2023-05-02T13:58:36Z,WeightTraining,0.0,1579,1579,0
8997981281,20k Erg: Intervals + Endurance,2023-05-02T12:20:56Z,Rowing,0.0,5833,5833,0
8993195046,Hemenweights,2023-05-01T17:35:34Z,WeightTraining,0.0,499,499,0
8993156813,90min Elliptical,2023-05-01T16:01:16Z,Elliptical,0.0,5500,5500,0
8992805401,Little Row,2023-05-01T15:48:10Z,Rowing,0.0,629,629,0
8986140085,Hemenweights,2023-04-30T14:14:40Z,WeightTraining,0.0,1013,1013,0
8986044392,Erg: 3x20min,2023-04-30T13:01:54Z,Rowing,0.0,4177,4177,0
8980321267,Hemenweights,2023-04-29T17:12:55Z,WeightTraining,0.0,1159,1159,0
8980248195,Erg: 4x2500m,2023-04-29T16:15:03Z,Rowing,0.0,3235,3235,0
8973560535,Erg Intervals + Weights,2023-04-28T13:47:21Z,Rowing,0.0,3765,3765,0
8968826131,To and From MIT,2023-04-27T15:39:43Z,Ride,5988.6,1108,5771,15.0
8968219504,Erg + Some Weights,2023-04-27T14:11:59Z,Rowing,0.0,2442,2442,0
8963431482,End of Semester,2023-04-26T18:55:02Z,Ride,4822.2,927,1307,34.0
8961119675,Watch Out Charles River,2023-04-26T11:34:51Z,Rowing,0.0,1442,1442,0
8960968589,Pre Exam CNS Activation,2023-04-26T11:10:20Z,WeightTraining,0.0,1344,1344,0
8954355238,Tomyhoi,2023-04-25T08:12:58Z,Ride,48643.1,5400,5400,0
8951406428,Volunteer,2023-04-24T19:42:30Z,Ride,16548.5,1800,1800,0
8945859521,Baxter -2,2023-04-23T18:07:07Z,Ride,11213.0,1260,1260,0
8931658537,Lunch Weight Training,2023-04-21T12:35:45Z,WeightTraining,0.0,1890,1890,0
8930225474,Morning Ride,2023-04-21T08:53:27Z,Ride,1308.4,190,190,10.0
8927626729,Hemenweights + Hemeniptical,2023-04-20T18:29:54Z,WeightTraining,0.0,1261,1261,0
8927529993,Dipping My Toes Back In,2023-04-20T18:02:27Z,Run,4103.1,1068,1292,16.0
8925055886,Morning Ride,2023-04-20T10:22:57Z,Ride,1156.8,187,244,2.0
8922240400,West Vidette -1,2023-04-19T19:53:52Z,Ride,16403.8,1800,1800,0
8915736876,Elliptical? More like ellipsicle ,2023-04-18T17:47:51Z,Elliptical,0.0,3664,3664,0
8915498645,Lifting Next to Macro Prof 😤📈,2023-04-18T17:25:20Z,WeightTraining,0.0,1289,1289,0
8912859479,Morning Ride,2023-04-18T10:22:00Z,Ride,1143.5,251,284,3.0
8909361812,"4 activities in 1 day, sorry",2023-04-17T17:17:08Z,Elliptical,0.0,1912,1912,0
8909237419,Hemenweights,2023-04-17T16:58:26Z,WeightTraining,0.0,973,973,0
8907916545,Post Marathon Spectating,2023-04-17T13:05:28Z,Ride,2713.1,492,577,9.0
8907106391,BB to BM,2023-04-17T10:41:31Z,Ride,2930.4,585,661,12.0
8902182364,Elliptical? More like Hell-iptical,2023-04-16T10:33:50Z,Elliptical,0.0,3966,3966,0
8901668684,Hemenweights,2023-04-16T10:17:22Z,WeightTraining,0.0,866,866,0
8896798062,Xtrain Elliptical,2023-04-15T14:53:29Z,Elliptical,0.0,964,964,0
8896726799,Hemenweights,2023-04-15T14:25:16Z,WeightTraining,0.0,1631,1631,0
8886026270,Post Seminar,2023-04-13T17:19:12Z,Ride,1634.9,322,376,8.0
8885685643,Pre Seminar,2023-04-13T15:38:11Z,Ride,3354.7,614,801,11.0
8883799748,To Class,2023-04-13T10:21:58Z,Ride,1324.6,223,270,2.0
8880779137,"Whoa, Taking it Easy",2023-04-12T18:28:08Z,Run,11299.6,3141,3574,34.0
8871695254,Kenneth C Griffin Graduate Student of Economics,2023-04-11T08:22:38Z,Run,14501.3,3883,4370,32.0
8868470848,Additional Grocery Mileage,2023-04-10T18:07:03Z,Run,611.2,171,193,2.0
8868345914,SPF 50 Slathering,2023-04-10T16:09:11Z,Run,15026.2,3886,5409,40.0
8862663547,Very Much Angry Goose Season,2023-04-09T17:43:56Z,Run,8619.7,2327,2597,17.0
8857454923,Blue Bike from Party,2023-04-09T00:35:38Z,Ride,2531.2,419,445,10.0
8857045050,Blue Bike to Party,2023-04-08T20:49:47Z,Ride,2624.4,451,518,9.0
8856621220,Long Way to Feed a Cat,2023-04-08T16:23:39Z,Run,22131.3,5510,6950,68.0
8850212706,Running Gently,2023-04-07T16:24:02Z,Run,8681.3,2396,2713,43.0
8844972843,Attempt #2,2023-04-06T18:09:26Z,Run,11952.6,3091,4023,28.0
8841993039,Oof,2023-04-06T08:14:24Z,Run,491.8,148,207,1.0
8833806520,Mostly a Slog,2023-04-04T17:47:17Z,Run,14349.6,3896,4301,37.0
8827611046,Enjoying later sunsets,2023-04-03T17:34:03Z,Run,14504.1,3978,4391,50.0
8821111090,Cinematic Run,2023-04-02T12:41:05Z,Run,14291.8,3752,4243,53.0
8815970499,Back to Running,2023-04-01T19:06:58Z,Run,8686.3,2423,2670,22.0
8805642513,Kitumbeine,2023-03-30T18:17:41Z,Ride,30131.1,3600,3600,0
8775245053,Abridged Long Run w/ Stubna and Chase,2023-03-25T09:28:24Z,Run,19914.9,5310,6515,59.0
8771294110,Near Peak Spring Running,2023-03-24T16:46:22Z,Run,14527.1,3808,4121,48.0
8761157814,Recovery,2023-03-22T18:25:38Z,Run,11976.8,3300,3513,27.0
8755522413,Classic Tuesday Evening Long Run,2023-03-21T17:34:30Z,Run,26189.4,6901,9196,82.0
8749544944,Spring Running Endorphins,2023-03-20T18:35:48Z,Run,20201.6,5065,5713,37.0
8743133146,Recovery,2023-03-19T13:18:29Z,Run,11838.8,3282,3527,58.0
8737506760,Shockingly Nice,2023-03-18T16:36:53Z,Run,11867.2,3038,3639,30.0
8732242890,On a Mission to get In-n-Out,2023-03-17T17:20:51Z,Walk,4903.9,3737,3991,19.0
8730384804,CRHT - Day 3,2023-03-17T08:01:41Z,Hike,9565.5,6634,6660,22.0
8730382378,CRHT - Day 2,2023-03-16T08:26:47Z,Hike,28563.2,22641,34263,234.0
8730381218,CRHT - Day 1,2023-03-15T10:59:41Z,Hike,22572.4,18168,24548,839.0
8715631831,Cottonwood/Marble Canyons - Day 2,2023-03-14T07:47:04Z,Hike,23747.2,19320,24489,402.0
8715631046,Cottonwood/Marble Canyons - Day 1,2023-03-13T09:15:16Z,Hike,20488.3,18479,26399,776.0
8697522105,Recovery Run,2023-03-11T11:15:04Z,Run,8629.5,2398,2869,29.0
8692371462,Pferdeäpfel,2023-03-10T11:24:30Z,Run,34120.7,8620,9881,85.0
8688866312,Spring Break,2023-03-09T18:27:15Z,Run,16110.7,4468,5331,27.0
8678097440,Ethics of using ChatGPT for Strava titles?,2023-03-07T17:32:21Z,Run,10967.2,3007,3310,50.0
8672147635,Cooldown through the yahd ,2023-03-06T17:25:41Z,Run,1693.7,430,485,2.0
8672109382,Afternoon Weight Training,2023-03-06T17:08:11Z,WeightTraining,0.0,951,951,0
8672037706,Warming up for Weights,2023-03-06T16:02:23Z,Run,12893.6,3503,3773,55.0
8667449586,Mokelumne +1,2023-03-05T17:21:09Z,Ride,55435.6,6180,6180,0
8665648436,Long Run #2 w/ Chase,2023-03-05T09:37:11Z,Run,26293.4,6562,7635,62.0
8659928257,Flurries and Drizzles,2023-03-04T12:57:13Z,Run,8733.2,2418,2679,40.0
8654332534,Fresh Friday,2023-03-03T12:18:40Z,Run,30634.0,7412,8733,67.0
8650321578,Taking it Easy,2023-03-02T18:38:05Z,Run,8720.2,2309,2396,23.0
8644738277,6x1200m w/ Chase,2023-03-01T17:34:19Z,Run,12970.7,3418,4021,40.0
8633517415,Efficient Run,2023-02-27T18:03:21Z,Run,12444.0,3221,3500,41.0
8627444728,Cooldown After Weights,2023-02-26T13:28:32Z,Run,1707.8,425,445,1.0
8627392049,Afternoon Weight Training,2023-02-26T13:08:26Z,WeightTraining,0.0,970,970,0
8627309556,Warming up for Weights,2023-02-26T12:03:06Z,Run,12839.4,3385,3760,41.0
8620875581,Chilly LR w/ Stubna and Chase,2023-02-25T09:29:41Z,Run,29254.5,7603,8180,57.0
8615669573,letting code do its thing,2023-02-24T12:19:02Z,Run,11941.2,3132,3605,65.0
8612000166,West Vidette -1,2023-02-23T17:54:51Z,Ride,16403.0,1800,1800,0
8606677361,Recovery Run,2023-02-22T17:38:38Z,Run,8681.9,2359,2639,12.0
8601124752,54321 Fartlek w/ Chase,2023-02-21T16:35:24Z,Run,13828.7,3485,3760,20.0
8595740011,Mont Gosford -1,2023-02-20T18:02:01Z,Ride,40488.8,4500,4500,0
8593917600,Righteous Weather,2023-02-20T11:23:17Z,Run,20297.1,4980,5897,68.0
8588533278,LR w/ Chase w/ 2.8mi Fast,2023-02-19T09:36:21Z,Run,24521.1,6183,7062,49.0
8582939711,Secured the Package,2023-02-18T12:40:57Z,Run,3141.3,904,1280,18.0
8582363549,Run to REI,2023-02-18T10:28:21Z,Run,3424.6,945,1062,20.0
8578530897,Whorl,2023-02-17T17:38:29Z,Ride,48199.7,5400,5400,0
8573600707,MIT -> Home,2023-02-16T17:05:19Z,Walk,5666.5,4264,4351,5.0
8570754915,Rite of Spring w/ Stubna,2023-02-16T06:38:44Z,Run,19529.0,5009,5809,64.0
8568323721,3x2000m @HMP w/ Chase,2023-02-15T17:33:09Z,Run,14025.0,3601,4212,28.0
8562413622,Better Sunset Run,2023-02-14T16:36:58Z,Run,11923.6,3159,3549,21.0
8556747289,Sunset Run,2023-02-13T16:27:55Z,Run,14506.3,3869,4646,27.0
8555502783,Lunch Walk,2023-02-13T12:59:03Z,Walk,2369.4,1670,1670,5.0
8550706810,Attempted Recovery,2023-02-12T12:34:11Z,Run,8702.4,2252,2560,24.0
8543916533,Riding the Gusts,2023-02-11T09:36:34Z,Run,27616.1,6882,7738,102.0
8538462881,Super Warm and Super Windy,2023-02-10T12:08:06Z,Run,11911.1,3104,3325,70.0
8534872699,Jordan,2023-02-09T18:06:01Z,Ride,32824.8,3600,3600,0
8532120220,Sunny Morning,2023-02-09T08:32:43Z,Run,11929.5,2993,3190,27.0
8526201581,Dicks -4,2023-02-08T07:43:25Z,Ride,18884.0,1920,1920,0
8523716869,5x1200m w/ Chase,2023-02-07T17:31:16Z,Run,12971.3,3534,4775,34.0
8517885607,Reco Run,2023-02-06T17:45:50Z,Run,11326.3,3231,3757,32.0
8511748908,Double w/ Bettina,2023-02-05T12:40:38Z,Run,8397.1,2599,2770,19.0
8509893437,"North on Lake, South on Streets",2023-02-05T07:04:41Z,Run,16122.8,4361,4528,29.0
8505696779,Afternoon Skate,2023-02-04T13:41:14Z,IceSkate,5340.1,2146,2603,25.0
8505303630,Hyde Park Stroll,2023-02-04T11:07:06Z,Walk,6595.4,4729,5071,35.0
8503787318,The Chicago Lakefront Experience ™️,2023-02-04T07:04:19Z,Run,16741.8,4503,4691,50.0
8500555310,Chicago w/ Bettina!,2023-02-03T16:56:41Z,Run,8739.6,2706,3001,15.0
8493214576,Norman Clyde -2,2023-02-02T08:50:04Z,Ride,34278.9,3600,3600,0
8490579319,West Vidette -1,2023-02-01T18:49:22Z,Ride,20966.5,2400,2400,0
8485064395,Grassy Ridge -2,2023-01-31T18:22:11Z,Ride,32818.2,3600,3600,0
8479468102,Evening Run,2023-01-30T19:01:20Z,Run,11982.7,3330,3537,31.0
8473098300,Mileage Bump,2023-01-29T12:31:27Z,Run,6862.0,1755,1992,17.0
8468036995,Afternoon -> Evening Long Run,2023-01-28T15:37:04Z,Run,24164.3,6316,6905,47.0
8461518822,Actually Sunny,2023-01-27T12:42:28Z,Run,15956.9,4269,5085,29.0
8457854978,More Darkness,2023-01-26T18:38:49Z,Run,11513.6,3035,3264,50.0
8452389462,Snowy Run w/ Chase + Found Stubna!,2023-01-25T17:31:15Z,Run,11273.6,3105,3524,32.0
8447391433,Grassy Ridge -3,2023-01-24T19:29:20Z,Ride,32650.7,3600,3600,0
8439636642,"Rain, Sleet, Hail, Snow",2023-01-23T11:35:30Z,Run,12495.7,3423,3853,35.0
8434414126,LR w/ Chase and Stubna,2023-01-22T08:57:45Z,Run,22681.6,6163,6823,82.0
8430588219,Afternoon Run,2023-01-21T17:55:51Z,Run,11927.0,3212,3418,30.0
8424569883,Little Run,2023-01-20T17:17:03Z,Run,3822.1,978,1096,11.0
8420403701,Buttertubs +2,2023-01-19T19:16:16Z,Ride,51730.2,5400,5400,0
8413369420,Beech,2023-01-18T12:07:44Z,Ride,43962.0,4860,4860,0
8409432227,Some Hills w/ Chase,2023-01-17T17:32:12Z,Run,14190.0,4140,4910,142.0
8404091499,Volunteer -1,2023-01-16T18:58:48Z,Ride,21175.1,2400,2400,0
8398997571,Glassy -2,2023-01-15T17:59:51Z,Ride,25063.6,2743,2743,0
8396928630,LR w/ Chase,2023-01-15T09:05:00Z,Run,20022.7,5342,5927,74.0
8387413749,Rainy + Fartleky,2023-01-13T17:34:36Z,Run,11888.0,2995,3355,29.0
8381330171,Lunch Break,2023-01-12T13:33:23Z,Run,3732.5,981,1114,10.0
8377385899,Colosseum -2,2023-01-11T17:31:55Z,Ride,33214.3,3600,3600,0
8371884761,4x1200 w/ Chase,2023-01-10T17:32:51Z,Run,11452.3,3056,4150,28.0
8365984810,Tights? More like looses,2023-01-09T16:17:07Z,Run,11973.3,3083,3490,35.0
8361397343,Bike Trainer Date w/ Bettina,2023-01-08T18:00:56Z,Ride,49822.0,5400,5400,0
8360273886,Another Sunny Day,2023-01-08T13:08:06Z,Run,11297.7,2901,3238,21.0
8354473220,Enjoying the Sun,2023-01-07T12:36:14Z,Run,18508.8,4899,5893,44.0
8349602834,Snow!,2023-01-06T17:17:55Z,Run,11850.3,3271,3654,61.0
8344976177,Bald,2023-01-05T19:09:02Z,Ride,33208.2,3600,3600,0
8344687989,Chase and Stubna,2023-01-05T17:30:24Z,Run,12776.3,3568,4268,34.0
8339680837,Taku,2023-01-04T19:01:47Z,Ride,20623.6,2400,2400,0
8332548738,Chilly Rain,2023-01-03T12:52:58Z,Run,3742.4,994,1117,11.0
8325540391,Morning Walk,2023-01-02T08:20:00Z,Walk,2283.7,1657,1725,4.0
8322696142,Stroll w/ Bettina,2023-01-01T14:15:11Z,Walk,9824.5,6854,7051,50.0
8322045750,First Run of 2023,2023-01-01T12:26:47Z,Run,8731.3,2272,2338,27.0
8318091484,Last Run of 2022,2022-12-31T13:31:58Z,Run,13561.3,3618,5347,33.0
8313294457,Keeping it Easy,2022-12-30T16:13:55Z,Run,6850.4,1836,2135,12.0
8309095918,Jog w/ Bettina,2022-12-29T17:00:46Z,Run,6477.4,2106,2447,17.0
8303216840,Shorts Weather!,2022-12-28T11:18:01Z,Run,12275.5,3237,3412,32.0
8299904780,Still Recovering,2022-12-27T17:13:07Z,Run,5625.6,1648,1715,16.0
8295248215,Recovery Run,2022-12-26T17:03:24Z,Run,5779.0,1669,1764,9.0
8290384206,Christmas on the Monon,2022-12-25T11:56:24Z,Run,12497.8,3535,3601,41.0
8286790034,First Crossfit Class,2022-12-24T09:59:46Z,Crossfit,0.0,3646,3646,0
8286870707,To and From Gym,2022-12-24T09:50:55Z,Run,1126.5,325,325,0
8283504931,Second Coldest Run,2022-12-23T15:50:21Z,Run,7293.3,2022,3987,38.0
8279978242,Beginning of the Storm,2022-12-22T15:36:19Z,Run,13174.1,3198,3386,30.0
8278052940,Monitor -5,2022-12-22T05:48:14Z,Ride,5740.8,600,600,0
8275352021,Bettina and I learn to Nordic ski,2022-12-21T10:14:06Z,NordicSki,10729.5,6785,8340,165.0
8272017707,Getting Better: PM Edition,2022-12-20T13:34:31Z,AlpineSki,19387.1,6001,6458,1470.3
8271209373,Getting Better,2022-12-20T10:17:10Z,AlpineSki,17527.0,6167,6408,1334.5
8268066708,Winooski? More like skinooski,2022-12-19T13:24:12Z,AlpineSki,19039.1,7846,8737,0.0
8267250743,Bettina teaches me how to ski,2022-12-19T10:25:04Z,AlpineSki,9105.2,4239,6249,679.3
8264773366,Winooski? More like Runooski,2022-12-18T16:21:44Z,Run,4964.4,1556,1634,55.0
8263026493,Abney,2022-12-18T07:28:44Z,Ride,22615.0,2523,2523,0
8260760152,Izaak Walton -2,2022-12-17T16:55:31Z,Ride,50025.4,5400,5400,0
8258998799,Run w/ Chris,2022-12-17T08:28:45Z,Run,12907.6,3714,4150,47.0
8256513019,Whorl,2022-12-16T16:17:37Z,Ride,40718.8,4500,4500,0
8255244566,Bettina's Birthday Run + Done with Finals!,2022-12-16T09:19:21Z,Run,7230.1,2300,2484,41.0
8251845690,West Vidette -1,2022-12-15T10:54:37Z,Ride,16297.7,1800,1800,0
8248519470,Tomyhoi,2022-12-14T11:50:59Z,Ride,47704.6,5400,5400,0
8245370184,Harvard Square w/ Markús,2022-12-13T15:31:47Z,Walk,5968.4,4639,5887,15.0
8244084199,Hitchcock,2022-12-13T10:26:33Z,Ride,33994.6,3600,3600,0
8241536196,Berklee -> Home,2022-12-12T17:27:19Z,Walk,3121.7,2225,2331,9.0
8240942062,RMV to Berklee,2022-12-12T13:36:41Z,Walk,3948.0,2987,4201,33.0
8239481042,Sleeping Beauty -4,2022-12-12T07:14:00Z,Ride,23961.1,2700,2700,0
8237125716,Glassy -2,2022-12-11T11:45:34Z,Ride,48990.3,5400,5400,0
8236604846,Sunday? More like Cloudday,2022-12-11T10:40:02Z,Run,6129.6,1908,1965,9.0
8232678991,Beacon -3,2022-12-10T11:48:23Z,Ride,50268.3,5400,5400,0
8229038629,A Bettina Run,2022-12-09T16:42:07Z,Run,6926.8,2104,2431,11.0
8228907131,Volunteer,2022-12-09T16:10:41Z,Ride,12538.9,1360,1360,0
8223807800,Bald -2,2022-12-08T09:41:14Z,Ride,10494.1,1201,1201,0
8223725887,Steamboat +1,2022-12-08T09:22:40Z,Ride,7851.2,911,911,0
8221464749,Recess,2022-12-07T18:16:09Z,Ride,29687.7,3600,3600,0
8220306374,Lunch Break,2022-12-07T12:58:45Z,Run,6889.0,1895,2356,13.0
8217058783,New Watch Who Dis,2022-12-06T17:26:07Z,Run,15697.1,4187,4917,41.0
8214965200,Tunnabora -1,2022-12-06T08:39:54Z,Ride,35254.8,3900,3900,0
8210759453,Late Start,2022-12-05T09:18:00Z,Run,14359.9,3900,4457,25.7
8208769170,Glassy -3,2022-12-04T17:52:35Z,Ride,56093.7,6420,6420,0
8207806270,First Run this Week,2022-12-04T12:28:14Z,Run,14483.3,3872,4198,25.8
8204054435,Mono,2022-12-03T18:36:06Z,Ride,50456.3,5400,5400,0
8199304906,Bald -2,2022-12-02T16:46:16Z,Ride,30414.3,3600,3600,0
8195862481,Ramp Test,2022-12-01T19:40:18Z,Ride,18367.4,2020,2020,0
8191580122,Little Zwift,2022-11-30T19:51:39Z,VirtualRide,13024.7,1219,1238,20.0
8177509857,Cooldown from Weights,2022-11-27T14:19:03Z,Run,1682.6,436,500,0.0
8177466004,Weights,2022-11-27T13:48:36Z,WeightTraining,0.0,1632,1632,0
8177465358,Long Way to Hemenway,2022-11-27T12:28:42Z,Run,15258.5,4106,4560,34.7
8172194053,Dick Johnson's Farm,2022-11-26T11:32:09Z,Hike,3378.8,3923,5490,120.5
8170929697,Classic Monroe Loop,2022-11-26T07:59:19Z,Run,11363.7,3059,3238,159.0
8166330957,Weights,2022-11-25T08:11:31Z,WeightTraining,1153.2,1335,1335,0
8166329950,Treadmill Warmup (+ 2000 miles on the year),2022-11-25T07:48:48Z,Run,4685.7,1199,1199,0
8162308974,Turkey Trotting,2022-11-24T08:54:31Z,Run,9674.3,2735,3758,79.3
8159034408,Lift w/ Bettina 💪,2022-11-23T13:36:31Z,WeightTraining,0.0,3676,3676,0
8155385019,Run with Chase,2022-11-22T17:08:10Z,Run,11948.3,3310,4551,24.3
8148878268,Abridged Zwift Workout,2022-11-21T09:24:31Z,VirtualRide,13042.6,1293,1312,20.0
8144954495,Bluebike Home,2022-11-20T09:22:34Z,Ride,6614.9,1471,1567,24.8
8144612628,Sofra Run,2022-11-20T08:09:19Z,Run,5047.0,1605,1850,9.9
8141541167,Post-Lunch Bluebike,2022-11-19T16:56:30Z,Ride,2527.1,488,634,5.6
8141104881,Bluebike to Lunch,2022-11-19T14:15:25Z,Ride,3104.6,699,1120,8.2
8140975657,Track Workout w/ Bettina,2022-11-19T12:37:20Z,Run,9022.2,2696,3980,4.3
8136940355,Little Zwift,2022-11-18T18:17:21Z,VirtualRide,9922.2,1006,1069,16.0
8128513454,Weights,2022-11-16T18:18:12Z,WeightTraining,1434.4,939,939,0
8126206225,The McCarthy Special,2022-11-16T07:48:24Z,VirtualRide,42358.6,4265,4265,66.0
8124053011,PM Zwift,2022-11-15T18:59:06Z,VirtualRide,12204.0,1215,1215,20.0
8121319867,AM Zwift,2022-11-15T07:51:26Z,VirtualRide,18939.0,2086,2274,115.0
8119163269,PM Weights,2022-11-14T18:35:14Z,WeightTraining,2080.0,1350,1350,0
8116745175,AM Zwift,2022-11-14T07:12:10Z,VirtualRide,58110.7,6181,6524,411.0
8116236700,Took a Bad Step,2022-11-14T06:38:01Z,Run,1499.3,444,531,0.0
8114736735,Memorial at Night,2022-11-13T17:48:59Z,Run,8394.0,2335,2734,14.2
8113730279,100min Lunch Zwift,2022-11-13T11:27:38Z,VirtualRide,35571.5,6027,6070,1124.0
8108283984,Weights,2022-11-12T13:58:10Z,WeightTraining,0.0,1080,1080,0
8108262608,Summer in November,2022-11-12T12:37:37Z,Run,10196.2,2641,4282,15.9
8101817389,Easy 70min,2022-11-11T08:09:21Z,VirtualRide,37114.8,4318,4604,285.0
8098883056,Weights,2022-11-10T16:05:58Z,WeightTraining,2018.9,1298,1298,0
8096777474,Tiny Zwift,2022-11-10T08:11:00Z,VirtualRide,3807.4,636,1152,60.0
8092058847,Morning Zwift,2022-11-09T07:45:18Z,VirtualRide,35477.8,4343,4376,319.0
8089598778,Easy Zwift,2022-11-08T17:31:28Z,VirtualRide,27163.9,3011,3049,151.0
8072481854,Marathon Debut (2:50:16),2022-11-05T08:00:03Z,Run,42395.3,10219,10219,75.3
8066879414,Last One,2022-11-04T08:34:46Z,Run,3707.8,1058,1116,7.6
8062712606,Small #2,2022-11-03T09:32:51Z,Run,2876.3,763,890,6.3
8057539128,Small #1,2022-11-02T09:03:52Z,Run,3707.5,1001,1158,7.5
8052732380,Little Tuneup,2022-11-01T08:55:56Z,Run,10008.4,2486,2732,16.4
8047654952,Last day of Catsitting ,2022-10-31T09:13:06Z,Run,7585.0,2037,2632,7.7
8042944712,Catsitting and Groceries,2022-10-30T08:51:18Z,Run,9485.7,2572,3488,14.2
8037747620,Carbon > Nylon,2022-10-29T10:06:41Z,Run,17973.2,4455,4858,26.7
8033004998,Full Taper Mode,2022-10-28T12:23:52Z,Run,8627.4,2162,2425,14.5
8027197532,Great Day,2022-10-27T08:44:37Z,Run,11855.3,3052,3273,23.2
8024666965,Eyal!,2022-10-26T17:26:58Z,Run,15037.0,3866,5196,12.1
8016714219,Foggy Morn,2022-10-25T07:50:58Z,Run,11807.0,3150,3367,22.8
8014499930,Fueled by Diwali,2022-10-24T19:08:07Z,Run,8658.7,2305,2585,14.7
8009251239,Pre Shakshouka,2022-10-23T08:16:32Z,Run,6670.2,1842,1932,63.3
8009250565,Cohort Hike,2022-10-22T13:05:13Z,Hike,6753.5,6667,7535,215.0
8002240013,Solo + Cohort Run,2022-10-22T08:31:57Z,Run,17918.0,5480,6848,216.3
8002426337,Goat Yoga,2022-10-21T13:00:52Z,Yoga,0.0,3600,3600,0
7996679994,Fresh Friday + HOCR,2022-10-21T06:57:30Z,Run,18394.3,4760,5427,54.6
7994825459,Stubna Teaches Me About Mutant Worm People,2022-10-20T18:10:27Z,Run,13606.2,3796,5056,26.4
7992286926,Little Shakeout,2022-10-20T08:51:00Z,Run,3776.3,1021,1149,7.5
7987470266,Variation on Boston Treadmill,2022-10-19T08:19:20Z,Run,15665.5,4143,4676,30.8
7984707470,Actually Rough,2022-10-18T17:42:23Z,Run,6260.9,1685,1912,10.7
7977059295,Pre Metrics Midterm,2022-10-17T08:23:14Z,Run,14370.9,3789,4102,25.9
7973274374,Mostly Slower than MP with 4mi Faster than MP,2022-10-16T09:18:44Z,Run,32749.0,7927,9359,39.7
7967692652,Study Break,2022-10-15T11:35:11Z,Run,14408.0,3824,3996,25.8
7963592426,Paying the Bills,2022-10-14T17:59:31Z,Run,8612.6,2257,2576,14.4
7956816344,Pre Macro,2022-10-13T08:06:50Z,Run,14328.1,3827,4144,26.0
7954406981,Study Break,2022-10-12T17:10:56Z,Run,14316.1,3722,4592,26.0
7948670685,So Many Gnats,2022-10-11T15:58:56Z,Run,13947.3,3548,3983,25.8
7941246800,Less Monday than Usual,2022-10-10T07:54:54Z,Run,18388.8,5003,5248,27.2
7936108923,Peak Mileage,2022-10-09T07:52:13Z,Run,11870.5,3212,3394,22.9
7931267152,Easy Long Run w/ 8mi @MP,2022-10-08T08:35:28Z,Run,32694.1,8062,9502,39.1
7925221329,Super Pumped for Fall,2022-10-07T07:26:39Z,Run,16928.0,4382,4715,37.1
7920194095,Midterm Szn,2022-10-06T07:31:04Z,Run,14443.3,3676,3899,25.8
7915226331,Autumnal Rain,2022-10-05T07:53:11Z,Run,18378.9,4807,5182,27.1
7912767685,2 x (2mi @MP + 1mi @10k),2022-10-04T17:41:57Z,Run,19174.3,4698,5952,22.6
7907456080,Easy w/ Chase,2022-10-03T18:16:50Z,Run,16324.8,4436,4977,16.8
7900063626,With Bettina!,2022-10-02T07:59:09Z,Run,6841.2,2169,2182,0.0
7896359361,Divvy to Loop,2022-10-01T11:30:01Z,Ride,12560.3,2816,2885,26.2
7894032600,North on Metra South on Lake,2022-10-01T05:50:39Z,Run,15437.3,4165,4581,25.5
7889505279,Bonus Miles,2022-09-30T07:55:03Z,Run,2197.9,619,741,0.0
7889292108,might mess around and work on psets in the reg ,2022-09-30T05:42:11Z,Run,17890.7,4853,5557,15.7
7884513694,Gorgeous Day,2022-09-29T06:49:23Z,Run,18365.5,4531,5155,27.2
7879828079,Sunny,2022-09-28T07:47:48Z,Run,18442.3,4898,5199,27.3
7874560108,Monday,2022-09-27T07:19:04Z,Run,18390.0,4759,5333,27.1
7872422624,Great Evening,2022-09-26T18:52:41Z,Run,14498.6,3905,4260,25.8
7865452064,Progressive Long Run,2022-09-25T08:03:42Z,Run,32920.6,7752,8495,42.7
7860435510,Stunning Day,2022-09-24T11:36:30Z,Run,11974.3,3199,3421,23.1
7856709167,Bibambap Fueled,2022-09-23T20:26:55Z,Run,3781.4,982,1159,7.7
7849185174,Love Me a Downpour Run,2022-09-22T07:56:49Z,Run,17870.3,4708,5182,27.0
7843774090,Gray -> Sun,2022-09-21T07:39:17Z,Run,18458.0,4845,5650,27.6
7841076136,Chicago Boys: 3x (2k @HMP 1k @10k),2022-09-20T17:26:55Z,Run,17362.4,4548,5342,20.1
7833034893,Riled Up,2022-09-19T08:12:48Z,Run,14416.8,3792,4219,26.2
7828255380,THE HOOKS,2022-09-18T09:17:47Z,Run,6833.6,1756,1849,8.2
7822962715,Perfect Morning for Running,2022-09-17T08:22:27Z,Run,32209.6,7939,9484,44.6
7817069167,Easing into the Weekend,2022-09-16T07:41:01Z,Run,9797.5,2675,2963,18.3
7812077161,Downside of Fall:,2022-09-15T07:38:15Z,Run,15111.9,3898,4487,19.1
7806743856,Nice and Crisp,2022-09-14T07:08:39Z,Run,18383.1,4805,5521,27.6
7800894815,Tuesday,2022-09-13T06:45:32Z,Run,12933.1,3446,3682,22.9
7795898959,Monday,2022-09-12T07:28:51Z,Run,18453.2,4956,5955,27.8
7790941655,Recovery Day,2022-09-11T08:47:46Z,Run,8674.3,2281,2446,14.2
7785542558,Back to Summer Weather,2022-09-10T08:48:11Z,Run,27386.9,6843,7803,31.4
7779509655,With Dhruv and Two Jamies,2022-09-09T07:01:46Z,Run,10234.8,2985,3205,12.5
7774364327,Easy w/ Chase,2022-09-08T06:48:24Z,Run,11698.4,3177,3497,7.8
7769078127,Long Recovery,2022-09-07T06:59:22Z,Run,18469.2,5025,5351,27.4
7766615940,8x1200m w/ Chase,2022-09-06T17:36:50Z,Run,16756.5,4470,5338,7.1
7758474993,Easy Day,2022-09-05T08:49:33Z,Run,11867.8,3236,6207,22.9
7753294692,Catsitting + Mem Drive,2022-09-04T08:35:30Z,Run,6976.8,1873,3335,11.4
7747207110,Almost an Autumnal Long Run,2022-09-03T07:05:34Z,Run,27837.9,7090,7513,48.1
7741700661,Last Run w/ Bettina in Cambridge,2022-09-02T07:54:19Z,Run,6788.8,2207,2479,10.4
7739551283,Whole Foods Run,2022-09-01T19:49:28Z,Run,1194.4,337,694,0.0
7739381274,"Running, I'm a Fan",2022-09-01T17:35:05Z,Run,15571.9,4295,5050,19.1
7739031166,G1 Fun Run,2022-09-01T15:15:09Z,Run,6067.4,2319,2604,18.6
7730905775,Start of Semester,2022-08-31T07:52:58Z,Run,14329.7,3737,4132,25.7
7725326323,Still Letting Humidity do the Work,2022-08-30T08:42:29Z,Run,10027.3,2751,3253,18.2
7719940930,Briefly Back in Norwich,2022-08-29T08:19:59Z,Run,16641.5,4612,5479,278.6
7717389849,Briefly Back in Monroe,2022-08-28T17:35:22Z,Run,11335.3,3026,3740,158.4
7716372890,Bike + Hike + Bike,2022-08-28T09:51:58Z,Workout,12343.3,7324,14307,259.3
7711158775,Second Dartmouth College Grant w/ Hammers,2022-08-27T10:19:02Z,Ride,54471.7,15104,26859,477.4
7704267392,Pre-Bus Run,2022-08-26T11:41:47Z,Run,6830.7,1826,2078,8.1
7697599976,Outrunning a Sinus Infection,2022-08-25T07:20:24Z,Run,13554.9,3697,4316,14.3
7692506942,Brick Run w/ Bettina,2022-08-24T10:05:22Z,Run,3752.9,1098,1211,5.1
7692330496,Another Cinnamon Roll Ride,2022-08-24T06:19:11Z,Ride,68388.6,10645,12726,488.0
7689288746,7x1200m @Faster than I anticipated,2022-08-23T17:42:38Z,Run,15000.8,3979,4920,10.4
7680393750,Easy Monday,2022-08-22T07:17:02Z,Run,14191.1,3844,4543,31.4
7676655652,Harvard to Harvard w/ Bettina,2022-08-21T06:17:10Z,Ride,104937.0,17265,22238,953.0
7672027076,Triple w/ Bettina,2022-08-20T17:30:35Z,Run,3385.4,1096,1153,4.0
7671300715,G1 Ride to Lexington,2022-08-20T09:58:33Z,Ride,33757.2,7716,14061,105.0
7669484299,Solid Long Run,2022-08-20T07:23:51Z,Run,22556.8,5487,6509,31.8
7666984923,From Sunset Cruise,2022-08-19T20:08:11Z,Ride,2940.8,640,740,2.3
7666195179,To Sunset Cruise,2022-08-19T16:46:31Z,Ride,4273.9,846,945,0.0
7663758708,Forcing Bettina to SLOW DOWN,2022-08-19T07:12:15Z,Run,4829.4,1587,1693,7.9
7658628724,Small Running World,2022-08-18T07:44:55Z,Run,10831.7,2956,3143,25.8
7656539739,Double w/ Bettina!,2022-08-17T19:17:55Z,Run,5097.6,1597,1809,7.2
7653080603,Easy Morning,2022-08-17T07:23:56Z,Run,10075.6,2828,3215,16.4
7647318980,5x1200m @ ~HMP,2022-08-16T07:21:58Z,Run,13144.0,3219,3875,19.3
7641758750,Nice Morning to Start PhD,2022-08-15T07:08:39Z,Run,14222.5,3831,4149,31.6
7638983325,Hunting and Gathering,2022-08-14T15:55:28Z,Walk,2442.6,1745,1791,9.8
7637452048,Cinnamon Roll Ride,2022-08-14T07:06:01Z,Ride,72826.2,11778,15072,367.0
7630844727,Slowly Cranking up the Mileage,2022-08-13T07:33:31Z,Run,12001.5,3303,4382,22.9
7625566535,Feeling Like a Runner Again,2022-08-12T07:54:02Z,Run,9978.4,2560,3000,16.8
7620361841,Back to Hills,2022-08-11T08:52:06Z,Run,9122.7,2899,3192,158.0
7616282569,Ride w/ Bettina!,2022-08-10T12:06:37Z,Ride,36628.2,5512,7811,308.0
7609800940,Tennis,2022-08-09T11:31:39Z,Workout,2102.1,3224,3741,0.0
7605669971,Tennis,2022-08-08T17:28:21Z,Workout,1547.9,1805,1847,0.0
7604287405,Occom Pond Stroll,2022-08-08T11:45:42Z,Walk,3357.4,3229,4002,18.4
7600594490,Tennis,2022-08-07T17:13:44Z,Workout,2810.6,3850,4207,0.0
7598876873,Little Mt. Washington,2022-08-07T09:54:56Z,Hike,5998.8,5768,6888,132.7
7592860532,Dogsitting Kiwi,2022-08-06T10:26:16Z,Hike,2669.7,2833,3596,95.7
7586627658,Learning How to Run Again,2022-08-05T08:01:56Z,Run,6998.8,2219,2499,11.7
7584243445,Day 35: Brick Run,2022-08-04T19:46:04Z,Run,2414.0,919,919,0.0
7584099957,Day 35: Norwich to Cambridge,2022-08-04T06:14:41Z,Ride,222034.0,35964,46630,2251.0
7578280102,Day 34: Weybridge to Norwich,2022-08-03T09:16:35Z,Ride,139152.0,22815,29804,1793.0
7572395174,Day 33: Long Lake to Weybridge,2022-08-02T07:40:14Z,Ride,140547.0,21262,31585,1649.2
7566775514,Day 32: Pulaski to Long Lake,2022-08-01T07:37:31Z,Ride,198879.0,30006,38730,2282.0
7561880718,Day 31: Brockport to Pulaski,2022-07-31T07:50:38Z,Ride,226457.0,33189,44508,1733.0
7555602065,Day 30: Niagara Falls to Brockport,2022-07-30T09:16:03Z,Ride,108604.0,15519,24822,485.0
7550997880,Day 29: Strathroy to Niagara Falls (Part II),2022-07-29T16:44:09Z,Ride,116740.0,15634,21286,360.0
7549934918,Day 29: Strathroy to Niagara Falls (Part I),2022-07-29T07:50:43Z,Ride,165579.0,21025,29242,607.0
7545923439,Day 28: Frankenmuth to Strathroy,2022-07-28T07:06:36Z,Ride,221722.0,29313,50214,630.0
7540088599,Day 27: Ludington to Frankenmuth,2022-07-27T06:40:18Z,Ride,272530.0,36555,46326,863.0
7532121352,Day 26: Ludington Rest Day,2022-07-26T08:59:32Z,Hike,8046.7,7200,7200,0
7527244892,Day 25: Manitowoc to Ludington (Ferry),2022-07-25T10:50:10Z,Ride,12403.8,2081,7379,46.0
7523607820,Day 24: Wausau to Manitowoc,2022-07-24T07:07:55Z,Ride,245667.0,32077,39853,1343.0
7515535565,Day 23: Day of Rest,2022-07-23T08:00:03Z,Ride,21564.0,3669,4686,285.0
7512264267,Day 22: Rice Lake to Wausau,2022-07-22T07:08:22Z,Ride,225006.0,32172,41518,1529.0
7507487616,Day 21: Saint Cloud to Rice Lake,2022-07-21T06:17:54Z,Ride,253657.0,34367,45491,1280.0
7502160021,Day 20: Fargo to Saint Cloud,2022-07-20T06:45:31Z,Ride,284188.0,34772,42847,732.0
7496465061,Day 19: Steele to Fargo,2022-07-19T06:43:26Z,Ride,259786.0,28324,38031,694.0
7490589132,Day 18: Bismarck to Steele (through Napoleon),2022-07-18T06:13:44Z,Ride,171517.0,23533,30537,898.0
7486161884,Day 17: Dickinson to Bismarck,2022-07-17T05:47:24Z,Ride,176288.0,21539,33069,858.0
7480398260,Day 16: Glendive to Dickinson,2022-07-16T05:53:39Z,Ride,166440.0,22822,33060,1170.0
7474870198,Day 15: Jordan to Glendive,2022-07-15T05:17:27Z,Ride,188276.0,27902,36813,1198.0
7468999805,Day 14: Winnett to Jordan,2022-07-14T05:58:55Z,Ride,120684.0,15255,18941,873.0
7463521588,Day 13: Lewistown to Winnett,2022-07-13T05:30:28Z,Ride,92878.6,12359,15444,341.0
7459912061,Day 12: Great Falls to Lewistown,2022-07-12T07:13:48Z,Ride,172202.0,29870,45452,1217.0
7453733695,Day 11: Shelby to Great Falls,2022-07-11T08:32:22Z,Ride,152196.0,23232,30478,859.0
7449063170,Day 10: Glacier National Park to Shelby,2022-07-10T07:14:40Z,Ride,221024.0,30550,45404,2148.0
7443210811,Bonus: Food and Back to Campsite,2022-07-09T17:19:16Z,Ride,10239.3,1754,7625,146.0
7442892646,Day 9: Eureka to Glacier National Park,2022-07-09T07:20:49Z,Ride,142615.0,21639,28160,1130.0
7436926289,Day 8: Libby to Eureka,2022-07-08T08:26:22Z,Ride,108684.0,17440,20346,1041.0
7432816040,Day 7: Sandpoint to Libby,2022-07-07T08:10:44Z,Ride,158054.0,23249,29771,1040.0
7427737645,Day 6: Colville to Sandpoint,2022-07-06T07:55:12Z,Ride,191210.0,27956,36509,1593.0
7427735468,Accidentally Saved,2022-07-06T07:48:41Z,Ride,2035.3,330,330,11.0
7421737265,Day 5: Republic to Colville Bike Hostel,2022-07-05T07:41:39Z,Ride,95015.8,16208,28851,1465.0
7415576022,Day 4: Omak to Republic 🇺🇸🎆,2022-07-04T05:48:19Z,Ride,100222.0,19168,22545,1325.0
7411433034,Day 3: Leavenworth to Omak,2022-07-03T06:35:21Z,Ride,176750.0,25958,34973,1178.6
7405054819,Day 2: Sultan to Leavenworth,2022-07-02T07:22:03Z,Ride,124655.0,20075,22982,1522.0
7400263756,Day 1: Seattle to Sultan,2022-07-01T14:59:58Z,Ride,73459.1,11202,12546,514.0
7392411454,Pre trip,2022-06-30T07:05:04Z,Run,10908.5,2969,3651,16.2
7387962305,Evening Run,2022-06-28T20:59:00Z,Run,772.6,280,492,0.0
7381394150,Feeling Fresh,2022-06-28T07:09:32Z,Run,11302.0,2775,3161,17.4
7371676489,Recovery Ride,2022-06-26T06:00:04Z,Ride,80709.7,11426,12591,594.0
7367551769,Wachusett Century,2022-06-25T05:52:12Z,Ride,182569.0,24175,28421,2003.0
7360375825,Back from Finland,2022-06-24T05:54:23Z,Run,21033.3,5343,6242,35.7
7350279912,Pulsa + Bike Dropoff,2022-06-22T11:22:57Z,Ride,65890.1,10598,17064,614.0
7346437895,Part 3: Swim,2022-06-21T18:11:03Z,Swim,62.9,355,355,0.0
7345148045,Part 2: Run,2022-06-21T17:47:29Z,Run,3766.7,922,922,62.8
7344920223,Part I: Taipalsaari Tour,2022-06-21T13:05:30Z,Ride,58532.2,10131,14951,632.0
7338971026,Bike Transport Service,2022-06-20T14:38:33Z,Ride,26230.3,4427,4461,289.0
7337853954,Cottage Run,2022-06-20T09:17:51Z,Run,7842.3,2549,2822,105.7
7329385378,A Very Finnish Day,2022-06-18T16:16:35Z,Run,18676.5,4888,6230,110.3
7322214628,Helsinki Day 2: Pre Wedding,2022-06-17T08:38:31Z,Run,10209.9,3181,4039,61.5
7319836175,Helsinki!,2022-06-16T20:20:41Z,Run,6812.4,2183,2444,71.5
7315472331,Pre Flight,2022-06-15T17:39:41Z,Run,6905.5,1819,2055,10.2
7306906136,Another Easy Day,2022-06-14T07:34:40Z,Run,11276.2,3074,3465,17.6
7304327386,Recovery w/ Chase and Stubna,2022-06-13T17:32:27Z,Run,10740.4,3106,3617,15.3
7298832564,From Bike Shop,2022-06-12T14:57:26Z,Ride,3537.6,704,832,16.1
7298831757,To Bike Shop,2022-06-12T13:48:10Z,Ride,3207.5,552,552,18.6
7296935206,Fully Laden,2022-06-12T06:39:52Z,Ride,80775.9,10693,11620,617.0
7292003177,To Eat Dairy in Derry,2022-06-11T06:06:25Z,Ride,149743.0,18291,23402,834.0
7287559017,Bike Shop,2022-06-10T15:53:47Z,Ride,6817.1,1015,6673,37.0
7285371460,Tempo Brick Run,2022-06-10T08:31:09Z,Run,8677.1,2003,2180,25.3
7285145019,Criminal to Stay Indoors Today,2022-06-10T05:39:29Z,Ride,73932.0,8483,8804,577.0
7283148354,Little Sunset Run,2022-06-09T20:06:10Z,Run,4847.1,1230,1288,6.9
7282734752,Cars do not Rock,2022-06-09T17:42:59Z,Ride,7446.7,1178,2133,39.0
7279814967,More Zwift Problems,2022-06-09T07:22:12Z,VirtualRide,8605.7,978,978,70.0
7277935802,With Gabe!,2022-06-08T19:41:33Z,Run,4838.4,1431,1712,8.7
7277807148,Without Gabe,2022-06-08T18:18:25Z,Run,14133.9,3492,4407,36.5
7274996549,Bonus 15min,2022-06-08T08:49:35Z,VirtualRide,10554.7,986,986,27.0
7274928432,Zwift Crashed,2022-06-08T07:30:27Z,VirtualRide,30577.5,3000,3000,0.0
7273208032,From Trivia,2022-06-07T22:13:57Z,Ride,2479.3,686,765,9.1
7273207855,To Trivia,2022-06-07T19:11:11Z,Ride,2258.6,535,589,6.1
7269421623,Feeling Better!,2022-06-07T07:19:16Z,Run,15250.9,4162,4421,19.0
7267052161,Nice and Easy,2022-06-06T18:21:26Z,Run,10112.7,2714,3066,16.5
7259062164,Morning Stroll,2022-06-05T08:28:43Z,Walk,2668.9,1958,1958,31.2
7255899707,Part III: Midtown to Dinner,2022-06-04T17:21:42Z,Ride,4150.0,1141,1272,18.2
7255899229,Part II: Brooklyn to Central Park through Queens,2022-06-04T14:55:59Z,Ride,14599.3,3727,7023,82.8
7255565554,Part I: Columbia to Brooklyn,2022-06-04T10:31:06Z,Ride,18984.8,4599,14103,75.3
7253034109,Recovery Run w/ Bettina!,2022-06-04T07:15:46Z,Run,10876.3,3534,3640,75.5
7242473708,Recovery Zwift,2022-06-02T07:46:58Z,VirtualRide,8664.0,905,905,12.0
7237044585,Pollen,2022-06-01T05:43:14Z,Ride,74028.7,8764,9445,595.0
7234518494,With Chase and Stubna!,2022-05-31T17:34:23Z,Run,11582.9,3186,3558,22.2
7231346998,Classico,2022-05-31T05:44:47Z,Ride,56669.4,6614,7054,401.0
7226299628,Recovery Day,2022-05-30T07:28:35Z,Run,16160.0,4530,4670,43.0
7224121851,Back from the Ferry,2022-05-29T16:57:02Z,Ride,8250.5,1338,1738,33.0
7223118576,Provincetown!,2022-05-29T05:54:23Z,Ride,195771.0,22947,25070,1428.0
7217814759,Blue Bike to Bike Shop,2022-05-28T11:41:15Z,Ride,7256.7,1348,8510,32.0
7215993480,Bike Path Recovery,2022-05-28T05:57:44Z,Ride,76925.6,9465,10572,428.0
7210828644,Brick Run,2022-05-27T08:34:36Z,Run,7588.2,1824,2076,20.0
7210517539,Classico Lungissimo,2022-05-27T05:33:13Z,Ride,74211.7,8245,8878,587.0
7205681111,Brickish Run,2022-05-26T08:32:09Z,Run,8655.8,2103,2380,25.4
7205209209,Classico Lungo,2022-05-26T05:35:58Z,Ride,65797.9,7351,7808,493.0
7203021784,Moving the Legs,2022-05-25T19:24:15Z,Run,3814.5,1002,1184,7.5
7199804905,Started a Few Minutes Late,2022-05-25T05:38:49Z,Ride,56850.0,6585,7089,446.0
7194399896,Moderate Effort,2022-05-24T05:37:09Z,Ride,56826.3,6419,6617,442.0
7192365368,Evening Double,2022-05-23T18:38:47Z,Run,6460.0,1530,1607,15.6
7189328514,Monday Recovery,2022-05-23T05:35:29Z,Ride,56680.9,7031,7296,436.0
7186800006,Back Home,2022-05-22T14:39:08Z,Ride,3639.8,584,742,7.8
7186799188,"Small, Bougie REI. Then Medium, City REI",2022-05-22T12:34:24Z,Ride,9714.5,1879,2916,16.6
7184700010,Some Carlisle Action,2022-05-22T06:26:14Z,Ride,76577.6,8975,9622,637.0
7181239806,Boston Rules,2022-05-21T17:05:43Z,Run,9785.5,2431,2704,31.4
7179975784,Rockport Century!,2022-05-21T05:48:24Z,Ride,163414.0,20119,24125,921.0
7173468022,Brick Run,2022-05-20T07:47:30Z,Run,8724.6,2156,2280,25.3
7173177970,Fastest One of the Year,2022-05-20T05:28:23Z,Ride,56784.8,6290,6545,417.0
7171371844,Zwift - Jon's Mix,2022-05-19T18:38:11Z,VirtualRide,34022.3,3321,3363,51.0
7168017280,Progresso,2022-05-19T05:47:33Z,Run,21182.4,5380,5793,36.0
7162784572,Brick Run,2022-05-18T07:42:56Z,Run,8131.3,1980,2139,19.9
7162526383,Strapped,2022-05-18T05:29:49Z,Ride,56750.8,6654,6975,440.0
7160502458,Itchy Eyes,2022-05-17T18:01:43Z,Run,20710.4,5542,6860,36.2
7156721140,Classico,2022-05-17T05:26:39Z,Ride,56850.6,6623,6948,433.0
7154650554,Evening Double w/ Chase,2022-05-16T17:49:59Z,Run,11993.6,3287,3552,7.5
7151468471,Back to the Weekday Route,2022-05-16T05:27:58Z,Ride,56821.4,6854,7120,430.0
7147320429,Newton -> Home,2022-05-15T09:49:15Z,Ride,10749.7,1822,2254,58.8
7146802306,Arboretum -> Rosenfeld's Bagels,2022-05-15T06:20:01Z,Run,27781.5,7557,10093,278.6
7142303117,Wachusett Century,2022-05-14T05:20:31Z,Ride,180781.0,23535,28112,2052.0
7135057361,Foggy One,2022-05-13T06:01:03Z,Ride,56855.1,6638,7024,416.0
7132890156,Recovery Double,2022-05-12T18:14:41Z,Run,3979.5,1100,1356,7.7
7129795703,Light Wind,2022-05-12T06:00:51Z,Ride,56755.3,6634,6846,434.0
7127784457,"Finally, a Successful Recovery",2022-05-11T18:33:24Z,Run,15105.4,4295,5210,19.1
7124290448,Penultimate Day of Tights?,2022-05-11T05:58:43Z,Ride,56761.3,6920,7401,443.0
7122024579,Run w/ Chase,2022-05-10T17:34:13Z,Run,17724.8,4816,6585,21.1
7118517802,Art Thou Feeling it Now?,2022-05-10T06:05:35Z,Ride,56686.1,7097,7854,434.0
7116293965,90min Zwift,2022-05-09T18:20:21Z,VirtualRide,22819.4,5417,6594,1059.0
7113019343,Recovery -> Z2,2022-05-09T06:50:30Z,Run,20675.2,5514,6080,37.8
7108355507,Castle Island LR,2022-05-08T06:56:47Z,Run,28312.0,7235,8733,75.4
7105043856,Windy Double,2022-05-07T18:10:40Z,Run,8665.8,2281,2538,14.4
7102603341,1hr Zwift,2022-05-07T08:40:36Z,VirtualRide,14039.4,3625,4352,753.0
7101853525,Searching for Credit Card,2022-05-07T06:26:24Z,Ride,25651.7,3602,4580,72.0
7099505647,Long Way to Ice Cream,2022-05-06T18:39:46Z,Run,5447.1,1510,2971,12.1
7096905094,good morning world and all who inhabit it,2022-05-06T06:07:23Z,Ride,56749.0,6931,7628,432.0
7094906991,Evening Double,2022-05-05T18:43:26Z,Run,14103.6,3701,4066,31.9
7093102994,IRL,2022-05-05T11:02:09Z,Ride,56737.7,6884,7374,445.0
7089605620,80min Recovery Zwift,2022-05-04T18:31:20Z,VirtualRide,13618.8,4804,5883,723.0
7086483811,Optimally Rainy,2022-05-04T07:12:40Z,Run,18265.7,4915,5325,27.2
7084374455,100min Evening Zwift,2022-05-03T18:42:58Z,VirtualRide,53371.0,6137,8514,634.0
7081105262,Mileage Cushion,2022-05-03T07:47:08Z,Run,19872.3,5276,5996,18.7
7078725478,Post Run Zwift,2022-05-02T19:33:40Z,VirtualRide,31136.6,3612,5762,291.0
7078381311,Little Rainy,2022-05-02T17:36:23Z,Run,18401.1,4702,5478,27.2
7071266459,Morning Run,2022-05-01T10:14:09Z,Run,948.1,277,350,0.0
7071265262,Cycling South,2022-05-01T09:24:11Z,Ride,16235.8,2849,2849,32.8
7071263306,Running North,2022-05-01T07:58:55Z,Run,16958.2,4375,4673,27.7
7071258920,Evening Stroll,2022-04-30T19:02:15Z,Walk,3965.9,3046,3104,0.0
7065215728,With Bettina!,2022-04-30T08:56:54Z,Run,6622.8,2600,2623,13.5
7064586336,Chicago!,2022-04-30T05:49:48Z,Run,16139.0,4471,4891,27.8
7059516940,Morning Zwift,2022-04-29T07:11:13Z,VirtualRide,33124.7,5713,8500,1100.0
7057199781,Same Route as Yesterday,2022-04-28T18:28:26Z,Run,14094.5,3665,3985,31.6
7054417112,Morning Zwift,2022-04-28T07:04:00Z,VirtualRide,65933.4,7553,8685,464.0
7052253670,Night Zwift,2022-04-27T20:15:29Z,VirtualRide,20432.2,2380,2380,56.0
7052005558,Windy + Sunset,2022-04-27T18:28:06Z,Run,14144.6,3594,3934,31.4
7046722809,30min Zwift,2022-04-26T19:22:24Z,VirtualRide,17458.3,1840,2288,76.0
7043531591,Paths Less Traveled,2022-04-26T07:32:04Z,Run,17166.4,4365,4952,76.0
7041368830,EZ Evening Zwift,2022-04-25T19:06:46Z,VirtualRide,36497.7,4214,4914,56.0
7038505298,EZ Morning Run,2022-04-25T07:46:30Z,Run,18388.4,4844,5254,27.2
7036445787,Evening Zwift,2022-04-24T18:49:51Z,VirtualRide,41123.4,4319,5228,206.0
7033471020,Back from Citibike,2022-04-24T09:09:25Z,Run,815.7,224,270,2.9
7033436520,Back from the Park,2022-04-24T08:40:06Z,Ride,5622.6,1181,1661,6.7
7033213719,In the Park,2022-04-24T07:28:41Z,Run,12246.6,3228,3818,87.2
7032756254,To the Park,2022-04-24T06:54:09Z,Ride,7519.5,1221,1764,29.3
7027941691,NYC Long Run,2022-04-23T07:15:28Z,Run,28167.8,7370,9340,143.8
7024388568,Bonus Saddle Time,2022-04-22T15:31:31Z,VirtualRide,6046.3,1228,1943,245.0
7022529842,Run with John!,2022-04-22T07:30:03Z,Run,16833.5,4513,5121,23.4
7020464156,Evening Zwift,2022-04-21T18:51:06Z,VirtualRide,28975.8,3845,3879,371.0
7017582084,Extended from 4 miles to 10 miles,2022-04-21T08:16:03Z,Run,16391.6,4441,5198,31.3
7014768974,With Ana and Matt!,2022-04-20T17:03:46Z,Run,10595.0,2858,3096,20.0
7012670582,Easy Morning Zwift,2022-04-20T08:46:36Z,VirtualRide,38187.1,5015,7777,545.0
7010250259,Trivia Victory,2022-04-19T22:03:40Z,Ride,2301.5,553,553,8.8
7009762697,Trivia,2022-04-19T19:08:16Z,Ride,2792.8,689,727,10.2
7009494460,With Seth and Gabe!,2022-04-19T17:26:39Z,Run,10570.7,3000,3716,19.5
7007080856,Easy Morning Zwift,2022-04-19T08:13:14Z,VirtualRide,35722.2,4454,7238,603.0
7003198581,From Marathon,2022-04-18T13:19:20Z,Ride,2729.6,444,459,11.9
7002383414,To Marathon!,2022-04-18T10:44:20Z,Ride,3618.8,746,787,11.7
7001795645,Marathon Morning!,2022-04-18T08:26:49Z,VirtualRide,25817.6,2749,3380,154.0
6998161390,Facetime Session,2022-04-17T12:51:49Z,VirtualRide,35384.3,3842,4972,156.0
6997633627,Cambridge Street,2022-04-17T11:25:01Z,Run,11744.4,3094,3686,21.5
6993519144,Tucked in singlet kinda day,2022-04-16T17:01:59Z,Run,13219.4,3408,3871,35.7
6988234700,Hahvey Bahnhahd @ Hahvahd,2022-04-15T18:29:56Z,Run,16109.5,4178,5092,29.2
6985363372,Quick Morning Zwift,2022-04-15T08:32:39Z,VirtualRide,5036.2,969,1237,164.0
6983328220,Zwift - At Night,2022-04-14T21:13:24Z,VirtualRide,31212.9,3680,3708,152.0
6977902990,Day of Walking,2022-04-13T19:36:01Z,Walk,11265.4,6300,6300,0
6972859711,Evening Run,2022-04-12T19:15:16Z,Run,8615.8,2211,2368,14.3
6967421208,Spring is Finally Here,2022-04-11T18:43:32Z,Run,11748.3,3157,3504,17.5
6961757774,Jamaica Pond LR,2022-04-10T12:51:10Z,Run,23100.3,6112,6897,71.1
6956749730,Another Nice Sunset,2022-04-09T18:21:05Z,Run,14131.8,3611,3973,33.3
6951634608,That Sunset,2022-04-08T18:48:33Z,Run,15744.3,3979,4523,17.3
6947636314,To Dinner,2022-04-07T18:36:02Z,Ride,5440.5,1199,1691,30.6
6946731959,Z2 w/ Intermissions,2022-04-07T12:35:14Z,VirtualRide,62645.7,6416,14439,310.0
6942729154,EZ Hour,2022-04-06T19:01:54Z,VirtualRide,32277.6,3642,3782,152.0
6937419004,Back in Cambridge,2022-04-05T17:00:55Z,Run,13977.4,3592,4297,31.5
6930377385,Last Day in Berkeley,2022-04-04T06:32:37Z,Run,14672.5,3834,4592,245.3
6927948945,Hike w/ Markus and Bettina!,2022-04-03T13:12:29Z,Hike,6825.9,5289,5355,377.7
6926204164,Campus Run,2022-04-03T07:25:44Z,Run,7809.9,2096,2381,188.6
6922379882,Tilden Hike w/ Bettina,2022-04-02T11:32:45Z,Hike,14797.9,10454,12722,765.1
6921275829,How do people get anything done here,2022-04-02T08:38:02Z,Run,13885.2,3689,4860,373.1
6916822279,Z2 w/ Intermissions,2022-04-01T11:58:32Z,VirtualRide,21297.2,2707,11175,446.0
6913484854,Zwift Triple,2022-03-31T18:46:10Z,VirtualRide,18402.4,1814,1885,63.0
6912970815,G1 Fun Run,2022-03-31T15:21:43Z,Run,8098.1,2906,3378,27.5
6911192097,Another Tiny Zwift,2022-03-31T09:13:09Z,VirtualRide,2647.8,310,506,14.0
6906546384,Tiny Hard Effort,2022-03-30T09:22:02Z,VirtualRide,4663.8,490,490,22.0
6903222867,Zwift - 1hr,2022-03-29T13:28:29Z,VirtualRide,14501.4,3674,5834,791.0
6898970637,40min Zwift,2022-03-28T19:03:53Z,VirtualRide,17261.5,2402,2795,244.0
6898765802,EZ w/ Seth,2022-03-28T17:53:39Z,Run,5657.6,1721,1933,10.2
6894114206,Relaxed LR,2022-03-27T17:40:50Z,Run,20959.3,5538,5991,35.8
6887672317,Squeeze,2022-03-26T16:33:46Z,Run,3723.3,1000,1184,7.6
6882497229,Beautiful Evening,2022-03-25T17:55:04Z,Run,15375.1,4040,4812,18.9
6877735646,Rainy w/ Chase,2022-03-24T18:10:11Z,Run,12986.8,3479,3735,14.1
6872722325,Easy + Fast Last Mile,2022-03-23T19:02:57Z,Run,8619.0,2203,2463,14.5
6863911644,A Bit Clunky,2022-03-22T07:34:45Z,Run,14202.4,3756,4303,33.2
6861858044,Back Running,2022-03-21T18:33:37Z,Run,6151.6,1589,1728,10.2
6819528021,Sunday Sun Day,2022-03-13T13:06:44Z,Run,15219.0,3863,4460,28.9
6814550031,Zwift - FAST,2022-03-12T17:20:45Z,VirtualRide,3450.6,305,305,13.0
6809385590,Evening Double w/ Chase,2022-03-11T17:20:24Z,Run,11677.0,3135,3720,17.2
6807161543,Steamy,2022-03-11T06:54:07Z,Run,16960.3,4464,4912,23.9
6802261460,Morning Zwift - 75min,2022-03-10T06:50:12Z,VirtualRide,18718.5,4595,5701,1058.0
6797070728,Maintenance,2022-03-09T06:45:04Z,Run,17414.8,4587,5015,23.8
6791780198,Cambridge-Watertown Greenway,2022-03-08T06:42:25Z,Run,14823.7,3927,4877,51.7
6786869442,Morning Recovery,2022-03-07T06:42:27Z,Run,15472.4,4323,4823,18.7
6784547356,Double Jog w/ Seth,2022-03-06T15:07:48Z,Run,6364.2,1881,2079,7.3
6783271254,LR: 10 Easy + 4 HMP + 4 Easy,2022-03-06T09:02:13Z,Run,29007.6,7117,8012,72.8
6779028647,Short and Sweet,2022-03-05T17:27:58Z,Run,6713.0,1648,1890,8.2
6773679979,LOTR + Some Running,2022-03-04T17:21:44Z,Run,18085.9,4822,5341,24.2
6769276645,Short Zwift,2022-03-03T18:17:11Z,VirtualRide,9583.7,1363,1582,175.0
6764037998,Splash Zone II,2022-03-02T16:54:09Z,Run,13040.1,3956,4558,27.9
6759282915,Doublin,2022-03-01T18:45:08Z,Run,15449.9,3966,4377,19.1
6756375739,Zwift - 90min,2022-03-01T07:56:41Z,VirtualRide,31790.5,5368,5574,1061.0
6751283829,Racing Back Before Water Shutoff,2022-02-28T07:37:36Z,Run,15437.1,4015,4486,19.4
6749311561,25min Zwift,2022-02-27T19:06:40Z,VirtualRide,8016.9,1499,1499,266.0
6748102878,Downright Tropical,2022-02-27T12:31:57Z,Run,6899.5,2033,2343,7.7
6741302623,Easy w/ Bettina,2022-02-26T09:30:46Z,Run,8465.2,2671,2883,25.1
6737823820,Zwift - Lactate Shuttle Short,2022-02-25T17:17:25Z,VirtualRide,19116.5,1823,1823,29.0
6733744928,With Bettina!,2022-02-24T17:41:43Z,Run,10039.4,3049,3632,18.2
6726539933,Wresh Wednesday,2022-02-23T08:09:36Z,Run,15385.5,4042,4825,50.6
6723946563,Rainy and Warm!,2022-02-22T17:22:26Z,Run,14716.4,3906,4660,30.8
6718115489,Crazy Nice Day,2022-02-21T14:40:37Z,Run,17895.4,4663,5139,20.1
6712687805,Nice and (mostly) Easy Long Run,2022-02-20T09:43:27Z,Run,27706.7,7090,8118,40.0
6707231951,Fresh Pond Faturday,2022-02-19T10:28:23Z,Run,14746.5,3735,4237,50.2
6704055641,Back at it,2022-02-18T19:19:17Z,Run,3747.0,936,1079,6.5
6672693993,Spring Quarter Vibes,2022-02-12T09:34:08Z,Run,28146.8,7086,8406,43.3
6668408886,Whole Foods Run,2022-02-11T17:17:37Z,Run,7848.1,2157,3856,10.3
6661229726,Steamy,2022-02-10T08:05:14Z,Run,16505.1,4334,4863,30.6
6655947134,Beautiful Morning,2022-02-09T07:56:59Z,Run,17913.1,4770,5297,21.9
6653278195,Chase and I Battle a Hill,2022-02-08T17:18:01Z,Run,16277.1,4980,5453,224.9
6647845035,v little zwift,2022-02-07T19:02:45Z,VirtualRide,3305.1,381,381,30.0
6647708320,Barely Runnable,2022-02-07T18:05:01Z,Run,3800.9,1030,1368,5.5
6641416678,Another Slippery Long Run,2022-02-06T09:35:18Z,Run,24658.7,6943,7316,119.7
6636847952,Mittens w/ Me,2022-02-05T13:49:48Z,Run,11611.5,3099,3279,7.7
6636560675,Mittens w/ Seth,2022-02-05T12:35:50Z,Run,6826.5,2033,2508,8.5
6632200364,Easy Zwift,2022-02-04T18:28:11Z,VirtualRide,15061.3,1652,1652,84.0
6627057580,Sloppy,2022-02-03T14:15:46Z,Run,15289.5,3999,4568,18.9
6622719813,w/ Chase and Stubna,2022-02-02T17:14:45Z,Run,11604.6,3152,3689,29.9
6616715840,Lunch Run + COVID test,2022-02-01T13:25:36Z,Run,17737.8,4742,6203,27.6
6612283980,Nice and Relaxed,2022-01-31T16:45:15Z,Run,19956.7,5492,6534,26.4
6607519921,Snow Brings out the Best and Worst of People,2022-01-30T13:57:52Z,Run,25767.3,7139,9739,55.3
6602015459,Easy Blizzard Zwift,2022-01-29T18:16:13Z,VirtualRide,13597.7,3618,3701,721.0
6596698106,Chase and I Take Advantage of Non-Inclement Weather,2022-01-28T17:15:53Z,Run,21404.3,5394,6156,22.2
6591113735,Shaking out some stiffness,2022-01-27T13:12:44Z,Run,13220.5,3523,3927,22.7
6587306536,Perserverance,2022-01-26T17:14:21Z,Run,13519.4,3720,4837,25.9
6581927246,Saving Seth's Kugel,2022-01-25T17:04:08Z,Run,7140.9,1723,2766,18.4
6579407731,Slipping and Sliding,2022-01-25T07:58:02Z,Run,10232.4,2808,3185,12.1
6574204273,Snow Cover,2022-01-24T07:57:42Z,Run,15667.1,4132,4635,20.5
6569699273,Recovery w/ Chase,2022-01-23T09:03:10Z,Run,12111.5,3140,3655,22.7
6565313751,Now That's a Long Run,2022-01-22T12:41:29Z,Run,27418.3,6394,8084,44.0
6560732443,A Most Pleasant EZ Progression,2022-01-21T18:35:42Z,Run,15774.4,4068,4449,17.3
6555896754,Evening Stroll,2022-01-20T16:51:40Z,Walk,4789.0,3683,3683,6.6
6553617559,Atoning for Past and Future Mileage Dips,2022-01-20T07:29:02Z,Run,20155.4,5306,6748,31.8
6551311135,EZ Double,2022-01-19T19:08:05Z,Run,3721.0,1061,1186,7.7
6548543853,Nice Morning,2022-01-19T07:42:36Z,Run,18635.2,4856,5547,30.7
6546268102,45min Zwift,2022-01-18T19:25:21Z,VirtualRide,19308.3,2727,3066,302.0
6538277692,Squeezing in a Run,2022-01-17T10:15:58Z,Run,7457.2,1789,1850,0.0
6535855640,Hotel Weights,2022-01-16T18:29:15Z,WeightTraining,0.0,886,886,0
6535785442,Post Wedding Run,2022-01-16T16:54:01Z,Run,12566.9,3870,4805,14.5
6527154039,Trot Before the Knot,2022-01-15T07:37:00Z,Run,13281.5,3982,4220,7.4
6523991403,Quick One w/ Bettina,2022-01-14T16:23:48Z,Run,5322.4,1493,2192,2.4
6523470669,Getting Sunscreen,2022-01-14T13:32:24Z,Run,4396.3,1072,2251,0.0
6517235050,Getting COVID Tests,2022-01-13T09:27:27Z,Run,3626.5,927,2322,13.9
6517234259,Slightly Longer,2022-01-13T07:26:30Z,Run,17083.3,4294,4968,24.6
6514731966,With Chase,2022-01-12T17:46:52Z,Run,15131.2,3984,4776,17.0
6506597483,Chilly Run,2022-01-11T07:41:46Z,Run,15372.2,3935,6328,29.8
6504266732,Another Little Zwift,2022-01-10T19:22:45Z,VirtualRide,14588.8,1606,1606,103.0
6506595780,Stroll,2022-01-09T12:09:31Z,Walk,4649.2,3413,3948,15.7
6497038591,Sunday Run w/ Stubna,2022-01-09T08:33:36Z,Run,16118.1,4270,4852,19.1
6493132533,Frog Pond Skating,2022-01-08T15:30:44Z,IceSkate,2471.5,1837,2853,0.0
6492878350,Reservoir Long Run w/ Bettina,2022-01-08T11:22:41Z,Run,22955.7,6955,8734,126.3
6488523025,Little Zwift,2022-01-07T18:50:37Z,VirtualRide,17949.3,1823,1823,30.0
6486405315,Snowy Errands,2022-01-07T09:00:29Z,Walk,2724.0,1909,1943,0.0
6481410635,Slightly Unconventional,2022-01-06T07:30:20Z,Run,16857.0,4174,4426,30.6
6476322359,Summit Avenue,2022-01-05T07:15:52Z,Run,15507.2,3900,5008,124.7
6471190929,Beautiful Morning,2022-01-04T07:32:42Z,Run,13507.3,3532,3842,14.7
6466080631,Mostly Recovery,2022-01-03T07:20:18Z,Run,13766.5,3740,3996,12.8
6462983563,Progression LR,2022-01-02T12:28:39Z,Run,24186.7,5654,6399,37.1
6457426496,BACK AT IT,2022-01-01T13:43:47Z,VirtualRide,16520.0,2439,2439,425.0
6457208970,Very Short Run,2022-01-01T12:59:26Z,Run,1822.3,518,521,2.9
6452787090,Last Run of 2021 - For Real This Time,2021-12-31T12:29:20Z,Run,5548.6,1678,1921,10.0
6451251359,Foggy - Last Run of the Year,2021-12-31T07:27:51Z,Run,13403.1,3436,3832,17.5
6447833213,Bop to Pita,2021-12-30T12:24:03Z,Ride,4819.7,1194,1468,13.6
6447832639,Bop to Arax,2021-12-30T11:16:03Z,Ride,4686.5,1048,1175,12.1
6446615575,Easyish Morning,2021-12-30T07:32:21Z,Run,13529.6,3541,3837,18.1
6442465031,LR Part II: Fartlek w/ Bettina,2021-12-29T08:42:18Z,Run,8170.7,2397,3006,15.4
6442462615,LR Part I: Jamaica Pond,2021-12-29T07:00:42Z,Run,19275.6,4782,5901,70.3
6440159459,Run w/ Bettina,2021-12-28T18:00:55Z,Run,7112.5,2223,2536,22.0
6434769942,Happy Hill Walk,2021-12-27T12:56:32Z,Walk,3578.9,3001,3294,112.4
6434041645,Weights,2021-12-27T09:37:57Z,WeightTraining,440.5,531,1171,0.0
6433785609,Treadmill Warmup,2021-12-27T09:05:21Z,Run,4989.0,1184,1184,0
6429564449,A Beautiful Boxing Day,2021-12-26T07:56:55Z,Run,15406.5,4159,4549,259.1
6425950889,Christmas! Slippery!,2021-12-25T08:21:42Z,Run,16915.9,4858,5518,158.7
6424007805,Treadmill,2021-12-24T17:35:13Z,Run,5632.7,1294,1294,0.0
6424004685,Weights + Elliptical,2021-12-24T17:04:42Z,WeightTraining,0.0,1500,1500,0
6423699607,Christmas Eve Stroll,2021-12-24T14:42:42Z,Walk,3979.2,3191,3399,23.9
6419433689,Squeezing in the Elevation,2021-12-23T12:05:06Z,Run,11427.5,2943,2975,267.5
6416383135,BOOSTED,2021-12-22T15:49:17Z,Run,4990.1,1498,1549,59.6
6414828876,Best Longhorns East of the Mississippi,2021-12-22T07:53:24Z,Run,13541.3,3617,3878,239.1
6411987587,VT Hills w/ Bettina,2021-12-21T12:53:48Z,Run,11745.1,3820,3924,314.8
6407698745,Pre Dartmouth Coach,2021-12-20T11:19:21Z,Run,13891.9,3354,3825,27.3
6407697339,Evening Stroll,2021-12-19T18:01:58Z,Walk,3040.2,2039,2039,13.1
6404150158,EZ with Seth,2021-12-19T12:25:31Z,Run,6188.2,1790,1841,10.5
6399664221,LR w/ Bettina,2021-12-18T10:46:11Z,Run,24488.9,7128,7609,33.8
6396302684,Quick One,2021-12-17T17:51:03Z,Run,7255.8,1862,2041,17.7
6444852907,5k Tempo w/ new shoes,2021-12-16T18:17:44Z,Run,6217.2,1475,1941,20.6
6444852846,5k Tempo w/ new shoes,2021-12-16T18:00:30Z,Run,4995.3,1034,1034,0.0
6392851858,5k Tempo w/ new shoes,2021-12-16T17:44:32Z,Run,3044.2,787,958,6.1
6389032712,Kinvara 6 -> Kinvara 12,2021-12-15T18:21:19Z,Run,6472.8,1972,2103,10.4
6382603362,Nice Morning,2021-12-14T07:08:37Z,Run,14326.9,3713,4208,29.3
6378684508,Mondee,2021-12-13T07:57:49Z,Run,10295.0,2772,3064,16.1
6375126853,SW Corridor w/ Stubna,2021-12-12T07:49:56Z,Run,22561.3,5844,6107,110.4
6370595710,Nice and Rainy,2021-12-11T08:44:35Z,Run,11030.6,2882,3259,17.3
6367994546,EZ with Seth,2021-12-10T16:57:23Z,Run,6805.1,2055,2344,8.4
6364619068,Evening Run,2021-12-09T18:09:53Z,Run,5624.6,1514,1715,13.6
6358692879,I thought of something funnier than 24,2021-12-08T07:54:13Z,Run,10312.6,2767,3057,12.6
6356587481,Still Shirtless Weather,2021-12-07T17:18:46Z,Run,15127.5,3530,4298,32.0
6350411512,Rainy Morning,2021-12-06T07:09:21Z,Run,13163.7,3288,3811,22.7
6346735487,With Chase and Stubna,2021-12-05T08:07:02Z,Run,13030.9,3463,3715,18.0
6342824920,Weights,2021-12-04T10:11:57Z,Workout,0.0,1921,1921,0
6342824627,To Gym,2021-12-04T09:59:21Z,Run,1718.1,455,479,7.2
6342160298,With Ryan!,2021-12-04T07:59:38Z,Run,6830.7,1759,3249,16.6
6340053035,Blue Bike,2021-12-03T20:13:31Z,Ride,1906.2,569,646,6.6
6337946474,Team OI: FSST,2021-12-03T07:02:00Z,Run,13007.1,3275,5233,13.2
6335894351,BU Bridge Kinda Day,2021-12-02T16:40:39Z,Run,8853.6,2391,2758,23.0
6330094637,Mileage Bump,2021-12-01T08:08:10Z,Run,16103.5,4156,6037,31.8
6326736004,Lunch Break,2021-11-30T12:16:09Z,Run,17746.6,4454,4964,60.3
6321616295,"Code Runs, I Run",2021-11-29T08:37:08Z,Run,10841.2,2784,3136,11.9
6318454259,Morning Break,2021-11-28T10:15:44Z,Run,15817.0,4042,4567,31.8
6314327710,Back in Cambridge,2021-11-27T12:39:47Z,Run,10371.9,2681,2760,13.1
6309387526,Tow Path Recovery,2021-11-26T07:44:17Z,Run,16571.3,5086,5627,13.6
6305637776,Cooldown w/ Bettina and Constance,2021-11-25T09:44:21Z,Run,3401.7,1127,1127,3.5
6305637334,Drumstick Dash  🍗🦃,2021-11-25T09:00:12Z,Run,7150.0,1526,1526,10.5
6305636577,Warmup w/ Constance and Bettina,2021-11-25T08:47:36Z,Run,702.9,239,247,2.1
6303247918,Canal w/ Bettina,2021-11-24T16:58:28Z,Run,6495.4,2027,2289,3.2
6297835447,Break,2021-11-23T13:07:03Z,Run,6906.8,1762,1987,10.3
6290524231,Chocolate Run,2021-11-21T17:51:23Z,Run,5211.7,1394,2197,9.5
6284323469,Solid Day,2021-11-20T10:51:46Z,Run,16406.6,4207,4835,30.1
6279085206,Easy Day,2021-11-19T08:35:37Z,Run,7194.5,1892,2134,16.8
6274620102,Team OI: 6x800m  + 4x200m,2021-11-18T06:56:49Z,Run,16193.5,3874,5600,8.8
6270273120,Morning Break,2021-11-17T08:09:50Z,Run,10794.1,2909,3128,16.8
6266866652,Short,2021-11-16T13:39:02Z,Run,3838.1,959,1127,7.8
6261156564,Morning Break,2021-11-15T08:10:58Z,Run,10866.8,2856,3271,14.7
6258439434,With Seth,2021-11-14T13:15:16Z,Run,6170.7,1788,1964,10.7
6253224056,Lunch Run,2021-11-13T12:41:27Z,Run,10140.2,2554,2899,22.3
6243239238,Cooldown,2021-11-11T09:21:34Z,Run,4032.3,1055,1283,8.1
6243238605,Team OI: warmup + 8x600m + 4x200m,2021-11-11T07:54:52Z,Run,11479.0,2694,3881,0.0
6240445724,EZ,2021-11-10T15:45:01Z,Run,8073.6,2170,2437,16.5
6233818618,Amazing Morning (no photo evidence today),2021-11-09T07:49:35Z,Run,17266.4,4226,4879,24.7
6225299914,Stimulating the Economy 🇺🇲,2021-11-07T09:14:21Z,Run,13913.5,3519,3897,25.7
6221085615,Suspiciously Nice Day,2021-11-06T14:06:45Z,Run,10419.5,2686,2856,21.7
6216357478,Fresh Friday,2021-11-05T14:40:39Z,Run,16169.1,4083,5606,50.2
6212581033,Making up for 2 Days Off,2021-11-04T17:00:41Z,Run,11500.1,2674,3370,23.6
6196492190,With Dhruv!,2021-11-01T06:57:02Z,Run,12468.6,3410,4540,28.7
6192049052,With Roddy!,2021-10-31T07:02:28Z,Run,19719.8,4967,6194,68.0
6188620666,Lunch Run,2021-10-30T12:44:45Z,Run,13546.3,3451,3900,48.0
6184689930,With Seth!,2021-10-29T17:39:08Z,Run,6389.3,1876,2133,10.5
6180846290,Evening Run,2021-10-28T19:00:57Z,Run,3755.6,886,1039,7.7
6170441581,Break,2021-10-26T13:47:00Z,Run,6463.6,1681,1905,10.7
6160269910,HOCR w/ Bettina,2021-10-24T08:47:17Z,Run,14569.6,4173,4840,19.4
6154714806,With BETTINA,2021-10-23T08:44:34Z,Run,11431.1,3319,3878,31.3
6143147878,With Stubna!,2021-10-20T17:08:48Z,Run,13130.4,3426,3939,24.4
6138237195,Break,2021-10-19T17:32:26Z,Run,6146.5,1496,1777,10.7
6126964594,Superior Autumn Running,2021-10-17T08:36:28Z,Run,21459.5,5424,6188,28.7
6111461863,Excellent fall morning,2021-10-14T07:05:00Z,Run,12663.4,3180,3451,15.5
6109194964,From Kayak,2021-10-13T17:30:46Z,Run,5258.2,1258,1536,8.2
6109069466,Afternoon Kayak,2021-10-13T15:48:18Z,Kayaking,6013.4,4016,5174,2.1
6109068819,To Kayak,2021-10-13T15:20:34Z,Run,2250.5,480,636,0.0
6103409691,Lunch Break,2021-10-12T13:02:56Z,Run,10288.8,2623,2894,12.7
6099493534,Spotted: Dog in Sidecar Wearing Goggles,2021-10-11T17:33:18Z,Run,6324.1,1589,3833,10.3
6098933091,Afternoon Run,2021-10-10T17:23:46Z,Run,6233.0,1607,1919,10.9
6084222351,Evening Run,2021-10-08T18:07:25Z,Run,6140.9,1558,1811,10.9
6076751614,Pretty Morning,2021-10-07T06:44:03Z,Run,13323.1,3344,4136,14.9
6071854369,7-8am is NOT City Running Time,2021-10-06T06:32:23Z,Run,19002.7,4756,5757,35.2
6060031032,Break,2021-10-03T17:39:05Z,Run,10460.7,2673,2801,12.8
6053784850,Candidate for Weirdest Route,2021-10-02T12:07:56Z,Run,21115.3,5441,6460,57.2
6049240474,Gorgeous Day,2021-10-01T17:38:06Z,Run,10335.1,2577,2878,16.4
6044886776,PSET Vibes,2021-09-30T18:01:40Z,Run,6129.8,1455,1735,10.7
6040119140,Afternoon Stroll,2021-09-29T17:42:38Z,Walk,3928.4,3100,3100,3.7
6037537727,Fall Weather,2021-09-29T07:33:49Z,Run,14058.4,3516,4015,26.6
6034802375,"Rain, No Lightning -- Very Nice",2021-09-28T16:54:08Z,Run,6748.2,1681,2039,18.0
6032628630,Lightning -- Cut Run Short,2021-09-28T09:32:47Z,Run,4168.9,1057,1390,10.8
6031740505,Afternoon Stroll,2021-09-27T17:26:36Z,Walk,3967.7,2918,2918,10.2
6022864414,Cooldown of Sorts,2021-09-26T08:56:12Z,Run,1372.8,467,467,2.2
6022863991,Chicago Half Marathon (1:20:23),2021-09-26T07:00:05Z,Run,21243.5,4824,4824,48.8
6022860917,Warmup Shuffle,2021-09-26T06:12:03Z,Run,1967.1,736,783,0.0
6018994139,Shakeout w/ Bettina,2021-09-25T15:57:03Z,Run,5285.1,1457,1659,0.0
6012469916,Lunch Run,2021-09-24T12:51:33Z,Run,6141.0,1545,1705,10.4
6012468570,Evening Run,2021-09-23T18:19:44Z,Run,6216.7,1582,1843,10.9
6003865664,Evening Run,2021-09-22T18:41:17Z,Run,3703.9,951,1151,8.3
5998341560,Snug Fit,2021-09-21T18:09:26Z,Run,2921.0,698,831,7.0
5993060296,With Dhruv!,2021-09-20T17:50:00Z,Run,13654.8,3770,5059,20.1
5988299994,Wildly Pleasant Evening,2021-09-19T17:10:17Z,Run,19906.6,4870,5781,41.5
5982292942,Afternoon Walk,2021-09-18T16:59:04Z,Walk,6033.8,4332,4479,5.9
5981317245,Regatta Watching,2021-09-18T12:30:01Z,Run,12301.0,3018,3397,19.2
5976734142,The Gang Teaches Harvey How to Mountain Bike,2021-09-17T17:17:42Z,Ride,14772.5,4312,4625,121.7
5966748681,Better than Better than Nothing,2021-09-15T17:49:29Z,Run,6111.3,1614,1830,10.5
5960872662,Afternoon Walk,2021-09-14T13:35:53Z,Walk,5611.4,3913,8473,19.6
5958377276,Short Run,2021-09-14T07:38:54Z,Run,3776.3,997,1167,7.7
5953245878,Drizzly Run w/ Chase,2021-09-13T06:58:08Z,Run,14223.4,3711,5060,24.1
5951011691,Afternoon Walk,2021-09-12T16:10:54Z,Walk,6240.2,4321,4321,3.1
5949576720,Recovery Day,2021-09-12T11:36:54Z,Run,6530.4,1736,1854,7.2
5945500237,Pre-Dinner Walk,2021-09-11T17:20:57Z,Walk,3714.6,2288,2288,6.9
5942673333,Progression LR,2021-09-11T07:56:06Z,Run,30647.0,7410,8634,47.5
5938360595,Lunch Walk,2021-09-10T12:05:03Z,Walk,5621.4,4177,8059,12.0
5936742218,Fresh Friday,2021-09-10T07:08:51Z,Run,12473.1,3279,3595,36.3
5934993022,Rainy Walk,2021-09-09T17:47:18Z,Walk,3586.4,2710,2710,2.5
5931918955,The Nice Kind of Humid,2021-09-09T07:53:05Z,Run,17323.5,4401,5053,24.5
5929203556,Evening Walk,2021-09-08T18:11:06Z,Walk,2321.9,1832,1832,2.3
5926086644,Morning Run,2021-09-08T06:37:05Z,Run,17319.3,4401,4797,34.3
5924004089,Afternoon Stroll,2021-09-07T17:58:06Z,Walk,3774.8,2839,3180,4.9
5920560827,Easy + Test Dropoff,2021-09-07T07:34:17Z,Run,13574.9,3434,4437,18.0
5916451396,Porter -> Home,2021-09-06T13:21:36Z,Ride,3600.6,471,608,15.0
5915868769,Hard Ride to Train Station,2021-09-06T11:22:05Z,Ride,5596.9,859,2192,50.0
5915422838,Almost Made it to Turnaround Point,2021-09-06T08:12:55Z,Ride,43919.9,5925,6844,359.0
5912771295,Walk and Talk,2021-09-05T16:47:28Z,Walk,7316.8,5427,5444,6.6
5910624933,Cooldown,2021-09-05T09:55:18Z,Run,4055.7,1159,3491,18.8
5910396454,UCXC Alumni 3200m TT,2021-09-05T09:32:41Z,Run,3278.7,648,648,25.3
5910395627,Warmup,2021-09-05T09:02:07Z,Run,3519.7,944,1047,15.6
5906687043,Evening Stroll,2021-09-04T18:31:10Z,Walk,5218.5,4038,4076,8.4
5903891375,EZLR,2021-09-04T07:42:13Z,Run,21066.3,5428,5974,30.9
5900822936,Evening Run,2021-09-03T18:37:18Z,Run,7166.5,1828,2113,16.9
5895934120,Evening Stroll,2021-09-02T18:13:07Z,Walk,4057.2,2744,2744,13.3
5892683990,Loopy,2021-09-02T07:02:17Z,Run,7635.8,1997,2088,13.7
5887413746,Chestnut Hill Reservoir,2021-09-01T06:41:56Z,Run,14515.3,3662,4965,83.0
5885212001,Evening Stroll,2021-08-31T19:03:41Z,Walk,3204.4,2356,2484,6.7
5881860489,Jamaica Pond,2021-08-31T06:44:33Z,Run,16127.9,4117,5171,60.4
5876739198,Long Way to COVID Test,2021-08-30T06:48:47Z,Run,17256.8,4456,5676,38.6
5874588487,(Partial) Run w/ K Sun,2021-08-29T16:11:16Z,Run,18080.8,4851,6084,30.6
5873676667,Final Move,2021-08-29T07:04:20Z,Walk,8762.4,5131,6915,33.5
5868779886,Afternoon Run,2021-08-28T16:59:16Z,Run,6202.1,1605,1926,14.1
5861202023,Fresh Friday,2021-08-27T07:40:18Z,Run,12162.5,3090,3916,40.1
5850574598,Morning Run,2021-08-25T07:39:30Z,Run,10252.7,2746,3786,29.2
5844992407,Tempo Tuesday,2021-08-24T07:42:26Z,Run,20275.9,4935,6045,56.1
5839521738,Busy Week Coming Up,2021-08-23T08:36:05Z,Run,8390.4,2100,2519,27.1
5834844710,Henri,2021-08-22T08:12:48Z,Run,5912.4,1886,2167,22.1
5829515946,Concord -> Harvard w/ Bettina,2021-08-21T08:23:26Z,Ride,65241.1,9846,10550,607.0
5825594497,Double w/ Bettina,2021-08-20T17:38:39Z,Run,8030.2,2438,2742,17.8
5823255682,Frischer Freitag,2021-08-20T07:37:13Z,Run,14548.8,3771,4206,46.6
5820684642,Tight Calves,2021-08-19T17:36:49Z,Run,10917.0,2962,3624,27.9
5815918878,Evening Stroll,2021-08-18T19:01:31Z,Walk,5892.5,4441,4612,22.4
5812346178,Easy Day,2021-08-18T07:39:17Z,Run,7322.5,1953,2176,18.8
5806997753,Tempo(ish) Tuesday,2021-08-17T07:20:58Z,Run,19343.5,4732,5711,48.9
5801482343,Back to Work 😤💯📊📈,2021-08-16T06:44:35Z,Run,14017.2,3617,4292,35.4
5799248176,Afternoon Stroll,2021-08-15T15:56:04Z,Walk,5950.6,4303,4350,18.3
5797007133,Alaskan Bull Worm,2021-08-15T07:25:55Z,Run,29180.8,7404,8871,49.7
5793820318,Sunset Run,2021-08-14T19:14:30Z,Run,8893.6,2317,2658,34.5
5785936984,Salt Marsh Run,2021-08-13T07:59:25Z,Run,16557.8,4286,5210,128.4
5782650129,Exploring Nantucket w/ Bettina,2021-08-12T09:40:20Z,Ride,81716.9,13455,21155,471.0
5775981169,Low-Tide Hike,2021-08-11T07:33:22Z,Hike,13906.6,10689,16234,68.5
5774440997,Run -> Hike,2021-08-11T06:25:53Z,Run,8066.3,2634,2669,98.2
5769649233,Ptown 🏳️‍🌈,2021-08-10T07:34:54Z,Ride,78573.8,9904,10478,709.0
5763551672,Abbreviated Workout,2021-08-09T07:36:44Z,Run,13378.4,3355,4094,143.1
5760388697,Smoothie Ride,2021-08-08T11:48:27Z,Ride,32287.3,4624,8014,375.0
5758373969,Vacation,2021-08-08T07:10:46Z,Run,16576.9,4158,4922,163.6
5755904622,Forgot that it gets dark at night,2021-08-07T19:37:21Z,Run,11381.2,3498,3711,105.5
5752746220,"Walk to Dinner and Back, Long Way",2021-08-06T18:25:06Z,Walk,8046.7,5880,5880,0
5749199575,I can taste vacation,2021-08-06T12:42:56Z,Run,10562.2,2691,3200,26.9
5734189502,Afternoon Walk,2021-08-03T14:45:20Z,Walk,3136.6,1838,6186,8.5
5731261579,Unplanned 4x800,2021-08-03T06:42:46Z,Run,11954.9,2892,3579,27.6
5727799126,Farmer's Walk + ID Pickup,2021-08-02T12:41:12Z,Walk,3127.8,2115,5436,2.3
5725935454,Stolen Valor,2021-08-02T07:03:47Z,Run,13783.9,3560,4110,37.8
5721320997,Registered for Chicago Half,2021-08-01T07:08:55Z,Run,26762.0,6749,7876,54.7
5716066370,Esplanadeering w/ Bettina,2021-07-31T08:52:01Z,Run,12927.3,3822,4259,23.0
5711825374,Phresh Phriday,2021-07-30T11:43:59Z,Run,15687.8,3994,4744,51.7
5708467632,Evening Run,2021-07-29T18:31:49Z,Run,6564.8,1634,1950,32.6
5703151185,After Work + Blue Skies,2021-07-28T17:41:57Z,Run,13645.5,3321,3803,29.3
5702950351,To USPS,2021-07-28T17:23:19Z,Walk,1186.9,847,847,0.0
5695256912,Morning Run,2021-07-27T09:29:53Z,Run,2500.5,660,680,2.4
5692697109,Smoke,2021-07-26T19:55:26Z,Walk,2685.1,2180,2180,20.6
5679214276,Easy w/ Bettina,2021-07-24T08:36:46Z,Run,10172.1,3174,3872,19.9
5676240028,Evening Run,2021-07-23T18:36:16Z,Run,6063.6,1502,1785,22.0
5671490582,Fresh Fphthursday,2021-07-22T18:16:44Z,Run,16362.7,4072,5180,56.8
5666228816,Classic Running While Jobs are Running,2021-07-21T19:32:29Z,Run,6923.4,1768,2039,28.1
5660559836,Smoky,2021-07-20T18:50:36Z,Walk,2589.5,1744,1744,2.7
5657680412,Route Indecision,2021-07-20T08:04:01Z,Run,17577.2,4396,5565,48.6
5655081920,Nice Evening,2021-07-19T19:09:07Z,Run,12551.6,3163,3677,26.7
5649989336,Easy 30min,2021-07-18T18:02:52Z,VirtualRide,16172.4,1789,2011,90.0
5642783751,Sweaty One,2021-07-17T11:14:34Z,Run,17982.4,4554,5914,35.9
5638724986,Short Evening Run,2021-07-16T18:58:29Z,Run,4648.9,1171,1441,6.8
5633729276,Humid,2021-07-15T16:41:46Z,Run,14242.6,3574,4437,42.0
5627501528,Fresh Pond Fwednesday,2021-07-14T12:36:22Z,Run,15731.7,4000,4938,51.2
5621812023,Lunch Break,2021-07-13T12:19:35Z,Run,13645.5,3292,3963,43.2
5617701748,Something,2021-07-12T17:19:30Z,Run,2540.9,681,722,2.7
5611517282,Morning Run,2021-07-11T10:54:27Z,Run,7808.9,1989,2313,24.3
5605514252,Perfect Saturday Ride w/ Bettina,2021-07-10T08:31:11Z,Ride,59683.3,8678,10241,443.0
5601978450,After the Rain -- Stunning Weather,2021-07-09T18:00:40Z,Run,18077.4,4495,5453,29.5
5596931038,Making Up for Lost Mileage,2021-07-08T16:08:59Z,Run,17039.1,4369,5013,41.2
5596618965,Morning Stroll,2021-07-08T08:06:45Z,Walk,2245.7,1853,1853,16.3
5586790663,After the Storm,2021-07-06T18:47:18Z,Run,5661.7,1720,2040,12.6
5581124878,Bread Pickup,2021-07-05T16:15:39Z,Walk,2470.7,1977,2051,7.7
5579620199,Ankle is Back,2021-07-05T11:55:12Z,Run,8861.1,2223,2555,26.2
5578500429,Morning Stroll,2021-07-05T07:33:46Z,Walk,4819.7,4061,4501,13.5
5576799030,Evening Stroll,2021-07-04T20:33:22Z,Walk,5190.1,3792,3933,7.4
5576494473,Jon's Short Mix,2021-07-04T18:19:00Z,VirtualRide,15370.8,1811,1811,187.0
5570755644,"At Last, a Zwift Session",2021-07-03T18:33:55Z,VirtualRide,14297.3,1815,1859,183.0
5560757582,Fells Action,2021-07-01T18:15:26Z,Run,9521.0,3777,4719,203.7
5555614875,Post Storm,2021-06-30T19:28:17Z,Run,2487.7,679,718,2.5
5550521657,Evening Run,2021-06-29T19:36:09Z,Run,2508.4,671,671,2.3
5542361321,Morning Run,2021-06-28T07:09:01Z,Run,11673.4,2934,3616,33.3
5538778315,w/ Seth and Gabe,2021-06-27T10:35:45Z,Run,11943.9,3340,4783,20.2
5532374670,Post-Ride Run,2021-06-26T10:00:43Z,Run,7572.5,1892,2115,27.8
5531816453,Classico,2021-06-26T07:15:07Z,Ride,50987.9,6144,6694,383.0
5529107875,Waited for the Sun to Come Out,2021-06-25T19:15:19Z,Run,6539.8,1672,2009,18.5
5524379048,A Beaut,2021-06-24T18:10:35Z,Run,14029.3,3409,3947,41.3
5521334896,Morning Walk,2021-06-24T07:21:40Z,Walk,4055.6,2890,2890,10.4
5517864529,Dipping My Toes in Middlesex Fells,2021-06-23T12:55:26Z,Run,16374.2,4058,4831,135.6
5513705913,Slightly Different Loop,2021-06-22T18:44:20Z,Run,7531.5,1919,2065,20.4
5505518844,Extended the Morning Shakeout,2021-06-21T06:58:30Z,Run,16437.6,4248,5240,40.6
5503704760,Evening Walk,2021-06-20T19:13:32Z,Walk,1990.8,1572,1572,16.3
5500432966,Morning Walk,2021-06-20T07:07:46Z,Walk,3274.7,2469,2469,5.6
5500086935,Cemetery Walk,2021-06-19T10:57:30Z,Walk,2348.8,2330,4082,13.8
5495328732,Fresh Pond Faturday,2021-06-19T08:33:05Z,Run,12356.0,3182,3697,37.4
5491038781,"Post Ride, w/ Bettina",2021-06-18T11:55:13Z,Run,8469.8,2683,3111,33.5
5490474643,Juneteenth Weekend,2021-06-18T07:43:16Z,Ride,78189.1,9688,10421,636.0
5487880803,Easy Day,2021-06-17T19:22:16Z,Run,6459.7,1704,1981,18.7
5480932517,Solid Lunch Break,2021-06-16T12:38:54Z,Run,13420.2,3431,3994,37.9
5474558695,With Chase!,2021-06-15T10:55:36Z,Run,13983.3,3902,4406,19.9
5471038141,Nice and Rainy,2021-06-14T18:04:54Z,Run,11506.1,3407,3756,28.0
5465556506,After Biscuits and Gravy,2021-06-13T12:15:39Z,Run,6440.6,1580,1645,55.0
5456626909,Visiting Family,2021-06-12T07:03:09Z,Run,14495.2,3748,4892,330.6
5451716541,Pre-Flight,2021-06-11T09:05:04Z,Run,8113.8,2068,2210,32.7
5449014143,Shortish,2021-06-10T18:20:08Z,Run,5066.1,1332,1582,10.0
5440178112,Dog Spotting Route,2021-06-09T06:42:14Z,Run,15575.7,4087,4760,50.5
5437886343,Quick,2021-06-08T19:38:49Z,Run,2884.6,795,896,5.0
5428813317,Morning Run,2021-06-07T07:16:58Z,Run,10347.7,2687,3176,32.5
5423632255,Hot,2021-06-06T07:50:34Z,Run,14530.0,3706,4203,39.4
5417364493,Carlisle Loop,2021-06-05T06:24:06Z,Ride,76047.4,9570,10341,601.0
5411591272,Intercepted Bettina,2021-06-04T07:50:41Z,Run,6136.8,1899,2168,25.6
5411590402,Fresh Friday,2021-06-04T06:51:47Z,Run,12154.6,3133,3472,38.3
5399911104,Morning Run,2021-06-02T06:39:30Z,Run,11748.7,3057,3408,27.9
5397389302,Afternoon Run,2021-06-01T17:31:44Z,Run,10215.0,3004,3440,42.8
5395479436,Lunch Run,2021-06-01T12:20:21Z,Run,8699.8,2197,2490,24.8
5383512046,Morning Run,2021-05-30T09:24:19Z,Run,2490.6,683,1266,17.3
5376986679,Morning Run,2021-05-29T07:57:14Z,Run,11432.8,3350,3803,21.6
5365734331,Morning Run,2021-05-27T06:30:52Z,Run,8229.8,2211,2419,33.0
5360555071,Morning Run,2021-05-26T06:45:14Z,Run,14623.6,3786,4336,44.0
5355004985,Morning Run,2021-05-25T07:03:07Z,Run,13945.4,3599,4187,28.2
5352792304,Evening Run,2021-05-24T18:19:08Z,Run,8744.5,2231,2497,25.8
5344557959,Back at It w/ Classic Route,2021-05-23T06:53:04Z,Ride,51272.7,6327,6503,387.0
5341230393,Away from Family,2021-05-22T13:09:05Z,Ride,5053.5,793,1091,14.6
5339179129,To Family,2021-05-22T09:44:42Z,Ride,4835.4,707,875,11.4
5338651755,Fresh Faturday,2021-05-22T07:24:16Z,Run,13878.5,3514,4877,45.6
5331383424,Quick One,2021-05-20T18:46:33Z,Run,2420.7,617,660,3.0
5331325367,w/ Bettina!,2021-05-19T18:41:22Z,Run,6413.1,2008,2135,20.4
5318576933,Lunch Run,2021-05-18T12:29:37Z,Run,8167.0,2092,2329,32.6
5311486578,Morning Run,2021-05-17T06:37:07Z,Run,6631.8,1756,2103,25.4
5306567393,Morning Run,2021-05-16T06:55:25Z,Run,16389.0,4272,4911,53.9
5300975006,Morning Run,2021-05-15T08:33:42Z,Run,11929.1,3090,3744,36.6
5297071413,Bandaid Virtue Signalling,2021-05-14T14:10:31Z,Run,8946.5,2253,2770,20.0
5296731171,Dose #2,2021-05-14T12:58:41Z,Run,6358.4,1515,1906,21.3
5296729810,Evening Run,2021-05-13T18:39:03Z,Run,2435.6,750,858,2.4
5285342292,Lunch Run,2021-05-12T12:25:20Z,Run,11979.3,2957,3405,28.4
5285338621,Evening Run,2021-05-11T18:33:12Z,Run,8061.6,2042,2193,26.4
5285336330,Evening Run,2021-05-10T18:43:13Z,Run,1832.5,545,577,3.7
5269720532,Lunch Run,2021-05-09T12:22:48Z,Run,14086.2,3498,4085,84.7
5263481259,Lunch Run,2021-05-08T12:24:44Z,Run,15516.6,3900,4356,47.0
5258952729,Hahvey Bahnhahd runs through Hahvahd Yahd,2021-05-07T18:45:19Z,Run,4762.2,1481,1664,12.0
5254056639,Evening Run,2021-05-06T18:54:05Z,Run,8066.0,2019,2078,25.8
5253930190,Evening Run,2021-05-04T18:37:51Z,Run,2512.6,670,692,2.6
5237953837,Evening Run,2021-05-03T18:15:02Z,Run,8012.1,2066,2298,25.9
5231612580,Finally fit in a good run,2021-05-02T11:45:41Z,Run,19325.8,4833,5209,30.2
5231610002,Bettina + Seth + Gabe,2021-05-01T12:51:13Z,Run,7840.2,2382,2779,15.2
5231607087,More than Yesterday,2021-04-30T19:13:49Z,Run,3826.0,1029,1518,13.9
5215464821,Short,2021-04-29T18:48:41Z,Run,2561.0,678,681,2.7
5210204705,Intercepted Bettina,2021-04-28T18:30:02Z,Run,4753.1,1416,1621,18.0
5204658510,Nice Day,2021-04-27T18:47:02Z,Run,8068.6,1999,2220,26.1
5198257282,Short,2021-04-26T17:36:38Z,Run,2467.1,664,666,3.1
5193176987,Gabe + Seth,2021-04-25T16:09:05Z,Run,11982.8,3387,4618,25.5
5189860007,Morning Shakeout w/ Bettina,2021-04-25T07:41:49Z,Run,2547.0,851,851,3.2
5185009409,Sourdough Run,2021-04-24T11:26:45Z,Run,11514.6,3490,4365,31.3
5179352104,Fro Vaccine,2021-04-23T14:01:22Z,Run,6515.0,1640,2204,28.1
5178766886,To Vaccine,2021-04-23T12:23:30Z,Run,6381.3,1524,1934,20.8
5163522454,Evening Run,2021-04-20T18:31:33Z,Run,6921.3,1784,2098,17.5
5157345483,Evening Run,2021-04-19T18:11:33Z,Run,7716.3,1989,2341,17.0
5151761585,Afternoon Run,2021-04-18T16:12:49Z,Run,4368.6,1151,2628,11.1
5151760855,With Gabe!,2021-04-18T14:55:37Z,Run,10188.3,2823,3256,14.4
5138924984,Bettina and I Enjoy the Wonderful Weather,2021-04-16T17:24:38Z,Run,12931.2,3963,4504,24.6
5133812042,Drizzly w/ Bettina,2021-04-15T17:45:55Z,Run,6605.6,2083,2388,16.2
5122481176,Evening Run,2021-04-13T18:14:30Z,Run,8054.8,2084,2298,24.7
5116456581,Getting Outside,2021-04-12T18:26:02Z,Run,2519.7,728,741,2.6
5107891194,Easy Morning,2021-04-11T07:37:53Z,Run,7542.6,2137,2233,37.7
5104872398,"""Look at that guy! What is he going to do when it's 80 out?""",2021-04-10T18:22:44Z,Run,6081.4,1885,2142,7.1
5101405681,Back to Morning Runs,2021-04-10T06:58:38Z,Run,12657.6,3286,3956,55.1
5098644872,Fresh Friday,2021-04-09T17:27:34Z,Run,12675.5,3345,3968,40.3
5093396080,Evening Run,2021-04-08T17:50:31Z,Run,12723.7,3269,3760,31.5
5087178795,Afternoon Run,2021-04-07T15:57:48Z,Run,13094.5,3258,4084,31.5
5080811693,Post Down Week,2021-04-06T13:10:10Z,Run,17154.5,4445,4962,29.5
5074802961,Smith Pond,2021-04-05T09:39:50Z,Hike,10733.4,9205,10465,357.6
5067444004,Little Morning Hike,2021-04-04T07:35:15Z,Hike,4067.6,3100,3787,151.9
5064257976,Some AT Action,2021-04-03T16:35:02Z,Hike,6757.4,5488,5982,244.7
5063262341,Mud Szn w/ Bettina,2021-04-03T12:52:27Z,Run,9985.3,3103,3191,179.4
5058163578,Evening Run,2021-04-02T18:30:39Z,Run,4218.2,1137,1359,6.6
5051121141,I was Rick-Rolled on a run this April Fools,2021-04-01T12:32:42Z,Run,17960.0,4589,5449,30.5
5044771575,Lunch Break,2021-03-31T12:24:39Z,Run,2514.6,673,862,17.0
5040757239,Tuesday Part II: w/o Bettina,2021-03-30T18:53:27Z,Run,7356.6,1965,2306,17.8
5040578871,Tuesday Part I: w/ Bettina,2021-03-30T18:05:26Z,Run,5698.3,1746,2110,15.5
5034195103,Busy Day,2021-03-29T18:03:51Z,Run,4527.7,1242,1457,15.5
5027441390,Sunday Recovery,2021-03-28T12:36:09Z,Run,5980.6,1588,1912,13.5
5021080097,Warming up for Spikeball,2021-03-27T12:14:15Z,Run,14679.2,3650,4344,84.0
5020017917,Farmers Market To and Fro,2021-03-27T10:03:28Z,Run,3511.9,1141,6126,54.0
5015904584,Fresh Friday,2021-03-26T17:52:04Z,Run,11792.1,3075,3631,42.4
5010889227,"Clouds of gnats, in this economy!?",2021-03-25T17:57:21Z,Run,11758.0,3085,3766,28.3
5005122737,Easy Day,2021-03-24T17:55:45Z,Run,8421.1,2246,2410,33.1
4999131370,Spring = Elbow + Sock Tanlines,2021-03-23T17:35:15Z,Run,11988.7,2991,3568,25.4
4991538296,Slathered in Sunscreen + 4x200m,2021-03-22T12:15:03Z,Run,16048.4,4221,5186,84.1
4988227055,Fro Spikeball,2021-03-21T17:55:13Z,Run,3032.3,853,964,14.6
4988226775,To Spikeball,2021-03-21T16:00:47Z,Run,3035.2,789,903,8.4
4992350247,Long Morning Walk,2021-03-21T10:46:55Z,Walk,12874.8,7200,7200,0
4986700934,Jog to River,2021-03-21T10:21:06Z,Run,1740.0,557,683,0.0
4980289508,Alaskan Bull Worm III,2021-03-20T12:25:53Z,Run,28762.7,7165,8412,49.2
4974728597,With Bettina,2021-03-19T16:56:12Z,Run,8291.3,2539,2754,35.5
4968606481,Easy Day,2021-03-18T13:20:40Z,Run,7766.3,2061,2393,17.0
4964559905,10x400m + 2x200m,2021-03-17T16:50:26Z,Run,14149.8,3528,3924,98.8
4957371111,Another Day of Tights,2021-03-16T12:27:17Z,Run,16199.6,4037,4668,37.8
4953148086,Real Feel of 16F Somehow,2021-03-15T16:59:01Z,Run,8065.9,2078,2520,35.5
4945916722,π Day 😤📈🚀🥧,2021-03-14T09:33:47Z,Run,4992.0,1536,2160,22.4
4941381519,About Twice as Long as Planned,2021-03-13T13:02:14Z,Run,14708.8,3729,4207,57.5
4935391479,Lunch Run,2021-03-12T12:38:10Z,Run,13145.0,3301,4113,28.7
4931602197,Afternoon Run,2021-03-11T17:16:39Z,Run,17147.3,4440,4970,27.2
4926166220,Afternoon Run,2021-03-10T17:00:13Z,Run,3974.4,1035,1275,13.0
4926077929,Afternoon Activity,2021-03-10T16:18:49Z,Walk,3223.6,2080,2438,9.7
4925901010,Afternoon Run,2021-03-10T15:55:41Z,Run,3037.6,794,868,8.1
4921049662,I am the Cambridge Common Maniac,2021-03-09T17:24:43Z,Run,12796.8,3242,3655,26.1
4914985863,Backfilling Titles,2021-03-08T17:01:54Z,Run,12477.5,3300,3680,18.8
4906702615,Dog Envy,2021-03-07T07:54:19Z,Run,8196.9,2500,2608,35.1
4902139099,Jamaica Pond,2021-03-06T12:05:52Z,Run,20236.6,5119,6352,65.6
4896666134,Friday,2021-03-05T17:07:37Z,Run,11365.1,2959,3252,34.4
4891626089,Playing Catch-Up,2021-03-04T16:42:43Z,Run,17987.8,4686,5071,30.3
4884889800,Pretty Good,2021-03-03T12:18:42Z,Run,14611.0,3843,4501,87.5
4880491766,Another Recovery Day,2021-03-02T18:34:56Z,VirtualRide,16991.0,1879,1879,137.0
4874241710,Galeforce,2021-03-01T17:19:46Z,Run,10246.3,2770,3102,43.5
4874240457,Afternoon Walk,2021-02-28T13:14:47Z,Walk,4984.9,3717,4713,8.9
4867572165,Lunch Run,2021-02-28T12:03:35Z,Run,7136.4,1830,1960,25.6
4861851592,Evening Zwift,2021-02-27T16:53:04Z,VirtualRide,25643.0,2605,2605,137.0
4859127714,Morning Meander,2021-02-27T08:59:13Z,Run,5152.2,1690,1800,32.8
4854682886,Lunch Run,2021-02-26T12:18:00Z,Run,18134.6,4618,5145,30.5
4848989707,Successful Recovery,2021-02-25T12:12:38Z,Run,11111.9,3036,3258,26.8
4843199074,"Puddles, Not Ice",2021-02-24T11:55:42Z,Run,15154.1,3870,4555,123.2
4838779385,Evening Zwift,2021-02-23T17:59:32Z,VirtualRide,40362.3,3699,3699,347.0
4837978632,Stomach Training,2021-02-23T15:01:29Z,Run,8875.7,2185,2447,36.7
4831385100,Before the Rain,2021-02-22T12:04:43Z,Run,16853.7,4176,4661,36.6
4826337386,Purposefully Overdressed,2021-02-21T11:55:46Z,Run,12432.0,3134,3426,17.8
4820212819,Run for Afternoon Snack,2021-02-20T16:09:57Z,Run,3528.2,909,1101,8.1
4820212191,Walk on the Esplanade,2021-02-20T14:49:34Z,Walk,6361.3,4633,4739,15.1
4819837667,Run for Dessert,2021-02-20T14:29:50Z,Run,3025.4,764,1072,8.5
4819567105,Zwift for Lunch,2021-02-20T12:20:36Z,VirtualRide,30720.0,4633,4856,694.0
4814405693,Evening Zwift,2021-02-19T18:00:45Z,VirtualRide,22730.5,2431,2431,181.0
4813366898,Snowy Lunch Break,2021-02-19T12:41:25Z,Run,9335.1,2480,2849,23.0
4809297233,Frolicking w/ Bettina,2021-02-18T16:41:21Z,Run,5256.2,1654,1802,24.9
4804397548,Sunset Run,2021-02-17T17:02:59Z,Run,12079.7,3123,3674,29.2
4797961400,Feel-Good Miles,2021-02-16T12:43:38Z,Run,16896.4,4049,4591,25.0
4793562390,Evening Zwift,2021-02-15T16:59:54Z,VirtualRide,26732.8,2576,3170,41.0
4792668152,w/ and w/o Bettina,2021-02-15T13:00:52Z,Run,14598.2,3941,4212,48.1
4788966979,Classic Easy Evening Zwift,2021-02-14T17:45:25Z,VirtualRide,35889.7,3791,4206,164.0
4787845540,So Many Dogs,2021-02-14T11:58:41Z,Run,10216.7,2648,2850,30.5
4782974261,Easy 50min,2021-02-13T17:23:40Z,VirtualRide,30222.5,3068,3331,45.0
4781906605,Bettina Returns!,2021-02-13T12:13:45Z,Run,7221.8,2252,2529,36.1
4777682363,Easy Day,2021-02-12T18:45:03Z,VirtualRide,36870.3,3996,4052,276.0
4771953177,6x800m Part II: VO2 pace,2021-02-11T13:21:54Z,Run,9200.8,2333,2516,26.6
4771951836,6x800m Part I: try-not-to-slip-on-ice-pace,2021-02-11T12:43:05Z,Run,8269.8,2130,2290,35.7
4767727088,Still Slippery,2021-02-10T16:45:52Z,Run,10953.5,2901,3097,18.0
4761666336,Bald Eagle in Snow Storm,2021-02-09T12:53:21Z,Run,15573.2,4152,4894,38.0
4756307930,Too Many Lentils,2021-02-08T12:28:03Z,Run,11636.5,3115,3612,21.9
4753211854,30min Recovery,2021-02-07T18:49:52Z,VirtualRide,17657.5,1811,1811,27.0
4746337351,Alaskan Bull Worm II,2021-02-06T12:50:40Z,Run,25811.8,6560,7150,43.0
4741111020,Hour Recovery,2021-02-05T17:59:04Z,VirtualRide,35854.8,3744,3951,162.0
4734451677,5x1k @VO2 + 4x30sec @fast,2021-02-04T11:44:03Z,Run,18292.6,4474,5089,31.2
4730477664,Just Spinning the Legs,2021-02-03T17:35:05Z,VirtualRide,42128.9,5291,5400,738.0
4723238600,"Ice, but less chunky today",2021-02-02T11:58:14Z,Run,13065.0,3412,3506,12.6
4719240645,Chunky Ice,2021-02-01T16:37:17Z,Run,15844.1,4156,4507,71.6
4713144766,Sloppy Monon,2021-01-31T11:53:20Z,Run,10606.0,2782,2989,23.2
4706976557,Classic Towpath + Monon,2021-01-30T12:36:05Z,Run,18272.7,4578,5417,30.1
4704441583,Walk w/ Toby,2021-01-29T16:34:49Z,Walk,1249.4,1125,1154,0.0
4701265645,Suburbia,2021-01-29T12:49:21Z,Run,15721.4,3922,4242,56.8
4695224423,Pre-Flight Zwift,2021-01-28T09:50:42Z,VirtualRide,33435.9,3621,3637,266.0
4691000942,Slush w/ Fast Ending,2021-01-27T12:24:30Z,Run,12984.7,3138,3769,44.5
4687164619,Easy 55min,2021-01-26T18:30:32Z,VirtualRide,24503.3,3317,3317,492.0
4681708873,Easy 70min,2021-01-25T18:03:26Z,VirtualRide,29944.8,4215,4215,661.0
4680393927,Fresh Fonday,2021-01-25T12:58:16Z,Run,10945.2,2733,3099,40.2
4675815313,Menotomy Rocks Park,2021-01-24T12:21:40Z,Run,16323.5,4245,4713,95.8
4669604679,Back to It,2021-01-23T12:15:59Z,Run,15521.4,3960,4436,71.9
4664715036,Work Sesh,2021-01-22T17:31:33Z,VirtualRide,30281.3,3761,4414,523.0
4663334125,Lunch Break Run,2021-01-22T11:59:54Z,Run,8458.3,2166,2534,49.0
4659648851,Easy Hour,2021-01-21T17:13:29Z,VirtualRide,37211.4,3613,3613,58.0
4654530964,Abbreviated Zwift,2021-01-20T17:29:24Z,VirtualRide,36306.9,3625,3719,56.0
4653341333,Lunch Break Run,2021-01-20T12:19:21Z,Run,6139.0,1620,1675,13.7
4647857166,Somewhat of a Slog,2021-01-19T12:08:17Z,Run,14234.2,3657,3953,38.7
4644105410,Shortish Zwift,2021-01-18T18:08:12Z,VirtualRide,22721.0,2207,2207,35.0
4642486117,Vitamin D Run 🌤,2021-01-18T12:32:20Z,Run,6653.9,1710,2065,32.1
4637932228,IT'S AN ALASKAN BULL WORM,2021-01-17T12:05:28Z,Run,20113.5,4918,5454,34.7
4631191096,Low Wattage Day,2021-01-16T10:51:56Z,VirtualRide,61631.2,6314,7218,529.0
4626501432,Short Zwift,2021-01-15T17:18:47Z,VirtualRide,17960.1,1812,1812,27.0
4625298963,Lunch Break Run,2021-01-15T12:08:58Z,Run,5791.0,1442,1563,23.5
4620749568,39 and Raining,2021-01-14T12:58:44Z,Run,13741.7,3442,3886,54.9
4616785999,3.2w/kg Party Train,2021-01-13T17:19:23Z,VirtualRide,40822.0,3919,3919,349.0
4615083350,Lunch Break Run,2021-01-13T12:01:07Z,Run,6619.1,1665,1760,25.3
4610194773,"""We are worried you might be cold""",2021-01-12T12:31:54Z,Run,14168.6,3620,4404,69.9
4606227365,3x15min Crisscross,2021-01-11T17:18:14Z,VirtualRide,49863.8,5725,5725,999.0
4604532948,Lunch Shakeout,2021-01-11T12:09:06Z,Run,4877.1,1279,1388,15.9
4600274766,Week #6 With Scabbed Achilles,2021-01-10T12:55:49Z,Run,8177.1,2024,2125,23.9
4594401695,Saturday Subtempo,2021-01-09T14:20:31Z,Run,13085.6,3007,3473,28.6
4586724711,80min Recovery,2021-01-08T07:32:13Z,VirtualRide,50485.9,4839,4839,77.0
4583323316,Really Soaking in the Vermont Hills,2021-01-07T12:24:50Z,Run,19399.9,4980,5384,384.5
4579353744,90min Recovery,2021-01-06T16:35:13Z,VirtualRide,56444.0,5586,5586,268.0
4572444956,Nelson Triple Crown Attempt (2/3),2021-01-05T12:20:50Z,Run,14221.8,3522,3950,253.0
4568349160,75min Recovery,2021-01-04T17:02:05Z,VirtualRide,46178.6,4506,4506,71.0
4562224572,First Indoor Century,2021-01-03T08:32:26Z,VirtualRide,161281.0,15967,16825,1037.0
4557145085,Some More Recovery,2021-01-02T16:56:26Z,VirtualRide,20670.4,2457,2497,363.0
4556852469,Recovery Mode w/ Bettina,2021-01-02T15:58:04Z,Run,5724.1,1812,1812,40.3
4550671983,Afternoon Try-not-to-slip-on-ice Activity,2021-01-01T13:25:36Z,Walk,5777.3,5294,6392,143.2
4549101505,Wow a Weight Room,2021-01-01T09:47:12Z,WeightTraining,245.1,40,902,2.5
4548935720,Starting the Year,2021-01-01T08:29:20Z,Run,12911.4,3273,3636,160.1
4546107049,Afternoon Walk,2020-12-31T14:29:13Z,Walk,3418.5,3182,3615,125.4
4544675483,Long Recovery Day,2020-12-31T07:55:59Z,VirtualRide,80756.2,7511,7553,122.0
4541266109,Fartlek with a Side of Vert,2020-12-30T20:47:12Z,Run,12412.7,3021,3176,204.3
4536522471,Easy 85min,2020-12-29T16:03:35Z,VirtualRide,35717.8,5224,5224,922.0
4531887324,Easy 75min w/ 5x90sec intervals,2020-12-28T17:49:04Z,VirtualRide,44810.9,4519,4519,228.0
4530695359,Recovery w/ Bettina,2020-12-28T12:30:36Z,Run,9692.3,3010,3026,145.5
4527264745,Easy 50min,2020-12-27T17:45:11Z,VirtualRide,25312.3,3052,3052,460.0
4526821138,Battle for Coppermine,2020-12-27T15:49:41Z,Run,6757.9,1651,1733,123.1
4525956411,Morning Hike,2020-12-27T10:36:59Z,Hike,5330.9,5687,6849,87.8
4521987337,Easy Hour,2020-12-26T16:36:43Z,VirtualRide,33262.1,3612,3612,264.0
4521036823,"""The cows are in the schoolyard!""",2020-12-26T12:08:46Z,Run,9694.8,2460,2526,134.4
4516727402,Easy 2hr: Earning that 🇩🇪🎄🍪,2020-12-25T11:35:44Z,VirtualRide,72745.0,7274,7443,506.0
4514118565,Betwixt Christmas Festivities,2020-12-24T18:38:46Z,VirtualRide,8649.1,915,915,49.0
4509197607,Slippery Nelson,2020-12-23T12:11:41Z,Run,13804.4,3604,3610,249.2
4505260075,"High Intensity ""Recovery""",2020-12-22T12:30:07Z,VirtualRide,43917.5,4059,4170,282.0
4501874910,Recovery 15min,2020-12-21T17:26:54Z,VirtualRide,6779.7,904,1833,96.0
4498450688,Ramp Test (347w | 4.63w/kg),2020-12-20T18:25:50Z,VirtualRide,20493.9,2156,2182,32.0
4497306876,Recovery w/ Bettina,2020-12-20T11:55:40Z,Run,8703.4,2774,2774,89.4
4492421235,Warming up for Christmas Tree Cutting,2020-12-19T11:59:30Z,VirtualRide,41505.6,5487,5487,806.0
4488463407,Sunset Double w/ Bettina,2020-12-18T15:32:10Z,Run,10248.9,3335,3335,226.7
4487929869,~Incognito~,2020-12-18T11:51:55Z,VirtualRide,47324.4,5116,5349,989.0
4485143828,70min Endurance,2020-12-17T17:00:45Z,VirtualRide,31400.6,4210,4210,725.0
4480110222,Bettina Birthday Run,2020-12-16T12:07:23Z,Run,5827.7,1809,1850,91.5
4477542123,Easy w/ Some Fast Bits,2020-12-15T19:10:40Z,VirtualRide,21189.9,2512,2588,147.0
4469673253,80min Endurance,2020-12-13T17:47:44Z,VirtualRide,48328.5,4809,4809,296.0
4468669130,Bettina Wanted a Segment,2020-12-13T12:50:07Z,Run,6558.8,1979,1979,45.1
4464491781,Zwift Easy 70min,2020-12-12T16:56:05Z,VirtualRide,36280.7,4382,4382,783.0
4459144800,75min Endurance,2020-12-11T11:57:27Z,VirtualRide,41475.3,4728,4728,738.0
4456667705,Jon's Mix,2020-12-10T19:46:46Z,VirtualRide,18429.6,1818,1818,28.0
4455214815,Lunch Run w/ Bettina,2020-12-10T12:06:44Z,Run,9366.4,2944,2975,170.8
4452622240,The Wringer,2020-12-09T19:42:28Z,VirtualRide,26920.3,2639,2639,180.0
4447175383,Birthday Pedal,2020-12-08T12:20:06Z,VirtualRide,48729.6,6008,6045,993.0
4443788522,Recovery Day,2020-12-07T18:28:17Z,VirtualRide,18084.7,1821,1821,88.0
4439001533,Flattest Run Since Before Thanksgiving,2020-12-06T12:19:57Z,Run,11677.3,2993,3005,156.0
4435044533,75min Endurance,2020-12-05T17:55:52Z,VirtualRide,31529.3,4511,4511,762.0
4429580218,Hunt Mtn + Powerlines,2020-12-04T12:23:30Z,Run,15510.7,5105,6070,562.1
4425426522,Breaking in New Shoes @ Garland Hill,2020-12-03T11:46:50Z,Run,14961.2,3946,4150,303.2
4422670203,"OH BOY, IT'S WEDNESDAY",2020-12-02T17:50:05Z,VirtualRide,20182.2,2764,2764,440.0
4422353339,It Snowed,2020-12-02T16:30:47Z,Run,5669.4,1593,1593,96.4
4417994803,Pferdeapfel,2020-12-01T16:13:14Z,Run,6684.7,2107,2107,118.0
4416795609,Full Nelson,2020-12-01T11:27:46Z,Run,11930.4,3096,3186,228.8
4413889586,Baby Zwift,2020-11-30T18:28:59Z,VirtualRide,9077.3,915,1009,15.0
4408794511,Downhill King,2020-11-29T11:19:17Z,Run,11826.0,3147,3343,313.4
4401843258,Easing Back into Hills,2020-11-28T07:14:12Z,Run,13767.7,3766,3891,247.7
4398919992,Quick One,2020-11-27T14:33:29Z,Walk,2320.0,1701,1701,96.8
4397413868,First Run back in VT,2020-11-27T07:25:30Z,Run,12921.1,3513,4355,255.3
4395134346,THE GRAND CANYON OF NORWICH,2020-11-26T12:36:02Z,Walk,7905.7,6132,6684,186.8
4390804034,Night Walk,2020-11-25T16:18:57Z,Walk,3288.5,2661,2805,13.1
4390175138,100min Endurance,2020-11-25T12:43:35Z,VirtualRide,63942.6,6015,6015,312.0
4386129588,Afternoon Activity,2020-11-24T15:55:44Z,Walk,2313.7,1718,1718,14.9
4385183558,Baby Run,2020-11-24T12:53:01Z,Run,1216.0,337,337,2.3
4381743095,Low Visibility,2020-11-23T17:00:00Z,Run,11466.1,2998,3434,28.1
4376752513,Zwift Recovery,2020-11-22T12:29:34Z,VirtualRide,33515.6,3664,3945,266.0
4376182931,Mid-Morning Walk,2020-11-22T10:24:40Z,Walk,6127.7,4368,4561,17.9
4370908183,More of a long run than a long-run: Part II,2020-11-21T12:06:47Z,Run,18729.1,4701,5191,33.4
4370906180,More of a long run than a long-run: Part I,2020-11-21T12:00:40Z,Run,1291.1,329,349,2.9
4365628078,Easy Lunch Break,2020-11-20T12:46:16Z,Run,7055.4,1849,1911,29.8
4359717281,ATTACK,2020-11-19T06:21:30Z,Run,12356.0,2990,3373,48.7
4356953931,Dogrates' Allegory of the Cave,2020-11-18T12:21:17Z,Run,12374.0,3009,3343,30.4
4352228846,Easy 90min (work session),2020-11-17T12:32:21Z,VirtualRide,32465.3,5416,5416,1074.0
4347251970,"Clouds, Sun, More Clouds",2020-11-16T12:37:52Z,Run,12981.9,3262,3827,24.6
4344216960,Short Zwift,2020-11-15T17:42:13Z,VirtualRide,16192.7,1638,1638,46.0
4343317780,Morning Walk,2020-11-15T10:24:37Z,Walk,7525.1,5722,8888,18.6
4337908025,Meandering,2020-11-14T12:12:08Z,Run,15275.3,4156,4726,48.2
4336143410,Shakeout w/ Bettina,2020-11-14T08:13:01Z,Run,3804.4,1210,1210,14.0
4333465409,a ramen kind of day,2020-11-13T16:35:20Z,Run,11978.4,2983,3412,26.8
4323662586,Soft Surface Route,2020-11-11T12:05:07Z,Run,11985.0,3085,3560,47.0
4319676551,Recoveryish,2020-11-10T16:16:10Z,Run,11729.1,3168,3303,26.1
4313938645,Back to Basics,2020-11-09T11:57:37Z,Ride,51322.8,5936,6473,391.0
4308921378,Post Cycle Run,2020-11-08T10:31:36Z,Run,10142.1,2496,2764,27.1
4307902811,Autumnal Morning w/ Bettina,2020-11-08T07:19:45Z,Ride,33524.7,5320,6107,127.0
4302890612,"Run w/ Bettina, Gavin, Maggie 🇺🇸",2020-11-07T08:56:10Z,Run,9843.1,3000,3348,14.2
4299105594,Warmup for Weights (Recovery Day),2020-11-06T17:51:27Z,VirtualRide,3544.7,953,953,219.0
4290845100,"Beacon, Glorious Beacon",2020-11-05T12:27:18Z,Run,11292.9,2825,3217,35.8
4287270299,An Easy 5,2020-11-04T17:12:51Z,Run,8247.0,2132,2389,17.0
4281488449,"Crisp, Cool, Sunny, Windy",2020-11-03T12:19:54Z,Run,11364.7,2856,3166,24.7
4278260385,Easy Zwift w/ Phone Calls,2020-11-02T17:37:05Z,VirtualRide,48635.4,4735,4735,72.0
4272914909,Freshening up the Routes,2020-11-01T12:01:55Z,Run,12773.0,3160,3595,38.6
4267650999,The Great Thaw,2020-10-31T12:07:36Z,Run,11362.8,2812,2924,26.3
4263734479,First Frolick of the Season,2020-10-30T16:51:44Z,Run,5179.7,1667,1835,20.9
4260403951,1hr Moderate Effort,2020-10-29T18:27:48Z,VirtualRide,11569.8,3668,3668,970.0
4256238801,Not the Nefertiti Loop,2020-10-28T17:18:48Z,Run,11501.9,2897,3190,25.6
4251971284,A Fall Evening w/ Bettina,2020-10-27T17:19:49Z,Run,10134.5,3227,3398,24.2
4247807735,Easy 45min,2020-10-26T17:59:57Z,VirtualRide,28429.8,2746,2746,45.0
4239049291,Running w/ my Favorite Mountain Person,2020-10-24T17:49:52Z,Run,11273.4,3447,3945,30.0
4230230776,Inferential Ecology w/ Gabe,2020-10-22T15:17:37Z,Run,11325.1,2996,4060,35.1
4226297611,Dusk Run,2020-10-21T17:49:43Z,Run,8128.4,2017,2197,25.1
4222114912,Zwiftin' and a Workin',2020-10-20T17:44:53Z,VirtualRide,28995.4,3120,3120,170.0
4220728566,Lunch Break,2020-10-20T12:18:48Z,Run,4976.6,1294,1393,6.4
4217812233,75min Medium Effort,2020-10-19T17:44:24Z,VirtualRide,21628.1,4547,4547,1055.0
4207696841,Walk/Jog Back,2020-10-17T12:35:08Z,Walk,4850.6,3081,3081,9.5
4207696386,Miscalculated Distance,2020-10-17T11:23:52Z,Run,14461.3,3674,4148,23.2
4204068918,Short Recovery Spin,2020-10-16T18:51:51Z,VirtualRide,22869.7,2709,2709,415.0
4199024910,Warm and Windy,2020-10-15T12:24:29Z,Run,10955.0,2861,3118,18.5
4194723091,Smörgåsbord,2020-10-14T12:08:59Z,Run,11528.4,2794,3236,29.1
4190218093,80min Medium Effort,2020-10-13T11:25:47Z,VirtualRide,34039.1,4852,4852,896.0
4186014982,Cool and Slightly Rainy,2020-10-12T11:47:59Z,Run,11279.7,2903,3069,19.2
4183340042,80min Easy,2020-10-11T17:40:28Z,VirtualRide,44477.6,4818,4818,590.0
4176439528,Back from the Regular n-gon,2020-10-10T10:26:31Z,Run,2600.0,695,799,5.0
4176438858,With Gabe and Seth!,2020-10-10T09:03:23Z,Run,9187.6,2770,3283,12.8
4172547575,So far so good,2020-10-09T12:23:20Z,Run,6755.4,1723,1889,17.1
4169550977,Easy Does It,2020-10-08T17:51:29Z,Run,4151.8,1060,1226,6.6
4165260796,<30min w/ Sprints,2020-10-07T17:21:51Z,VirtualRide,8259.3,1678,2244,404.0
4160713158,Warmup for Weights,2020-10-06T17:51:35Z,VirtualRide,4640.2,739,739,129.0
4153999325,60min Easy,2020-10-05T07:05:06Z,VirtualRide,24985.1,3903,3903,493.0
4152199161,30min Don't-Hurt-Knee Session,2020-10-04T16:51:54Z,VirtualRide,17294.2,1898,1898,288.0
4142933345,Afternoon Run,2020-10-02T17:56:33Z,Run,7612.3,2397,2593,27.5
4136872423,Easing Back In,2020-10-01T07:28:23Z,VirtualRide,36403.4,3792,3792,168.0
4125505989,Pre-Dinner Walk w/ Bettina,2020-09-28T17:12:56Z,Walk,4192.7,3233,3332,25.0
4120592981,Sunday Stroll on LFP,2020-09-27T11:22:57Z,Walk,7411.0,5349,5898,14.6
4114636685,"UCXC '20, Boston Edition",2020-09-26T09:10:38Z,Run,11338.7,3775,4333,114.5
4111837705,Cautious Running w/ Bettina,2020-09-25T17:58:53Z,Run,5189.9,1713,1793,22.0
4097750587,Lunch Break,2020-09-22T12:31:12Z,Run,10358.8,2642,2905,26.9
4094376440,Recovery w/ Bettina,2020-09-21T18:23:17Z,Run,8180.1,2512,2559,21.5
4091855416,Zwift Part II,2020-09-21T08:30:40Z,VirtualRide,4989.0,600,600,0
4091768714,Zwift Part I,2020-09-21T07:45:05Z,VirtualRide,5142.5,1701,1728,374.0
4089331411,Tennis w/ Bettina,2020-09-20T14:11:02Z,Workout,1844.9,2208,2548,0.0
4081977060,First Part of Bettina's Run,2020-09-19T08:27:39Z,Run,1992.0,666,756,59.1
4081738603,"Back to Gloves, Shirts, and Hills",2020-09-19T07:06:02Z,Run,13295.4,3410,3936,265.8
4072524244,"Back in Shape, KOM Hunting Season",2020-09-17T06:36:19Z,Run,12124.9,3055,3409,40.2
4070577523,Recovery Meander w/ Bettina,2020-09-16T17:40:27Z,Run,8207.1,2582,2722,31.0
4062612172,Top Notch Running Weather,2020-09-15T06:24:14Z,Run,12371.8,3054,3273,47.0
4057972548,Medford Hills,2020-09-14T06:28:32Z,Run,13190.0,3338,4093,108.7
4050777375,Advanced Bridge Maneuvering,2020-09-12T17:38:49Z,Run,10764.7,2514,2787,33.1
4047940488,Aborted Long Ride,2020-09-12T06:36:08Z,Ride,31509.2,3845,4328,140.0
4043573788,Back to Normal Running?,2020-09-11T07:08:36Z,Run,12459.8,3103,3620,31.1
4039194346,"Learning How to Sweat, Again",2020-09-10T06:42:17Z,VirtualRide,70015.6,7920,8208,1228.0
4034379746,(Total) Recovery Days Don't Work,2020-09-09T07:34:56Z,Run,12422.0,3183,3608,28.2
4024852990,Dover Hills,2020-09-07T06:19:59Z,Ride,72183.3,8920,9857,599.0
4020553985,Longer Recovery,2020-09-06T06:28:50Z,Ride,76287.6,9345,9934,610.0
4015918812,Cooldown,2020-09-05T10:55:50Z,Run,4467.7,1303,1613,44.9
4015917756,"Warmup + UCXC ""Time Trial"" (3200m 11:51)",2020-09-05T09:35:34Z,Run,8121.3,1973,3195,21.7
4015138790,"Pre-UCXC ""Time-Trial""",2020-09-05T06:46:31Z,Ride,67280.9,7980,8744,567.0
4009841191,Recovery Ride w/ Bettina,2020-09-04T06:21:36Z,Ride,40935.7,6266,7132,149.0
4001569370,Lunch Run,2020-09-02T11:48:43Z,Run,10753.5,2624,2848,31.6
3998307783,Evening Double,2020-09-01T18:01:17Z,Run,6622.3,1620,1744,18.3
3995420118,Recovery Ride w/ Bettina,2020-09-01T06:37:39Z,Ride,24036.2,3891,4237,79.0
3990791573,Almost Fall,2020-08-31T06:06:00Z,Ride,51127.7,5797,5955,392.0
3989136991,Cambridge is a Bustlin',2020-08-30T18:48:24Z,Run,4686.6,1136,1243,6.4
3982549065,"""Horse Hoof on an Earthworm""",2020-08-29T11:03:01Z,Run,8209.0,2071,2173,27.3
3977126149,Another Walden Pond Loop,2020-08-28T06:08:16Z,Ride,51023.6,5682,5968,385.0
3975269494,Reckless,2020-08-27T18:10:09Z,Run,6751.4,1618,1854,15.9
3967934463,Someone Passed Me,2020-08-26T06:10:00Z,Ride,50883.9,5824,6474,378.0
3963213455,Recovery w/ Bettina,2020-08-25T06:32:59Z,Ride,31675.2,4741,6196,106.0
3958474376,"I thought I was living in Cahm-bridge, not Came-bridge",2020-08-24T05:57:19Z,Ride,50851.4,5848,6156,374.0
3954796972,Short One w/ Bettina,2020-08-23T08:28:21Z,Ride,11282.9,1742,1742,156.0
3951328401,Afternoon Hike w/ Hammers,2020-08-22T14:44:11Z,Hike,6250.1,5038,5518,135.9
3950249772,Back from Farmer's Market,2020-08-22T11:51:41Z,Ride,1917.4,267,297,13.0
3950082056,The Christening of Ruby,2020-08-22T09:45:23Z,Ride,36589.7,5798,5997,441.0
3944778224,An Incredible Ride,2020-08-21T06:07:12Z,Ride,50808.3,5777,6355,385.0
3940156586,Morning Ride,2020-08-20T06:01:53Z,Ride,51056.9,6148,6444,382.0
3935533016,"Back Running, Cautiously",2020-08-19T08:16:05Z,Run,3059.8,1029,1036,2.6
3935380439,Back at It,2020-08-19T06:11:04Z,Ride,50837.6,6114,6528,370.0
3933498482,Evening Activity w/ Bettina,2020-08-18T19:18:14Z,Workout,489.1,708,1876,0.0
3931402156,Fro X-Ray,2020-08-18T11:52:07Z,Ride,1780.7,238,238,3.1
3931326893,To X-Ray,2020-08-18T11:16:53Z,Ride,1410.1,228,349,2.3
3928772075,Fro Dinner,2020-08-17T21:26:53Z,Ride,4251.6,605,745,12.5
3928772031,To Dinner,2020-08-17T18:22:13Z,Ride,2940.2,438,610,12.0
3917680687,Mt. Wachusett Century ✔,2020-08-15T06:19:03Z,Ride,171016.0,23024,25555,1939.0
3911151921,At least I made it to the turnaround,2020-08-14T06:05:17Z,Ride,27821.2,3468,3649,158.0
3906656072,Faster Still,2020-08-13T06:03:41Z,Ride,51015.3,6018,6340,367.0
3896827335,"Same Loop, 14sec faster",2020-08-11T06:01:07Z,Ride,50853.2,6073,6242,375.0
3892039273,Searching for the Perfect Weekday Loop,2020-08-10T05:59:38Z,Ride,50796.2,6087,6343,374.0
3887610396,Yeah that hit the spot,2020-08-09T06:23:23Z,Ride,64803.2,7626,7929,481.0
3882570387,Morning Ride,2020-08-08T06:57:27Z,Ride,51703.6,6596,7424,280.0
3877737679,Missing Carmel Roundabouts,2020-08-07T06:37:22Z,Ride,47921.4,5934,6493,303.0
3872751990,Long Way to the Track,2020-08-06T06:44:47Z,Run,14657.6,3618,4425,30.2
3867500119,Assessing Wind Damage,2020-08-05T06:25:31Z,Run,13343.7,3398,3593,22.7
3862590355,Recovery w/ Bettina + Segment Takeover,2020-08-04T07:28:02Z,Run,7372.0,2266,2460,10.4
3857786423,Recovery w/ Bettina,2020-08-03T07:14:15Z,Run,7757.5,2492,2761,8.1
3854557373,Mt^3,2020-08-02T09:34:02Z,Hike,10287.0,8874,9821,648.9
3848718912,Dessert,2020-08-01T10:56:26Z,Run,1664.6,364,475,12.0
3848717967,Back in the Northeast Kingdom,2020-08-01T10:03:04Z,Run,6521.7,2071,2799,74.4
3843013170,Not Running in Hades,2020-07-31T07:21:30Z,Run,12317.4,3153,3556,30.2
3840896222,Evening Walk,2020-07-30T18:09:33Z,Walk,5212.6,3341,3746,13.6
3839059447,10xHill + Stride,2020-07-30T11:39:45Z,Run,7199.2,1875,2380,106.1
3835668859,Not the MOST Enjoyable Run,2020-07-29T18:28:03Z,Run,6873.3,2071,2404,37.9
3830368906,Evening Stroll,2020-07-28T19:36:40Z,Walk,2555.9,1915,1946,3.3
3826154529,Nice and Easy Back,2020-07-28T07:16:22Z,Run,910.2,252,284,2.4
3826143834,Medford Hills + Sprain,2020-07-28T06:15:14Z,Run,10604.2,2822,3429,133.6
3819968179,Back in Cambridge,2020-07-27T06:03:34Z,Run,11680.3,2986,3514,39.2
3811325589,Actual New Bike Day,2020-07-25T08:25:41Z,Ride,46179.3,5583,6033,173.0
3811588543,Fro Social Distancing,2020-07-24T21:19:44Z,Ride,6634.7,846,846,9.1
3811580944,To Social Distancing,2020-07-24T18:40:33Z,Ride,6801.2,923,953,25.6
3808062219,Back to Morning Runs,2020-07-24T06:56:57Z,Run,12899.2,3321,3993,47.6
3808058204,Evening Run,2020-07-23T18:11:32Z,Run,12310.8,3111,3564,35.4
3800646977,"Post Weights ""Cooldown""",2020-07-22T09:25:34Z,Run,2558.6,654,654,0.0
3795354674,Last Day with Dad's Bike,2020-07-21T07:08:59Z,Ride,64447.8,7679,8239,218.0
3790338459,Not a Hot Morning!,2020-07-20T06:42:15Z,Ride,88592.5,10340,11025,255.0
3785124812,Recovery Ride,2020-07-19T06:43:16Z,Ride,42254.0,5073,5179,161.0
3780621324,Quadrisecting Indy,2020-07-18T06:52:37Z,Ride,104704.0,12182,13527,333.0
3775577303,"New (bearded) Roddy, Good Ol' Indy",2020-07-17T06:26:34Z,Ride,96732.0,11782,13151,302.0
3770527766,Distanced Monon,2020-07-16T07:51:09Z,Run,9786.7,2431,2583,23.0
3765793877,Northwest Indy,2020-07-15T06:33:46Z,Ride,71416.1,8149,8838,289.0
3760965366,Zion,2020-07-14T07:23:59Z,Ride,69893.7,8398,9242,287.0
3756230061,Bisecting Indy,2020-07-13T06:27:36Z,Ride,115237.0,14358,15956,340.0
3753739458,Hardware Store,2020-07-12T17:39:11Z,Ride,5077.2,695,1425,17.0
3751382080,Recovery Ride,2020-07-12T07:46:28Z,Ride,67471.1,8049,8374,221.0
3745812568,Catharsis,2020-07-11T07:20:15Z,Ride,65704.7,7704,8104,255.0
3740744318,Bettina Workout 4x3:30,2020-07-10T07:11:18Z,Run,9269.3,2852,3510,15.7
3737916441,Afternoon Walk,2020-07-09T13:16:18Z,Walk,7074.9,5088,5671,25.5
3735899090,Drenched,2020-07-09T06:22:24Z,Run,12522.4,3245,3788,83.3
3731193634,First Run Across the Charles,2020-07-08T06:25:36Z,Run,14030.0,3603,4167,42.2
3726163536,Turkey Chasing,2020-07-07T06:28:00Z,Run,11907.4,3076,3601,60.4
3721301496,Along Alewife,2020-07-06T06:17:34Z,Run,12311.4,3084,3793,51.7
3712021786,Recovery w/ Bettina + Pancake Supplies,2020-07-04T08:38:01Z,Run,5490.1,1685,2541,27.5
3712020626,Accidentally Pressed Save,2020-07-04T08:24:36Z,Run,1538.7,508,524,0.0
3707664444,Charles w/ Bettina,2020-07-03T09:32:03Z,Run,14492.5,4587,5061,29.2
3703912451,Back in Cambridge,2020-07-02T12:50:51Z,Run,10930.4,2758,3505,52.2
3697510847,First Day of (Remote) Work,2020-07-01T06:39:38Z,Ride,59247.9,6805,7517,178.1
3695622669,Belly Full,2020-06-30T20:25:09Z,Ride,4539.8,620,620,6.3
3695214490,Belly Empty,2020-06-30T18:20:04Z,Ride,3654.9,454,454,10.7
3693084468,Errands,2020-06-30T10:33:07Z,Ride,5164.1,730,1708,17.6
3692639308,Most Flavors of Northside Indy,2020-06-30T06:28:40Z,Ride,73643.0,8244,9994,245.2
3688971268,Unexpectedly Back in Indy,2020-06-29T11:33:38Z,Ride,46677.7,5343,5999,164.5
3683371905,Post-Ride Waterboarding Run,2020-06-28T07:48:00Z,Run,12584.8,3153,3722,30.4
3682871457,Proximal Ride,2020-06-28T06:20:15Z,Ride,18436.9,2640,3629,67.0
3677963716,First MA Ride,2020-06-27T06:12:42Z,Ride,46348.5,5528,6193,295.0
3673866999,Exploratory Run w/ Bettina,2020-06-26T08:46:10Z,Run,9725.0,3171,4000,40.4
3669458375,First Cambridge Run,2020-06-25T08:05:32Z,Run,7352.1,2346,2869,17.7
3659993327,Moving into 5th Floor Apartment w/ Bettina,2020-06-23T13:06:38Z,Workout,953.4,1212,2842,2.0
3653448440,Goodbye Lake,2020-06-22T07:30:05Z,Ride,56758.2,6498,6662,585.0
3648878181,Shakers and NASCAR,2020-06-21T07:39:36Z,Ride,56858.8,6664,6868,603.0
3643305167,Jog with 3/4 Hammer Sisters,2020-06-20T08:46:54Z,Run,4987.5,1812,1815,68.1
3638762471,Forested Route (HOT!!),2020-06-19T07:59:20Z,Ride,89293.0,11384,12621,1198.0
3633747545,Shaker Village + NH Motor Speedway,2020-06-18T08:12:42Z,Ride,55025.2,6548,7164,576.0
3629827435,Around Winnipesaukee,2020-06-17T07:51:08Z,Ride,126280.0,16109,19657,1491.0
3626233258,Evening Activity,2020-06-16T18:39:39Z,Swim,17.6,412,510,0.0
3623842735,Long Recovery Ride,2020-06-16T07:58:18Z,Ride,66719.1,9036,10920,975.0
3621035847,Just to Have a Triathlon Day,2020-06-15T18:43:43Z,Swim,113.8,429,429,0.0
3620928014,Recovery Run w/ Bettina,2020-06-15T17:09:43Z,Run,15520.4,4991,5011,197.3
3618728607,Post-Graduation Ride,2020-06-15T07:37:03Z,Ride,88526.4,11208,12116,1129.0
3616387335,Around MY Lake,2020-06-14T17:57:03Z,Ride,34426.9,4088,4133,489.0
3607710533,Water Tower w/ Bettina,2020-06-13T08:45:30Z,Run,6107.6,1931,2108,98.7
3607427799,Morning Run,2020-06-13T07:13:16Z,Run,12426.7,3525,4643,248.7
3603046483,Bike Path w/ Bettina,2020-06-12T09:41:35Z,Run,11343.4,3752,3944,85.1
3598309370,Rainy Recovery w/o Bettina,2020-06-11T10:53:36Z,Run,8488.2,2326,2452,119.7
3598052282,Rainy Recovery w/ Bettina,2020-06-11T09:35:02Z,Run,8129.4,2759,3342,149.9
3594946415,First Century + 1/5 Everest,2020-06-10T09:08:21Z,Ride,161715.0,22141,26444,1757.0
3587628058,Symes Pond Loop,2020-06-09T07:40:21Z,Run,16281.1,4348,5710,254.8
3584299657,North & South Kinsman,2020-06-08T08:46:35Z,Hike,16094.2,16703,21970,1028.3
3577655900,Hills for Breakfast II,2020-06-07T07:27:33Z,Run,21456.2,5665,6492,480.5
3574679901,Weights + Core,2020-06-06T17:56:03Z,WeightTraining,521.4,551,2599,0.0
3574599151,Off-Day w/ Bettina,2020-06-06T17:38:44Z,Run,4851.2,1561,1633,39.3
3567911100,Recovery w/ Bettina,2020-06-05T09:51:05Z,Run,12787.7,4344,4953,124.1
3565043376,Walk w/ Constance and Elizabeth,2020-06-04T17:04:19Z,Walk,4741.1,3438,3494,171.8
3562749277,Full Coppermine Loop,2020-06-04T08:00:15Z,Run,16134.8,4033,4562,242.1
3560592159,Drizzly Peacham w/Bettina,2020-06-03T17:18:12Z,Run,6443.5,2069,2120,81.9
3558639949,"Same Loop, A Little Faster",2020-06-03T10:08:49Z,Ride,71955.9,8208,8814,623.0
3557795012,Bettina Saved my Butt,2020-06-03T08:51:32Z,Ride,6335.9,885,966,129.0
3553977473,Bridge Loop w/o Bettina,2020-06-02T13:36:29Z,Run,8544.0,2039,2206,82.6
3553975404,Grange Loop w/ Bettina,2020-06-02T12:32:33Z,Run,10078.5,3208,3286,129.8
3548475124,Big Bridge Loop + Barnet,2020-06-01T12:15:01Z,Run,16521.2,4338,5362,237.7
3542084066,Another Recovery w/ Bettina,2020-05-31T09:20:22Z,Run,6762.8,2275,2327,111.7
3538414733,Weights + Core w/ Mr. Biggles,2020-05-30T17:24:20Z,WeightTraining,597.0,758,1476,0.0
3536475903,4x200m Dessert,2020-05-30T10:39:06Z,Run,3295.0,872,1414,10.5
3536266057,Overhydrated w/ Bettina,2020-05-30T09:14:09Z,Run,14538.7,4719,4876,137.2
3530377851,Symes Pond Loop + Bonus Hill,2020-05-29T07:25:40Z,Run,16500.0,4499,5037,286.6
3525269829,Bridge Loop + Meandering,2020-05-28T08:07:36Z,Run,12300.5,3427,3450,103.6
3520233551,"Half-Century ""Recovery""",2020-05-27T07:53:04Z,Ride,80558.3,9443,10442,766.0
3514587271,Cooldown,2020-05-26T10:15:57Z,Run,925.5,243,243,3.9
3514586922,Rail Trail Progression w/ Bettina,2020-05-26T09:01:12Z,Run,16105.9,4039,4258,121.6
3508731401,Warming Up for Honey Extraction,2020-05-25T07:05:46Z,Run,16388.1,4492,5105,435.4
3506757924,Bettina decides I haven't had enough hills,2020-05-24T18:04:24Z,Run,9324.8,3109,3135,166.0
3504773178,BACK IN THE SADDLE,2020-05-24T09:50:29Z,Ride,48484.6,6142,6886,534.0
3499575170,Norwich Hike,2020-05-23T11:02:00Z,Hike,9816.4,7407,7562,320.2
3498104275,The Grange Loop,2020-05-23T07:59:09Z,Run,10388.0,2716,2847,165.9
3495710036,Bettina's Bread & Butter,2020-05-22T18:16:51Z,Run,6759.2,2226,2226,117.2
3493291550,Hills for Breakfast,2020-05-22T08:13:20Z,Run,14903.7,4141,4758,325.6
3491119508,Bonus Sunset Miles,2020-05-21T19:39:29Z,Run,5831.1,1529,1634,79.0
3491118836,Bettina Introduces Me to Dirt Roads,2020-05-21T18:38:12Z,Run,6606.2,2122,2122,88.8
3474265318,Misty Recovery w/ Bettina,2020-05-18T17:53:44Z,Run,6049.3,1928,2007,11.4
3469589326,SEVERE FLOODING w/ Bettina,2020-05-17T19:47:26Z,Run,8347.6,2605,2702,10.8
3462125021,Run + Bettina Break + Run,2020-05-16T12:33:27Z,Run,17186.5,4296,5107,4.6
3457400580,Bettinaless Meandering,2020-05-15T18:52:00Z,Run,6757.3,1762,1888,5.9
3457399930,Bettina Run,2020-05-15T17:46:44Z,Run,6222.1,2022,2118,0.0
3452424935,Holy Humidity,2020-05-14T17:18:09Z,Run,6955.6,1834,2363,3.0
3447293413,Recovery w/ Bettina!,2020-05-13T17:01:51Z,Run,13546.1,4003,4710,16.3
3440787690,Another Easy Day,2020-05-12T12:01:53Z,Run,14801.0,3811,4148,18.0
3435452314,And the sun came out,2020-05-11T11:25:22Z,Run,16784.6,4355,4873,14.1
3431170520,Rainy Recovery,2020-05-10T11:29:48Z,Run,11075.4,2882,3288,7.0
3426017129,A Good Long Run,2020-05-09T11:17:08Z,Run,26253.9,6659,7186,27.8
3414718205,Extended Easy Run,2020-05-07T11:55:03Z,Run,17744.2,4516,4987,25.5
3409432991,Pretty Day,2020-05-06T12:06:19Z,Run,17156.3,4430,5193,24.2
3404802685,Afternoon Double,2020-05-05T17:58:17Z,Run,8107.6,2115,2391,6.3
3401803468,Easy 100min,2020-05-05T05:16:19Z,VirtualRide,59734.8,6189,6351,402.0
3396572051,"So Long, Indy",2020-05-04T09:00:30Z,Run,16794.7,4350,4739,44.8
3392237239,A Pleasant Recovery,2020-05-03T11:04:50Z,Run,12977.9,3537,3730,37.1
3385719988,A Hot One,2020-05-02T08:51:39Z,Run,25880.5,6721,8102,74.3
3382188711,Briefly Back in the 'Burbs,2020-05-01T17:55:26Z,Run,10402.9,2609,2836,30.1
3377308867,Police chase?,2020-04-30T16:38:30Z,Run,14738.9,3762,4146,16.1
3367348717,Heat Acclimation,2020-04-28T12:18:26Z,Run,16563.0,4255,4728,21.5
3363936741,Getting it Done,2020-04-27T18:37:38Z,Run,10465.5,2683,2900,9.7
3358147833,"A Long Run, at Last",2020-04-26T11:17:33Z,Run,24503.9,6323,7242,35.4
3353344490,60min Recovery,2020-04-25T14:39:37Z,VirtualRide,38274.2,3701,3765,58.0
3346830050,The Wringer,2020-04-24T09:35:42Z,VirtualRide,27071.0,2859,2859,186.0
3343656614,Easy 85min + 1xSprint,2020-04-23T15:08:50Z,VirtualRide,48447.4,5107,5288,624.0
3337417001,Burs,2020-04-22T11:56:18Z,Run,17061.2,4446,4671,13.7
3332750336,100min Recovery,2020-04-21T10:07:36Z,VirtualRide,64446.5,6253,6322,328.0
3327662580,Tired Legs and Blisters,2020-04-20T12:31:18Z,Run,17386.9,4577,5225,20.8
3323268800,Very Nice Day,2020-04-19T12:12:23Z,Run,16395.0,4239,4669,13.5
3317847520,"Hello Again, Sun",2020-04-18T12:29:08Z,Run,16254.4,4192,4845,20.2
3309822315,Simple 60min,2020-04-16T16:53:31Z,VirtualRide,33337.3,3611,3611,571.0
3300207804,Recovery + 2xStrides,2020-04-14T18:27:30Z,Run,8696.9,2281,2354,8.6
3294822187,80min Easy,2020-04-13T10:05:04Z,VirtualRide,50165.6,5116,5225,365.0
3291429137,Short with Lone Stride,2020-04-12T17:45:25Z,Run,8495.8,2103,2154,5.1
3286186474,Really Workin' Jackson and Wash Parks,2020-04-11T13:27:31Z,Run,16599.9,4226,4499,18.0
3281376899,Up & Down Drexel,2020-04-10T13:08:50Z,Run,16098.4,4126,4577,24.0
3276838147,80min Endurance,2020-04-09T10:30:31Z,VirtualRide,51544.7,4890,4890,385.0
3267905121,Summer Already?,2020-04-07T11:55:40Z,Run,14695.2,3795,4560,14.8
3263853344,Longer Easy + Some Gabe Action,2020-04-06T13:10:05Z,Run,18353.9,4783,5428,24.3
3259592760,60min Easy,2020-04-05T09:27:29Z,VirtualRide,34760.2,3648,3648,266.0
3255130165,110min Easy,2020-04-04T09:27:11Z,VirtualRide,66160.5,6615,6615,535.0
3251092471,Easy + Call w/ Bettina,2020-04-03T12:51:48Z,Run,17268.0,4463,5294,22.2
3247502271,Feeling Like Spring,2020-04-02T13:20:47Z,Run,16515.5,4151,4597,12.5
3243581760,Post-Zwift Run,2020-04-01T13:39:00Z,Run,7293.8,1729,1850,9.4
3243423467,100min Endurance,2020-04-01T09:48:52Z,VirtualRide,65300.8,6010,6010,97.0
3235821135,Missing the Point,2020-03-30T12:34:50Z,Run,16216.7,4059,4408,9.8
3233238694,Windy,2020-03-29T17:07:48Z,Run,9875.4,2460,2669,3.2
3228858918,3hr Endurance,2020-03-28T09:02:15Z,VirtualRide,114783.0,10883,11232,171.0
3225467856,3x15min Crisscross,2020-03-27T14:36:13Z,VirtualRide,44895.4,4496,5046,226.0
3220131903,90min Recovery,2020-03-26T06:00:07Z,VirtualRide,50916.8,5448,5914,262.0
3218360461,Afternoon Double Ft. Some Speed,2020-03-25T16:59:38Z,Run,9762.9,2254,2363,16.8
3216480809,90min Easy,2020-03-25T05:36:30Z,VirtualRide,54153.1,5487,5487,709.0
3213959087,Still Bumpin' Up Mileage,2020-03-24T12:04:36Z,Run,16826.4,4229,4471,32.1
3211629727,95min Endurance,2020-03-23T15:50:54Z,VirtualRide,46874.2,5727,5727,985.0
3205165378,Shelter in Place Break,2020-03-21T17:24:47Z,Run,13581.7,3347,3551,31.0
3200277738,100min Easy,2020-03-20T05:35:42Z,VirtualRide,37090.2,6033,6033,1138.0
3197187535,80min Easy,2020-03-19T05:16:46Z,VirtualRide,50608.6,4816,4816,77.0
3194106912,100min Endurance,2020-03-18T05:01:18Z,VirtualRide,64410.5,6073,6073,207.0
3191802630,Beautiful Day,2020-03-17T11:52:45Z,Run,14004.4,3486,3731,20.4
3189726196,100min Easy,2020-03-16T14:19:40Z,VirtualRide,61271.2,6067,6067,316.0
3185883175,Run #3: Post-Salonica w/ Kevin and Roddy,2020-03-15T09:01:25Z,Run,10378.8,2689,2883,16.8
3185608476,Run #2: ATM and Back,2020-03-15T07:43:14Z,Run,1353.2,310,429,2.2
3185608112,Run #1: Sunrise w/ Bettina,2020-03-15T06:54:52Z,Run,7213.7,2307,2661,14.5
3183159419,60min Easy,2020-03-14T09:31:38Z,VirtualRide,36724.3,3677,3677,479.0
3180240525,Harvey with the TKO!,2020-03-13T12:36:58Z,Run,13859.3,3412,3648,16.9
3178353457,Study Break + New Shoes,2020-03-12T17:19:55Z,Run,10517.4,2616,2852,17.1
3165980858,Five Man Squad,2020-03-08T09:01:07Z,Run,20950.5,5241,5848,37.8
3163644811,Aidan! Warmth! It must be spring!,2020-03-07T17:08:24Z,Run,9088.1,2308,2384,8.3
3160622859,Reg to Home,2020-03-06T22:20:41Z,Run,1401.8,391,419,0.0
3159555644,Backpack Commute,2020-03-06T11:24:55Z,Run,1846.7,447,447,0.0
3159021064,With Bettina!,2020-03-06T07:05:00Z,Run,7478.2,2215,2655,0.0
3156479661,A Rushed Pier Run,2020-03-05T08:27:55Z,Run,8109.6,1999,2122,20.8
3154478926,Better than Expected,2020-03-04T13:09:43Z,Run,10111.0,2350,2631,10.6
3148475778,"Less Fit, but Fresh",2020-03-02T12:46:44Z,Run,7108.1,1679,1776,17.2
3132567822,Negative Splittin',2020-02-25T18:45:12Z,Run,11041.0,2709,3186,17.6
3128737883,Classic Study Break Run,2020-02-24T12:05:24Z,Run,10393.3,2584,2637,15.4
3126739862,Weights,2020-02-23T16:14:42Z,WeightTraining,200.5,46,610,0.0
3126739734,Warm,2020-02-23T15:37:38Z,Run,8199.8,1980,2045,3.5
3114316530,Sunny Run + Stride,2020-02-19T11:40:02Z,Run,13235.8,3264,3455,29.4
3110699281,60min Aerobic,2020-02-18T05:51:30Z,VirtualRide,36728.9,3642,3642,481.0
3105446571,"A Long Run, Finally",2020-02-16T08:06:22Z,Run,24275.8,6176,6749,46.2
3102809713,Weights,2020-02-15T11:09:16Z,WeightTraining,0.0,713,713,0
3102809350,Treadmill 4miles + 4x400@75sec,2020-02-15T10:44:07Z,Run,5801.9,1468,1468,0
3099132870,80min Endurance,2020-02-14T06:04:13Z,VirtualRide,52051.3,4876,4906,77.0
3097486011,Wintry Run,2020-02-13T14:28:40Z,Run,14984.3,3658,4244,25.3
3097486482,Quick Weight Circuit,2020-02-13T13:44:49Z,WeightTraining,0.0,887,887,0
3093640010,Z2-Z4 Step Ups +2xSprint,2020-02-12T05:43:25Z,VirtualRide,51756.8,5183,5183,258.0
3092471285,Long Way to Chipotle,2020-02-11T20:32:30Z,Run,10984.7,2735,3473,22.9
3085893695,Sunday Run w/ Roderick,2020-02-09T08:04:58Z,Run,16331.6,4118,4254,19.9
3083334956,Warmup + Bettina + Cooldown,2020-02-08T11:38:56Z,Run,9431.7,2562,2981,14.1
3080716718,"Less Slippery, Less Sick",2020-02-07T16:50:29Z,Run,9220.0,2262,2564,19.2
3080716861,quick weights,2020-02-07T15:36:58Z,Workout,0.0,346,346,0
3078336489,Slippery and sick,2020-02-06T18:36:10Z,Run,8629.7,2225,2336,13.0
3068270310,3x15min Crisscross,2020-02-03T05:49:21Z,VirtualRide,54192.9,5474,5474,392.0
3065694126,Rainbow Beach w/ Roderick,2020-02-02T08:07:13Z,Run,16451.5,4178,4291,35.7
3062508634,Restraining Self from Running Longer,2020-02-01T08:45:36Z,Run,16673.0,4197,4438,27.4
3060485794,Afternoon Run,2020-01-31T17:23:30Z,Run,9929.2,2432,2550,15.8
3056582854,Short,2020-01-30T08:22:39Z,Run,7513.3,1871,1931,16.5
3053760492,Quickish Zwift +2xSprints,2020-01-29T06:19:49Z,VirtualRide,31073.6,3039,3039,400.0
3051953894,Oddly Quick,2020-01-28T14:20:33Z,Run,14827.6,3515,3666,18.7
3051954300,Weights,2020-01-28T13:23:02Z,WeightTraining,0.0,1110,1110,0
3048086733,80min Endurance,2020-01-27T05:50:46Z,VirtualRide,44381.8,4812,4812,765.0
3046811470,Muddy,2020-01-26T16:00:51Z,Run,13475.0,3228,3640,22.3
3046811764,Weights,2020-01-26T15:02:42Z,WeightTraining,0.0,1183,1183,0
3042153638,Quick Zwift,2020-01-25T06:46:02Z,VirtualRide,19625.1,1985,1985,252.0
3039158208,80min Endurance,2020-01-24T05:49:36Z,VirtualRide,48528.8,4809,4809,366.0
3037987792,Second Half of Weights,2020-01-23T18:32:05Z,WeightTraining,320.7,388,738,0.0
3037987634,Slush (fast),2020-01-23T17:20:24Z,Run,12663.5,2880,3691,18.9
3033713531,60min Endurance + 1xSprint,2020-01-22T06:06:35Z,VirtualRide,40972.0,3917,3917,63.0
3030746385,Some Progression Action,2020-01-21T07:55:25Z,Run,12900.6,3107,3159,23.5
3027962364,Snowy Run w/ Kevin,2020-01-20T08:10:51Z,Run,14058.9,3677,3808,41.6
3022521845,Zwaction,2020-01-18T07:54:23Z,VirtualRide,19524.8,4329,4415,1058.0
3020236419,Polar Bear Run,2020-01-17T16:32:32Z,Run,287.5,47,47,0.0
3020236212,Polar Bear Warmup,2020-01-17T16:10:45Z,Run,350.9,84,84,0.0
3020236677,Treadmill 5 miles (4x400 @75sec),2020-01-17T15:03:39Z,Run,7033.1,1923,1923,0
3016347243,Easy w/ Kevin,2020-01-16T07:07:23Z,Run,13915.0,3673,3805,25.3
3013304440,Cooldown,2020-01-15T07:16:48Z,Run,1333.8,344,396,0.0
3013303794,Dawn Squad 2,2020-01-15T05:53:10Z,Run,13387.4,3441,3448,18.5
3013304214,Weights,2020-01-15T04:52:03Z,Workout,0.0,1302,1302,0
3010536836,A Kevin Encounter,2020-01-14T07:44:29Z,Run,12968.7,3280,3397,33.2
3008338570,Pretty Good,2020-01-13T11:25:13Z,Run,13362.4,3204,3475,26.7
3008339152,Weights,2020-01-13T10:25:16Z,WeightTraining,0.0,1149,1149,0
3005283378,Dirge for the Lakefront Trail,2020-01-12T08:04:19Z,Run,20202.8,5178,5432,32.4
3001628609,How to: Negative Split a Recovery Run,2020-01-11T08:08:40Z,Run,8109.1,2105,2199,23.0
2998894154,Tasting Speed (5×1min + 5x30sec),2020-01-10T09:27:13Z,Run,14513.5,3465,3975,31.7
2995883377,"Too Much Curry (and dosa, and naan, and daal)",2020-01-09T07:06:36Z,Run,13576.4,3486,4811,20.0
2993147225,South on a Weekday,2020-01-08T08:21:02Z,Run,13755.0,3521,3571,35.4
2990063450,Back at it w/ Kevin!,2020-01-07T07:16:53Z,Run,13859.8,3721,3788,25.3
2987943329,A sunburn? In January?,2020-01-06T11:38:30Z,Run,14219.8,3613,4289,34.3
2984644093,Weights,2020-01-05T06:30:20Z,WeightTraining,551.3,791,1265,0.0
2984643716,Last Day in San Diego,2020-01-05T05:42:28Z,Run,8645.0,2227,2792,19.6
2981342630,It was Foggy,2020-01-04T05:42:09Z,Run,13490.6,3518,4202,35.6
2978360175,Weights,2020-01-03T06:40:00Z,WeightTraining,167.6,274,669,0.0
2978329568,Dawn in San Diego,2020-01-03T05:35:19Z,Run,13486.6,3485,3718,22.2
2977025492,Weights,2020-01-02T15:56:03Z,WeightTraining,375.8,468,1331,0.0
2976986157,Sponsored by the Becker Friedman Institute,2020-01-02T14:21:18Z,Run,16129.5,3983,5394,106.7
2969591069,Shorter Weights,2019-12-31T09:21:15Z,WeightTraining,273.2,392,799,0.0
2969579550,Easy Indoor Cycling,2019-12-31T08:33:36Z,Ride,1222.8,1640,2777,6.5
2968267211,Longer Weights,2019-12-30T16:19:52Z,WeightTraining,1168.8,1558,2682,2.6
2967133712,Dirt Roads & Sheep,2019-12-30T08:16:03Z,Run,14080.5,3548,4087,86.4
2964381480,Olhos de Agua? More like Olhos de Suor,2019-12-29T07:35:08Z,Run,23285.0,5894,6520,214.5
2959172723,Pre-Dawn XC,2019-12-27T06:45:16Z,Run,12049.9,3094,3432,123.2
2957464148,Found an XC Course,2019-12-26T11:54:36Z,Run,12302.6,3030,3760,119.8
2955924235,Christmas Layover in Lisbon,2019-12-25T16:20:26Z,Run,14710.6,3808,5579,245.7
2953830266,Pre-O'Hare,2019-12-24T08:47:56Z,Run,13035.9,3336,4208,44.4
2952004754,Post-Weights Roti,2019-12-23T14:14:24Z,Run,1731.4,438,969,2.9
2952004492,Weights,2019-12-23T13:47:36Z,WeightTraining,42.3,65,1390,0.0
2952004204,53 Degrees on Christmas Eve Eve,2019-12-23T12:38:26Z,Run,15681.8,3768,4057,23.1
2949281535,Monon + Towpath (EZ LR),2019-12-22T07:19:26Z,Run,24887.6,6292,7174,66.5
2946722772,Pre-Dawn Monon,2019-12-21T06:45:49Z,Run,14150.6,3502,3578,35.1
2945152302,"Hello again, oxygen",2019-12-20T09:30:28Z,Run,14619.6,3738,3916,35.0
2941263688,Chilly El Camino,2019-12-18T08:15:06Z,Run,10317.6,2916,3329,84.4
2940228054,Trail Run & Hike w/ Bettina,2019-12-17T16:00:13Z,Run,4475.9,2158,2362,192.0
2937550795,"""26 degrees, brother!""",2019-12-16T13:13:12Z,Run,8986.1,2345,2663,76.4
2937371649,Mini Hike w/ Bettina,2019-12-16T11:12:56Z,Hike,3797.0,3231,3621,67.3
2935933906,Frijolito w/ Bettina,2019-12-15T10:31:32Z,Hike,19338.0,14743,19634,525.3
2933410679,Grocery Run,2019-12-14T17:27:37Z,Run,5409.0,1438,2404,48.1
2930934532,Atalaya Hike w/ Bettina,2019-12-13T11:11:00Z,Hike,13189.3,11689,15066,685.7
2930293447,El Camino w/ Bettina + Bonus,2019-12-13T07:54:14Z,Run,8340.5,2594,2778,59.8
2929336074,El Camino Real,2019-12-12T17:00:33Z,Run,9890.8,2754,3009,84.4
2926109009,Mission: Acquire Pancakes,2019-12-11T07:27:26Z,Run,2399.6,651,1125,2.0
2926019640,Back to the Festive Morning Grind,2019-12-11T05:57:46Z,Run,13828.8,3486,3533,25.0
2925144212,Done with Finals,2019-12-10T17:06:02Z,Run,13994.8,3378,3692,25.7
2925144429,Weights,2019-12-10T16:10:04Z,WeightTraining,0.0,946,946,0
2923012602,Fueled by Birthday Cake,2019-12-09T18:41:55Z,Run,12974.4,3147,3188,27.9
2918399849,Much Needed Study Break,2019-12-07T18:11:32Z,Run,8345.7,1986,2080,12.5
2913251980,Been too long,2019-12-05T10:41:37Z,Run,6776.5,1632,2056,11.1
2902428441,Recovery w/ Bettina,2019-11-30T12:24:20Z,Run,9470.9,2938,3368,8.5
2899854777,Easy Study Break,2019-11-29T12:07:30Z,Run,6477.5,1582,1667,13.0
2897953146,Not a Turkey Trot,2019-11-28T11:36:43Z,Run,21730.1,5147,5280,39.9
2895673781,Weights,2019-11-27T12:46:06Z,WeightTraining,65.5,65,1065,0.0
2895673411,Alternating Miles,2019-11-27T10:08:26Z,Run,8567.6,2237,2237,0
2893379455,Fresh,2019-11-26T12:27:42Z,Run,9983.1,2307,2438,17.6
2888327685,Pre-Oats w/ Bettina,2019-11-24T08:11:28Z,Run,9789.0,3110,3370,18.9
2885644054,Back in the Groove,2019-11-23T08:31:41Z,Run,16321.5,3986,4126,45.6
2883215906,Running Again,2019-11-22T07:40:34Z,Run,15145.4,3558,3737,19.2
2881007711,Not a Study Break,2019-11-21T05:21:27Z,VirtualRide,37954.9,3622,3622,184.0
2878565019,Making Withdrawals from the Bank of Fitness,2019-11-20T07:03:08Z,Run,3536.3,852,897,8.8
2876099205,Busy,2019-11-19T07:09:08Z,Run,3622.3,909,909,8.8
2873879554,Still Midterm Szn,2019-11-18T07:54:11Z,Run,3324.3,821,876,5.6
2871814962,Short w/ Sprints,2019-11-17T06:21:38Z,VirtualRide,26174.4,2452,2452,134.0
2868924570,Recovery w/ Bettina,2019-11-16T07:38:26Z,Run,11777.2,3673,3841,18.6
2866624448,Classico,2019-11-15T08:29:15Z,Run,14758.1,3639,3788,19.6
2864370470,Zwift Free Ride,2019-11-14T05:17:38Z,VirtualRide,39221.6,3922,3942,507.0
2863468244,Study Break 4x200m,2019-11-13T15:48:46Z,Run,3667.8,884,1372,0
2862940779,Slippery Commute,2019-11-13T10:59:35Z,Run,1433.0,394,408,0.0
2859635940,60min Endurance,2019-11-12T04:13:23Z,VirtualRide,35939.1,3629,3629,474.0
2857429330,60min Endurance,2019-11-11T05:13:36Z,VirtualRide,33368.9,3625,3625,569.0
2855272332,3x15min Crisscross,2019-11-10T05:17:28Z,VirtualRide,50716.0,6325,6397,1014.0
2853578507,Valois,2019-11-09T18:43:24Z,Run,365.5,104,380,0.0
2852384188,Easy 45min,2019-11-09T05:51:41Z,VirtualRide,24798.4,2926,2926,496.0
2850375197,6x(200m @tempo + 200m @33sec),2019-11-08T11:16:31Z,Run,8780.5,2014,2488,2.6
2849091078,Bartlett->Home,2019-11-07T20:56:37Z,Run,1376.7,363,390,0.0
2848954234,KPTC->Track->Bartlett,2019-11-07T18:29:31Z,Run,2791.1,666,750,0.0
2848180774,Hutchbound,2019-11-07T12:00:02Z,Run,1457.4,382,382,0.0
2848055795,Study Break,2019-11-07T10:50:54Z,Run,3622.2,848,912,8.7
2845249406,Easy w/ Kevin and Roddy,2019-11-06T06:22:41Z,Run,13369.1,3554,3574,17.1
2842778147,Rhythm Rediscovery,2019-11-05T06:29:02Z,Run,16166.7,3933,4009,42.4
2840772132,Encumbered Commute to Saieh,2019-11-04T10:51:48Z,Run,1663.0,463,468,0.0
2840705773,Squeezin' in the Miles,2019-11-04T10:02:08Z,Run,7538.1,1721,1780,2.9
2838071519,Zwift✔DragonForce✔PSET✔,2019-11-03T04:24:43Z,VirtualRide,31572.5,4896,4924,1059.0
2835185915,Round II: 30min Endurance w/ Sprints,2019-11-02T05:13:32Z,VirtualRide,19920.6,2016,2016,263.0
2835061842,Round I: 1x15min Crisscross,2019-11-02T04:20:34Z,VirtualRide,19952.6,2362,2404,316.0
2832925546,Slippery Dawn Squad,2019-11-01T05:50:04Z,Run,15699.0,4553,4808,29.4
2831141555,Updating my Prior,2019-10-31T10:41:12Z,Run,8337.1,1867,1924,11.7
2829901822,To Roti and Back (The Long Way),2019-10-30T19:55:02Z,Run,3479.9,832,1051,8.6
2825914998,Ky Fan and Schatten P,2019-10-29T07:19:56Z,Run,9700.0,2332,2398,16.3
2823744585,Study Break,2019-10-28T10:03:15Z,Run,3684.4,837,887,8.8
2821332282,Recovery w/ Bettina,2019-10-27T08:04:46Z,Run,14412.3,4409,4951,23.7
2818037489,An Autumnal Easy,2019-10-26T06:15:17Z,Ride,52408.1,5937,6165,145.0
2815646006,3x20min SST + Sprints,2019-10-25T04:12:31Z,VirtualRide,53665.6,5787,5787,948.0
2813304246,"""Cooldown"" + Stroll w/ Bettina + Strides",2019-10-24T07:38:04Z,Run,2296.4,532,1387,0.0
2813303566,Gut Activation w/ Kevin and Roddy,2019-10-24T06:10:33Z,Run,12687.5,3397,3427,22.9
2813303945,Weights,2019-10-24T05:12:56Z,WeightTraining,0.0,1370,1370,0
2810803440,3x15min Crisscross,2019-10-23T04:19:52Z,VirtualRide,55966.1,6344,6432,858.6
2808151726,75min @(230w-250w),2019-10-22T04:10:57Z,VirtualRide,51684.1,5777,5777,818.0
2805690413,Classique,2019-10-21T06:28:36Z,Run,11398.4,2767,2910,18.4
2803272497,More Power,2019-10-20T06:07:12Z,Ride,51694.4,5423,5566,105.0
2800375255,Sunrise Pier Run w/ Bettina,2019-10-19T06:37:51Z,Run,7569.0,2405,3625,16.2
2797951121,Jaunt with Kevin and Roddy,2019-10-18T06:01:41Z,Run,12267.8,3113,3218,20.5
2795678490,Taller than Last Time,2019-10-17T06:14:02Z,Ride,51900.3,5547,5612,112.0
2793165577,Little Progression,2019-10-16T06:28:08Z,Run,11341.4,2698,2744,17.5
2790611336,3x20min SST High,2019-10-15T04:15:14Z,VirtualRide,58694.8,5755,5755,340.6
2788157576,Back at it w/ Kevin,2019-10-14T07:48:18Z,Run,6739.6,1751,1873,9.4
2788068368,VO2 Intervals,2019-10-14T04:10:36Z,VirtualRide,44671.2,4825,4825,114.4
2785569646,Easing Back In,2019-10-13T07:47:01Z,Run,3470.1,864,901,9.5
2785402774,London (1hr Recovery),2019-10-13T04:11:47Z,VirtualRide,34133.8,3612,3612,148.0
2782473723,First Zwift Race + 38min Easy,2019-10-12T04:15:18Z,VirtualRide,59663.6,5423,5484,142.2
2780075623,Watopia (easy),2019-10-11T04:42:22Z,VirtualRide,45163.3,4829,4871,335.0
2777656766,Feeling Great (Round III),2019-10-10T06:13:17Z,Ride,49984.2,5407,6107,110.0
2775149276,Upper Quartile Sunrise,2019-10-09T06:17:28Z,Ride,51743.4,5592,6303,109.0
2772438871,Terminus Sunrise,2019-10-08T06:08:10Z,Ride,51950.2,5603,5628,113.0
2769969420,So Many Beautiful Mornings,2019-10-07T06:10:14Z,Ride,53326.6,6081,6302,114.0
2767672927,Another Great Autumnal Ride,2019-10-06T06:20:21Z,Ride,72511.4,8424,9065,147.0
2765054225,Autumnal Ride II: Saved by Jimmy Dean,2019-10-05T07:23:04Z,Ride,84862.0,10804,12128,229.0
2764387963,Autumnal Ride I: With Wind at our Backs,2019-10-05T06:20:07Z,Ride,28830.8,3247,3354,67.0
2762044706,"Feeling like Fall (easy +4x""hill"")",2019-10-04T06:34:26Z,Ride,47212.6,5463,5908,152.0
2759581501,Recovery into Easy,2019-10-03T06:10:21Z,Ride,52074.6,6013,6402,106.0
2756953640,London (easy ride),2019-10-02T04:17:31Z,VirtualRide,55452.7,5410,5432,258.0
2754279815,First Day of Classes,2019-10-01T06:06:12Z,Ride,52559.8,5673,5727,107.0
2751851712,Recovery into Easy,2019-09-30T06:56:10Z,Ride,44806.1,5207,5257,90.0
2749607018,Chicago Half (1:28:09 official),2019-09-29T07:00:08Z,Run,21310.8,5292,5292,39.4
2749605546,Jog to Start in Pouring Rain,2019-09-29T05:52:25Z,Run,2279.9,782,848,3.0
2746232103,"Watopia (Easy, Pre-Race)",2019-09-28T04:28:57Z,VirtualRide,34056.7,3733,3828,257.0
2743742323,Easy Breezy,2019-09-27T06:19:19Z,Ride,52291.1,5872,5930,121.0
2741293232,Warmdown,2019-09-26T08:18:40Z,Run,1380.7,319,373,2.4
2741292509,A Good Morning,2019-09-26T06:35:32Z,Run,13133.2,3310,4083,16.4
2741293032,Weights,2019-09-26T05:46:10Z,WeightTraining,0.0,1834,1834,0
2738860785,ZA 2019 Workout #6: Chase The Breakaway!,2019-09-25T06:27:07Z,VirtualRide,42045.1,4820,4820,722.6
2735876277,Post-Weights Cooldown,2019-09-24T07:38:19Z,Run,1727.3,442,460,0.0
2735875581,Back to a Classic Route,2019-09-24T06:07:34Z,Run,11443.7,2886,2942,13.7
2735876069,Weights,2019-09-24T05:01:20Z,WeightTraining,0.0,2010,2010,0
2733314784,Easy Ride,2019-09-23T06:08:50Z,Ride,52561.1,5958,6129,110.0
2730846617,Sunday Recovery,2019-09-22T07:42:48Z,Run,11644.7,3094,3193,16.2
2727718984,NVLSD on LFP,2019-09-21T06:34:23Z,Ride,71196.9,8108,8212,148.0
2724991955,Recovery II: Run,2019-09-20T07:46:47Z,Run,9935.7,2550,2662,2.1
2724752652,Recovery I: Ride,2019-09-20T06:10:56Z,Ride,28492.7,3426,3474,63.0
2722147951,Higher Effort Ride (near tempo),2019-09-19T06:17:10Z,Ride,52027.1,5576,5620,91.0
2719379976,Part II: Easy Run,2019-09-18T07:34:40Z,Run,8446.5,2127,2285,2.1
2719239380,Part I: Easy Ride,2019-09-18T06:04:28Z,Ride,36641.5,4214,4317,88.0
2716337888,Morning Harder-Side-of-Easy,2019-09-17T06:01:19Z,Ride,58050.0,6347,6470,123.0
2715044228,Run # 4.5 (cooldown post-weights),2019-09-16T18:12:46Z,Run,1364.5,331,382,0.0
2715043795,Run #4,2019-09-16T17:25:34Z,Run,5307.7,1248,1311,2.1
2715044071,Weights,2019-09-16T15:49:30Z,WeightTraining,0.0,1169,1169,0
2713565255,Recovery in a Cloud,2019-09-16T06:02:35Z,Ride,49659.9,5679,6144,118.0
2712488806,Megabus Legs and a Pinch of Rain,2019-09-15T16:36:45Z,Ride,40644.8,4449,4617,72.0
2707411582,Run #3,2019-09-14T08:17:58Z,Run,5056.2,1222,1286,9.0
2704641626,ZA 2019 Workout #2,2019-09-13T04:18:21Z,VirtualRide,48424.9,5404,5433,360.0
2701850092,ZA Group Ride,2019-09-12T03:56:31Z,VirtualRide,60466.4,6135,6135,145.0
2700600013,Run #2,2019-09-11T17:54:49Z,Run,3294.3,808,917,5.3
2699047156,Back in the Saddle,2019-09-11T06:13:54Z,Ride,53762.7,6252,6291,105.0
2697535337,Lyme Hill,2019-09-10T09:45:36Z,Walk,2673.3,2400,2788,129.7
2694474955,Great Vermont Corn Maze,2019-09-09T13:57:26Z,Walk,5567.3,5767,6133,134.1
2693600890,The Return,2019-09-09T11:04:50Z,Run,2522.9,684,684,20.3
2693464753,Not So Lonesome Lake,2019-09-09T08:17:39Z,Hike,5190.6,5324,5611,316.2
2691907270,Franconia Ridge w/ Bettina and Felicia,2019-09-08T08:48:03Z,Hike,13586.2,15208,19952,1177.3
2687743546,Burlington w/ Bettina,2019-09-07T07:41:52Z,Ride,53625.6,10080,11978,337.8
2686017318,Mt. Mansfield w/ Bettina,2019-09-06T09:42:33Z,Hike,9544.8,10262,13678,794.7
2683202510,Mt. Moosilauke w/ Bettina,2019-09-05T09:56:59Z,Hike,15986.4,15630,20629,811.4
2679386278,Devil's Hill  (mini hike),2019-09-04T09:48:26Z,Hike,6771.0,4798,4850,106.5
2675854866,ZA Group Ride,2019-09-03T03:55:26Z,VirtualRide,39293.3,3732,3732,408.0
2673262912,LSD on LFP next to LSD on LD,2019-09-02T06:10:12Z,Ride,89984.5,9993,11346,171.0
2670481239,Zwift Recovery,2019-09-01T04:12:43Z,VirtualRide,62444.5,7268,7268,660.0
2667254587,Easy Ride,2019-08-31T06:05:48Z,Ride,53543.8,6171,6312,123.0
2664536857,LSD on LFP,2019-08-30T06:11:05Z,Ride,76322.6,8271,8568,155.0
2661676081,Cool and Easy,2019-08-29T06:09:39Z,Ride,52317.6,5844,6160,103.0
2659797606,Zephyr,2019-08-28T11:57:06Z,Ride,52561.9,5948,6375,133.0
2655821136,ZA 2019 Workout #4: Anaerobic Power,2019-08-27T04:05:19Z,VirtualRide,65502.6,7915,7915,707.2
2652942158,ZA Group Ride (Recovery),2019-08-26T04:01:47Z,VirtualRide,57491.8,6018,6091,519.0
2650306436,There and Back Again and Again,2019-08-25T06:07:49Z,Ride,81162.8,9105,9773,184.0
2646937465,Wolf Lake w/ Roddy,2019-08-24T06:14:33Z,Ride,57188.0,7184,7870,107.0
2644026165,Euros (mostly easy),2019-08-23T06:16:27Z,Ride,52381.3,6137,6369,136.0
2641155051,Too Many Mouthfuls of Gnats,2019-08-22T06:08:48Z,Ride,52281.7,5727,5926,101.0
2638247756,A Fake Sunrise Wedding,2019-08-21T06:08:56Z,Ride,55607.8,6320,6633,107.0
2635186756,ZA 2019 Workout #8: 4min Power,2019-08-20T04:05:51Z,VirtualRide,55380.2,6627,6627,111.4
2632323429,ZA Group Ride (Easy),2019-08-19T03:55:28Z,VirtualRide,58003.7,6024,6024,494.0
2629956550,ZA 2019 Workout #7: VO2max Development,2019-08-18T05:25:18Z,VirtualRide,65912.5,7540,7764,940.0
2626756354,Wolf Lake w/ Bettina: Part II,2019-08-17T08:47:11Z,Ride,1709.6,324,324,4.0
2627374741,Wolf Lake w/ Bettina: Part III,2019-08-17T07:01:23Z,Ride,11265.4,1680,1680,0.0
2626623382,Wolf Lake w/ Bettina: Part I,2019-08-17T06:32:12Z,Ride,28421.4,4718,5884,42.0
2623859451,Notus (tempo effort),2019-08-16T06:10:58Z,Ride,52561.7,5732,6075,112.0
2621113952,Boreas (moderate + segment hunting),2019-08-15T06:13:55Z,Ride,53008.5,6063,6455,121.0
2618275214,Wolf Lake (mostly recovery),2019-08-14T06:04:13Z,Ride,57778.6,7051,7916,98.0
2615250804,ZA 2019 Workout #5: 1min Power,2019-08-13T04:06:26Z,VirtualRide,54431.0,6618,6618,279.6
2612472493,ZA 2019 Workout #3: 20sec Power,2019-08-12T04:14:20Z,VirtualRide,54186.4,6319,6357,469.4
2609796879,Double Rainbow (easy),2019-08-11T06:40:53Z,Ride,48459.9,5491,5720,100.0
2607124666,Same Route...with Bettina!,2019-08-10T07:12:22Z,Ride,54016.0,8502,10263,113.0
2604181744,Revenge of the Goose,2019-08-09T06:12:27Z,Ride,52198.9,5751,6173,99.0
2601415266,Recovery 80min,2019-08-08T04:36:15Z,VirtualRide,44564.4,4774,5059,356.0
2598514714,Easy Ride,2019-08-07T06:09:52Z,Ride,52079.2,5935,6144,97.0
2595565789,ZA 2019 Workout #1: Threshold Development,2019-08-06T04:24:24Z,VirtualRide,50473.6,5634,5634,668.6
2592722276,Nearly Riding before Sunrise,2019-08-05T06:09:09Z,Ride,52517.3,5909,6278,98.0
2591603495,Post-Megabus Zwift,2019-08-04T14:21:03Z,VirtualRide,51698.6,5377,5757,380.0
2587091983,Rental Bike Dropoff,2019-08-03T10:42:05Z,Ride,4406.1,840,1097,24.2
2587091669,Introducing Monon to Bettina,2019-08-03T07:26:35Z,Ride,40375.1,6896,9277,91.8
2585221087,Rental Bike Pickup (Indy),2019-08-02T18:23:57Z,Ride,4447.0,889,1090,9.4
2584381693,Pre-Megabus Zwift,2019-08-02T07:38:43Z,VirtualRide,38730.3,3690,3690,85.0
2581205787,"Same Route, a Little Faster",2019-08-01T06:05:54Z,Ride,52399.7,5767,6094,100.0
2578400653,Waves + Flying Goose Collision,2019-07-31T06:14:28Z,Ride,52666.2,6184,6582,128.0
2575487843,Back to Reality,2019-07-30T06:14:35Z,Ride,52867.0,5943,6211,108.0
2572678230,Initiation of the Pain Cave,2019-07-29T04:54:15Z,VirtualRide,53338.8,5428,5428,273.0
2571507266,Zwift Test Ride,2019-07-28T15:37:19Z,VirtualRide,13587.3,1807,1889,190.0
2570094325,Recovery w/ Markús + Crash,2019-07-28T06:43:27Z,Ride,51863.4,6207,7102,112.0
2567448792,LSD on LFP,2019-07-27T06:33:33Z,Ride,99533.4,11455,12205,224.6
2564557885,Technically a Different Route,2019-07-26T06:32:28Z,Ride,52556.5,5795,6151,100.2
2561954851,LFP w/ Markús,2019-07-25T06:09:14Z,Ride,52129.3,5973,6812,98.7
2559133312,"First ""Group Ride"" Experience",2019-07-24T06:08:35Z,Ride,53654.6,5837,6157,102.1
2556255439,Cross-training or 2nd Sport?,2019-07-23T06:27:15Z,Ride,53156.1,6151,6454,96.3
2553516882,The Wrath of Poseidon: Part III,2019-07-22T08:07:18Z,Ride,16488.8,1666,1693,42.4
2553516289,The Wrath of Poseidon: Part II,2019-07-22T08:02:27Z,Walk,147.4,113,113,0.0
2553516288,The Wrath of Poseidon: Part I,2019-07-22T06:31:08Z,Ride,38087.5,5023,5450,62.8
2551405206,Unplanned Ride,2019-07-21T09:10:16Z,Ride,52634.1,6494,7194,98.8
2548248057,LSD on LFP,2019-07-20T07:36:23Z,Ride,73643.0,9379,10689,149.7
2545261618,Easy Ride,2019-07-19T06:23:46Z,Ride,53290.2,6476,6962,95.2
2542777049,Indoor Cycle + Weights,2019-07-18T05:52:48Z,Workout,0.0,3616,3616,0
2540516766,Booted Up,2019-07-17T10:38:46Z,Ride,52953.6,6383,7162,98.0
2539861712,Weights w/ Owen,2019-07-17T05:45:14Z,WeightTraining,0.0,1883,1883,0
2536893935,60min Elliptical + Weights,2019-07-16T05:33:44Z,Elliptical,0.0,4597,4597,0
2534327559,40min Elliptical + Weights,2019-07-15T07:07:41Z,WeightTraining,0.0,3492,3492,0
2532938369,Post-Swim Commute,2019-07-14T18:16:19Z,Ride,1746.4,447,447,4.5
2532938239,Evening Spin w/ Boys,2019-07-14T17:04:35Z,Ride,5721.3,1397,1397,3.6
2531889621,First Half-Century,2019-07-14T07:36:33Z,Ride,81145.9,10277,11142,168.4
2529681174,Divvy to Taste of Chicago,2019-07-13T12:29:22Z,Ride,10953.7,2428,16280,31.2
2528893746,20min Elliptical + Weights,2019-07-13T08:22:05Z,Workout,0.0,2328,2328,0
2525752470,Attempt #3: Limping w/ Bike o'er Shoulder,2019-07-12T07:49:14Z,Walk,2036.6,1696,2443,7.8
2525752147,Attempt #2: Broken Chain...and Flat,2019-07-12T06:33:59Z,Ride,11885.3,1753,4358,28.0
2525751556,Attempt #1: Foot Pain,2019-07-12T06:02:54Z,Run,804.7,237,296,0.0
2524617212,Wash Park w/ Bettina + Solo,2019-07-11T17:54:40Z,Run,11570.6,3308,3839,14.5
2524154622,First Clipless Ride,2019-07-11T13:31:02Z,Ride,35577.4,4552,4815,92.6
2514614881,Recovery Run,2019-07-08T07:35:48Z,Run,16127.9,4312,4566,23.4
2513547750,Divvy w/ Bettina (Fro),2019-07-07T16:56:11Z,Ride,15479.6,3265,3325,33.6
2513547530,Divvy w/ Bettina (To),2019-07-07T13:12:06Z,Ride,7206.8,1941,2162,17.5
2512199200,Easy Long Run w/ Aidan,2019-07-07T08:03:57Z,Run,22678.8,5922,6789,35.5
2509662433,"Longer Recovery, Feeling Better",2019-07-06T11:27:44Z,Run,16701.2,4606,4932,17.6
2506851670,Pier Run + Lake Jump w/ Bettina,2019-07-05T07:48:45Z,Run,10149.7,3211,5573,21.6
2503726867,Botched Recovery,2019-07-04T08:17:50Z,Run,14216.0,4189,6258,30.5
2500536437,Triple Rainbow 🌈🌈🌈,2019-07-03T06:03:10Z,Run,14575.9,3759,4031,37.2
2499406182,A Pretty Nice Double,2019-07-02T17:42:11Z,Run,6926.7,1672,1814,2.8
2499406471,Weights,2019-07-02T16:15:00Z,WeightTraining,0.0,1178,1178,0
2497630638,Easy w/ Roddy and Aidan,2019-07-02T06:03:11Z,Run,13770.8,3562,3702,18.3
2495118792,Easy + Strides,2019-07-01T07:36:28Z,Run,17219.8,4365,4726,23.2
2492292277,Turtle Rescue & Nostalgia,2019-06-30T07:20:17Z,Run,18190.6,4654,5211,62.4
2489729660,NYC Day #3,2019-06-29T07:04:03Z,Run,18054.0,4818,5153,116.6
2487215536,NYC Day #2 (Part II),2019-06-28T08:34:42Z,Run,3627.7,952,1215,25.3
2487215287,NYC Day #2 (Part I),2019-06-28T07:01:31Z,Run,16136.2,4172,4340,115.7
2484602465,NYC Day #1,2019-06-27T06:55:07Z,Run,16188.0,4186,4912,122.9
2481857548,Pre-Roadtrip Easy,2019-06-26T07:00:04Z,Run,15154.1,3991,4493,29.0
2480647873,PM Easy (Indy),2019-06-25T18:33:49Z,Run,6910.9,1680,1680,13.4
2479589132,AM Easy (Chicago),2019-06-25T10:16:43Z,Run,11301.3,2899,2932,22.2
2476654020,Recovery (HR @ 130-140bpm),2019-06-24T07:41:24Z,Run,16346.9,4535,4617,27.7
2474260141,Long Run w/ Aidan (abridged),2019-06-23T08:02:59Z,Run,21577.6,5390,5564,37.0
2471039251,Cemetary Run w/ Roddy,2019-06-22T08:02:06Z,Run,13459.5,3416,3694,3.5
2468122326,Beautiful Day (w/ Roddy),2019-06-21T06:03:05Z,Run,13502.5,3455,3606,30.7
2465491027,Steeplechase Action,2019-06-20T06:03:56Z,Run,16411.8,4207,4633,29.2
2464368634,Some Pump,2019-06-19T17:44:00Z,WeightTraining,9.4,19,1443,0.0
2464368387,Some Vigor,2019-06-19T17:31:06Z,Run,1803.5,489,743,0.0
2462792465,AM Grind w/ Roddy,2019-06-19T06:04:50Z,Run,14003.3,3483,3545,17.6
2461754697,PM Shakeout w/ Bettina,2019-06-18T18:14:49Z,Run,6705.9,2005,2950,0.0
2460225680,Long Easy Run or Easy Long run?,2019-06-18T07:44:34Z,Run,18278.9,4687,4797,24.8
2457605289,Monday Easy,2019-06-17T08:32:38Z,Run,16857.1,4300,4426,23.5
2456462958,Foggy Double,2019-06-16T18:34:55Z,Run,13075.4,3384,3669,13.0
2455808560,Pier Run w/ Bettina,2019-06-16T09:30:07Z,Run,8129.9,2506,3826,15.1
2452792403,Kinvara #9 Break-in,2019-06-15T12:54:59Z,Run,15125.7,3908,4288,17.5
2449777770,First Run of Summer,2019-06-14T11:36:40Z,Run,15166.0,3740,3967,15.1
2447288223,Cooldown,2019-06-13T12:28:23Z,Run,1285.7,316,334,0.0
2447287502,"Wash Park, in two acts",2019-06-13T11:01:25Z,Run,15190.5,3882,4051,12.3
2447287868,Some Weights,2019-06-13T10:10:37Z,WeightTraining,0.0,937,937,0
2446872361,Shakeout w/ Ali,2019-06-12T17:30:10Z,Run,2870.9,889,1010,6.2
2444415562,Farewell to Kevin Run,2019-06-12T08:58:22Z,Run,13601.7,3725,4006,17.6
2441615829,Easy w/ John,2019-06-11T07:58:34Z,Run,13163.4,3377,3939,12.2
2440344155,Victory Laps,2019-06-10T17:48:09Z,Run,6625.8,1603,1645,0.0
2440344335,Weights,2019-06-10T16:17:59Z,WeightTraining,0.0,946,946,0
2439620733,Pre-Exam Warmup,2019-06-10T11:23:19Z,Run,13403.3,3321,3518,15.3
2437016045,Cooldown,2019-06-09T11:38:28Z,Run,1349.4,348,402,0.0
2437015192,Rainy Cemetary Run w/ Aidan,2019-06-09T10:03:48Z,Run,13542.7,3461,3689,3.2
2437015614,Weights,2019-06-09T09:08:27Z,WeightTraining,0.0,1607,1607,0
2433761374,Barefoot Turf Jog + Cooldown,2019-06-08T11:00:10Z,Run,4192.7,1195,1446,3.0
2433760599,Drexeling w/ Kevin and Aidan,2019-06-08T09:56:27Z,Run,13522.3,3429,3676,17.9
2430909008,Recovery w/ Kevin,2019-06-07T08:05:23Z,Run,16442.9,4439,4742,19.1
2429753020,Tour de Hyde Park w/ Roddy,2019-06-06T18:06:05Z,Run,15155.0,3852,4172,17.4
2429753112,ooltra quick weights,2019-06-06T17:17:52Z,WeightTraining,0.0,440,440,0
2425732256,Cooldown,2019-06-05T09:48:49Z,Run,1386.3,371,371,0.0
2425732021,Weights,2019-06-05T09:16:41Z,WeightTraining,370.2,279,1645,0.0
2425731516,Recovery w/ Kevin,2019-06-05T07:56:17Z,Run,16259.7,4441,4560,25.7
2424172104,Victory Laps,2019-06-04T17:26:55Z,Run,5511.7,1317,1366,0.0
2423017604,Study Break Pier Run,2019-06-04T09:51:45Z,Run,11661.1,2915,2957,25.9
2420418825,Picket Spotting (by feel),2019-06-03T09:49:22Z,Run,14759.0,3646,3754,12.1
2417996286,Study Break (by feel),2019-06-02T10:15:25Z,Run,8580.0,2041,2268,11.0
2415044945,The Gospel of Asphalt,2019-06-01T09:43:42Z,Run,15492.1,3880,4219,17.3
2411961017,Back at it w/ Kevin and Aidan,2019-05-31T08:57:46Z,Run,15327.2,4085,4503,14.7
2409764128,Tapering for Finals (>easy),2019-05-30T11:29:20Z,Run,13468.3,3239,3548,18.1
2409764528,Weights,2019-05-30T10:30:33Z,WeightTraining,0.0,1353,1353,0
2406530495,Easy w/ Kevin,2019-05-29T08:00:20Z,Run,17443.1,4661,4761,18.1
2404465854,A Good Run,2019-05-28T11:23:33Z,Run,15459.0,3827,3992,18.3
2404466235,Weights,2019-05-28T10:33:38Z,WeightTraining,0.0,1329,1329,0
2401601610,"Easy w/ Tim, Will, & Jack",2019-05-27T09:11:32Z,Run,14328.8,3578,3766,21.0
2401600222,Roti & Back,2019-05-26T18:28:44Z,Run,373.8,93,283,0.0
2400284779,PM Double w/ Ethan,2019-05-26T17:11:41Z,Run,12880.5,3635,4002,33.4
2399072616,Cooldown,2019-05-26T09:24:16Z,Run,1445.2,381,381,0.0
2399071493,Recovery w/ Kevin,2019-05-26T07:57:56Z,Run,9936.4,2775,3046,16.3
2399072102,Weights,2019-05-26T06:52:58Z,WeightTraining,0.0,1764,1764,0
2396306594,Cooldown,2019-05-25T10:28:43Z,Run,2387.3,618,669,0.0
2396305465,Heat Acclimitization,2019-05-25T08:46:35Z,Run,14963.1,3810,4070,18.3
2396306100,Weights,2019-05-25T07:56:44Z,WeightTraining,0.0,1519,1519,0
2393506770,Easy + Stride,2019-05-24T09:13:21Z,Run,16300.1,4150,4456,18.0
2390796520,Sick Slog Part III,2019-05-23T07:38:47Z,Run,15586.7,4034,4174,25.8
2388388402,Sick Slog 2: Electric Boogaloo,2019-05-22T09:38:32Z,Run,16347.7,4220,4551,18.4
2388388749,Quick Weights,2019-05-22T08:56:27Z,WeightTraining,0.0,610,610,0
2385792169,Sick Slog,2019-05-21T11:25:52Z,Run,12905.4,3333,3412,11.9
2385792473,Weights,2019-05-21T10:24:45Z,WeightTraining,0.0,891,891,0
2383928961,Weights,2019-05-20T17:59:22Z,WeightTraining,1.5,1,1046,0.0
2383928767,Squad Run + 3x200m,2019-05-20T16:34:44Z,Run,16502.8,4307,4986,14.1
2380512223,Recovery + 2mile Pickup,2019-05-19T08:36:03Z,Run,12236.6,3086,3216,18.3
2378330707,Barefoot Jog in Thunderstorm,2019-05-18T15:25:44Z,Run,1416.4,453,471,0.0
2377749546,Cooldown,2019-05-18T11:01:20Z,Run,2817.8,728,728,0.0
2377749082,Weights,2019-05-18T10:25:49Z,WeightTraining,33.8,66,1918,0.0
2377748268,Easyish (steady @6:30 pace),2019-05-18T09:13:57Z,Run,16640.6,4052,4283,14.0
2374817303,Recovery + 4x200m Strides,2019-05-17T07:32:54Z,Run,16247.1,4421,4895,13.7
2372961955,Weights,2019-05-16T12:28:21Z,WeightTraining,199.7,304,1790,0.0
2372961160,Impromptu Workout (mile + 2x800m @threshold),2019-05-16T11:26:57Z,Run,13923.3,3313,3599,15.3
2369609016,Recovery w/ Kevin,2019-05-15T07:25:43Z,Run,16191.8,4449,4697,19.8
2368284025,Short Progression: PM,2019-05-14T17:27:31Z,Run,10912.4,2614,2768,15.1
2366898952,Short Progression: AM,2019-05-14T08:16:01Z,Run,10005.1,2399,2706,16.1
2364239127,Easy + Stride,2019-05-13T07:29:38Z,Run,16533.7,4513,4726,25.7
2362057426,Numb,2019-05-12T09:40:06Z,Run,1087.2,312,363,3.2
2362057108,"Recovery + ""ice bath""",2019-05-12T07:59:36Z,Run,16334.5,4538,4796,15.8
2359449798,Short Tempo + Strides,2019-05-11T10:54:02Z,Run,15636.4,3750,3945,27.5
2356279853,Recovery + Strides,2019-05-10T07:38:44Z,Run,17363.0,4760,4850,27.6
2354515006,Weights,2019-05-09T12:31:32Z,WeightTraining,17.3,26,1520,0.0
2354513585,Easy + Some Aidan Pace,2019-05-09T11:25:57Z,Run,14517.3,3639,3846,23.5
2351764405,Easy + Strides,2019-05-08T09:35:28Z,Run,16136.8,4110,4188,23.1
2348922769,Progression in a Cold Rain,2019-05-07T08:15:10Z,Run,10141.3,2399,2475,11.6
2346488604,Recovery w/ Kevin,2019-05-06T07:28:22Z,Run,16542.0,4565,4982,25.9
2344510378,Bean and Back,2019-05-05T09:18:28Z,Run,27055.8,6763,6968,81.1
2341423751,3xWash + 4x400m + 1xFirehose,2019-05-04T08:56:21Z,Run,19400.4,4842,6320,2.1
2338599784,Easy w/ Kevin,2019-05-03T07:24:41Z,Run,15495.8,4321,4469,26.4
2336795422,Weights,2019-05-02T10:28:58Z,WeightTraining,0.0,1370,1370,0
2336795021,Treadmill Easy + Surges (10 miles),2019-05-02T09:21:02Z,Run,14997.5,4032,4057,0
2333636779,Study Break,2019-05-01T08:23:12Z,Run,13070.1,3310,3605,21.1
2330503893,Easy,2019-04-30T07:39:07Z,Run,16155.9,4203,4309,22.0
2329315758,Weights,2019-04-29T18:30:03Z,WeightTraining,42.5,59,1081,0.0
2329315568,Impromptu Progression,2019-04-29T17:39:36Z,Run,11523.0,2710,2997,11.9
2325919996,Cooldown,2019-04-28T08:22:41Z,Run,2568.0,774,791,3.4
2325919456,Ravenswood 5k 17:27 official,2019-04-28T08:00:08Z,Run,5049.4,1050,1050,0.0
2325918798,Warmup,2019-04-28T07:20:32Z,Run,3174.9,972,1012,3.9
2325918321,Catching the 6,2019-04-28T05:36:08Z,Run,599.1,189,215,0.0
2322746533,Easy + Strides,2019-04-27T08:02:52Z,Run,8393.8,2223,2275,19.4
2320369181,Recovery + Strides,2019-04-26T07:41:18Z,Run,16320.7,4248,4353,21.6
2317987730,Almost a Tempo,2019-04-25T07:28:09Z,Run,16169.8,3962,4171,21.6
2315420028,Testing Speed,2019-04-24T07:53:56Z,Run,16158.0,4146,4372,15.3
2313732851,Very Quick Weights,2019-04-23T14:52:57Z,Workout,90.2,38,466,0.0
2313732773,A Few Campus Loops,2019-04-23T13:27:46Z,Run,16600.8,4328,5036,7.7
2310162878,Cold Shower Season (easy),2019-04-22T07:28:52Z,Run,16135.1,4323,4991,17.5
2307920366,Quick Weights,2019-04-21T10:09:52Z,WeightTraining,276.5,174,1201,0.0
2307919974,Easy Sunday,2019-04-21T09:19:26Z,Run,9933.2,2667,2855,0.0
2305053504,Elliptical and Weight Circuit,2019-04-20T06:30:38Z,Workout,0.0,7587,7587,0
2301947287,Light and Easy,2019-04-19T07:25:38Z,Run,7608.3,2223,2385,13.9
2299216072,Easy w/ Kevin and Aidan,2019-04-18T07:11:32Z,Run,12230.6,3503,3557,14.2
2296692033,Easy Morning,2019-04-17T07:33:20Z,Run,10180.6,2854,3212,6.5
2294567904,Weight Circuit,2019-04-16T11:19:49Z,WeightTraining,87.1,99,2479,0.0
2291703362,Recovery w/ Jackson,2019-04-15T07:27:40Z,Run,16212.9,4343,4580,20.1
2290027859,The Awesome Power of Nature,2019-04-14T09:00:13Z,Run,32709.5,8604,8973,56.3
2287144057,Cooldown,2019-04-13T11:06:12Z,Run,4882.3,1367,1411,12.8
2287143354,4x1km @ Aidan Pace + 2x200m @ fast,2019-04-13T10:17:07Z,Run,8075.0,1968,2415,0.0
2287142374,Warmup,2019-04-13T09:35:16Z,Run,3692.6,1032,1603,0.0
2284239845,Easy + Strides,2019-04-12T07:34:31Z,Run,16269.5,4160,4329,22.0
2282550978,Another Progression,2019-04-11T11:23:46Z,Run,16180.9,3889,3955,23.0
2282551167,Quick Bodyweight Circuit,2019-04-11T10:31:12Z,WeightTraining,0.0,667,667,0
2279597205,Cooldown,2019-04-10T09:23:06Z,Run,1362.5,357,371,0.0
2279596547,Easy + Stride,2019-04-10T07:32:08Z,Run,15345.0,3911,4187,19.3
2279597000,Weights w/ Ali,2019-04-10T06:45:41Z,WeightTraining,0.0,2079,2079,0
2278250444,Too-nice-not-to-run Double,2019-04-09T17:40:47Z,Run,3700.2,932,1035,11.4
2276938187,Light Progression + Strides,2019-04-09T07:29:20Z,Run,16197.2,3936,4179,15.9
2274638626,Cooldown,2019-04-08T09:16:24Z,Run,1357.1,349,349,0.0
2274638158,Monday Easy,2019-04-08T07:24:06Z,Run,16931.1,4456,4700,29.4
2274638460,Weights w/ Ali,2019-04-08T06:46:03Z,WeightTraining,0.0,1511,1511,0
2272455226,Cooldown,2019-04-07T09:58:40Z,Run,2425.9,642,642,0.0
2272454887,North and North Some More,2019-04-07T07:52:46Z,Run,22782.2,5609,6027,43.2
2269481258,"""Smog Jog"" + Trackwork",2019-04-06T08:53:41Z,Run,20277.3,5362,6105,17.3
2266711864,Easy + Strides,2019-04-05T07:24:03Z,Run,17147.4,4585,4798,30.2
2264430888,Misty Fartlek,2019-04-04T07:21:04Z,Run,16136.5,3988,4064,27.8
2262181666,Cooldown,2019-04-03T09:14:28Z,Run,1428.0,371,390,0.0
2262181232,Easy + Strides,2019-04-03T07:21:02Z,Run,18026.7,4856,5245,25.9
2262181437,Weights,2019-04-03T06:50:03Z,WeightTraining,0.0,1243,1243,0
2259617907,A Few Loops in Hyde Park,2019-04-02T07:20:02Z,Run,16123.1,4243,4915,30.4
2257219377,Commence Spring Quarter,2019-04-01T07:23:37Z,Run,17215.0,4657,4858,20.4
2255650423,Cooldown + Roti,2019-03-31T12:24:22Z,Run,1778.2,486,878,2.8
2255649443,Sunday Easy,2019-03-31T10:52:30Z,Run,14729.1,3807,3817,22.3
2255649940,Weights,2019-03-31T09:58:36Z,Workout,0.0,1339,1339,0
2252650048,Short and Easy,2019-03-30T12:03:55Z,Run,9687.5,2562,2595,15.4
2250033217,Cooldown,2019-03-29T14:14:42Z,Run,1392.7,405,429,0.0
2250032965,Back in Chicago,2019-03-29T12:29:47Z,Run,15894.3,4118,4808,25.7
2250033083,Weights,2019-03-29T11:51:10Z,WeightTraining,0.0,1253,1253,0
2246998919,Goose Evasion Tactics,2019-03-28T09:13:27Z,Run,16160.9,4286,4505,66.5
2244720589,Back in Indy,2019-03-27T10:02:42Z,Run,29125.9,7391,7596,76.0
2242116920,Pre-Megabus + Visualization,2019-03-26T09:18:00Z,Run,17040.7,4344,4458,21.3
2239771888,Recovery Run,2019-03-25T09:02:20Z,Run,16155.7,4126,4194,19.0
2237616508,Cooldown,2019-03-24T09:23:34Z,Run,2746.7,894,1739,7.2
2237615888,Shamrock Shuffle 8k,2019-03-24T08:30:15Z,Run,8183.8,1727,1727,18.5
2237614828,Warmup,2019-03-24T07:27:31Z,Run,3212.4,1053,2716,4.3
2234243295,Pier Run + Strides,2019-03-23T08:33:20Z,Run,9333.6,2514,2601,19.2
2231852106,Recovery + Strides (4x30sec),2019-03-22T09:35:43Z,Run,12558.8,3303,3331,21.1
2230218826,Easy + Testing Speed,2019-03-21T13:46:46Z,Run,16376.9,4083,4201,18.0
2227873592,Easy + Tentative Speed,2019-03-20T12:53:11Z,Run,11309.0,2861,3035,12.3
2224827118,"""Put a f***ing shirt on!""",2019-03-19T11:14:44Z,Run,12912.8,3179,3278,23.5
2223204768,"One final down, two exams + two projects to go",2019-03-18T16:51:26Z,Run,9638.2,2668,2874,15.0
2220549662,Feeling a lot like Spring,2019-03-17T11:36:52Z,Run,14268.4,3551,3572,20.6
2218317804,Study Break,2019-03-16T18:33:00Z,Run,6306.6,1533,1674,11.0
2217386145,Pier Run w/ Bettina,2019-03-16T08:57:25Z,Run,7810.9,2535,2898,17.0
2215898990,Roti and Back,2019-03-15T19:40:56Z,Run,360.6,106,336,0.0
2215898895,Sunset Run,2019-03-15T18:11:18Z,Run,13584.6,3412,4062,15.5
2213437124,Post-Rain run,2019-03-14T12:29:45Z,Run,8095.2,2147,2249,13.5
2210953487,Testing the Waters,2019-03-13T10:54:24Z,Run,12896.2,3223,3244,16.6
2208850489,Slowly Building Back Up,2019-03-12T11:31:38Z,Run,9672.2,2550,2667,4.2
2208850799,Weights,2019-03-12T10:18:36Z,Workout,0.0,1215,1215,0
2207191687,Progress!,2019-03-11T13:58:14Z,Run,4843.7,1333,1467,0.0
2207191927,Ratner Elliptical,2019-03-11T12:29:37Z,Elliptical,0.0,1390,1390,0
2204846518,Lunch Activity,2019-03-10T11:19:41Z,Workout,0.0,594,594,0
2204845618,Ratner Elliptical (Recovery),2019-03-10T10:32:50Z,Elliptical,0.0,2761,2761,0
2202279898,Weights,2019-03-09T11:11:26Z,Workout,0.0,825,825,0
2202279732,Ratner Elliptical,2019-03-09T10:10:39Z,Elliptical,0.0,3602,3602,0
2199591531,Weights,2019-03-08T09:23:17Z,WeightTraining,0.0,873,873,0
2199591290,Ratner Elliptical (easy),2019-03-08T08:21:52Z,Elliptical,0.0,3601,3601,0
2198166236,Quick Weights,2019-03-07T15:16:28Z,Workout,0.0,1070,1070,0
2198165957,Ratner Elliptical,2019-03-07T14:15:16Z,Elliptical,0.0,3601,3601,0
2195881360,Quick Weights,2019-03-06T12:56:27Z,WeightTraining,0.0,982,982,0
2195881125,Ratner Elliptical,2019-03-06T11:51:04Z,Elliptical,0.0,3897,3897,0
2193412495,Quick Weights,2019-03-05T12:16:56Z,Workout,20.2,30,823,0.0
2193412029,Flew too Close to the Sun,2019-03-05T09:24:50Z,Ride,0.0,3094,3094,0
2190798803,Easy + 1x “hill”,2019-03-04T08:59:32Z,Run,13700.7,3566,3794,21.2
2189046845,Cooldown,2019-03-03T10:46:19Z,Run,4154.5,1130,1151,11.4
2189045734,First 80+ mile week! (recovery),2019-03-03T09:01:23Z,Run,11889.0,3256,3443,7.9
2189046384,Weights,2019-03-03T08:01:16Z,Workout,0.0,2429,2429,0
2186479734,Long Run w/ Aidan,2019-03-02T08:59:04Z,Run,29012.8,7230,7421,34.4
2183945587,“cooldown”,2019-03-01T10:27:50Z,Run,1216.4,289,297,0.0
2183945239,Recovery w/ K Sun,2019-03-01T08:56:32Z,Run,16448.9,4440,4586,29.2
2183945385,4x200: the butter,2019-03-01T08:16:24Z,Run,1405.4,324,324,0
2182202391,Progression + Maintain,2019-02-28T11:30:00Z,Run,16272.5,3757,3805,23.2
2182202662,Weights ,2019-02-28T10:42:30Z,WeightTraining,0.0,1178,1178,0
2179518520,Easy + Strides,2019-02-27T08:56:22Z,Run,16611.1,4339,4724,17.8
2177508340,Easy + 4x “hill” sprints,2019-02-26T11:54:16Z,Run,16444.0,4071,4300,31.7
2174700584,Easy + Strides,2019-02-25T08:59:21Z,Run,16851.1,4510,4603,31.7
2172898866,Insane Wind,2019-02-24T10:40:05Z,Run,13067.1,3309,3663,11.4
2169878914,Two Progressions in a Cold Rain,2019-02-23T09:08:00Z,Run,23426.0,5958,6095,36.2
2169876483,Warmup,2019-02-23T08:56:27Z,Run,1412.9,388,388,0.0
2167458554,Friday Long Run (aerobic),2019-02-22T10:14:26Z,Run,22788.5,5593,5727,34.5
2165366610,Unstructured Fartlek,2019-02-21T11:25:37Z,Run,14540.8,3358,3503,19.5
2162787329,Slippery and Windy Recovery,2019-02-20T08:57:45Z,Run,16264.9,4455,4736,30.5
2160832459,Weights,2019-02-19T12:27:00Z,WeightTraining,269.1,319,1622,0.0
2160831443,Celebratory Progression,2019-02-19T11:23:33Z,Run,14080.7,3330,3433,19.9
2158114784,Prancing in the Snow w/ K sun,2019-02-18T08:53:26Z,Run,15673.5,4370,5418,30.9
2156131919,"First 70+ mile week! (long, progression)",2019-02-17T10:07:03Z,Run,21662.6,5427,6405,26.7
2156142859,Weekly Distance Correction,2019-02-17T10:01:07Z,Run,1287.5,300,300,0
2153498594,Actual Recovery Run,2019-02-16T09:05:07Z,Run,13272.2,3497,3655,22.2
2151315972,"For the Love of Running (long, recovery pace)",2019-02-15T11:33:37Z,Run,27517.3,7090,7160,31.1
2149220707,Warm Run (>easy),2019-02-14T12:14:39Z,Run,13557.7,3211,3226,18.1
2149221056,Weights,2019-02-14T11:10:58Z,WeightTraining,0.0,1239,1239,0
2143618134,Run w/ K Sun and Aidan,2019-02-13T08:57:22Z,Run,16107.6,4322,4789,27.4
2141692039,Post-run Weights,2019-02-12T10:33:01Z,WeightTraining,0.0,728,728,0
2141691770,Ratner Treadmill (easy + fast finish),2019-02-12T09:31:38Z,Run,12632.6,3298,3582,0
2141691142,Pre-run Weights,2019-02-12T09:23:26Z,WeightTraining,0.0,407,407,0
2139829444,Double Recovery,2019-02-11T13:56:17Z,Run,14189.6,3649,3827,19.3
2137693657,Weekly Distance Correction,2019-02-10T12:20:00Z,Run,2188.7,420,420,0.0
2137575221,Long Run (aerobic),2019-02-10T10:28:11Z,Run,25070.1,6353,6479,27.9
2135134148,Lunch Run (easy),2019-02-09T12:08:34Z,Run,13706.5,3497,3636,16.9
2133203191,Quick Bodyweight Circuit,2019-02-08T17:58:04Z,WeightTraining,96.7,62,649,0.0
2133203044,Ratner Treadmill (easy + strides),2019-02-08T15:04:26Z,Run,12840.2,3195,3195,0
2130780105,Cold Rain (moderate),2019-02-07T11:49:48Z,Run,12924.5,2992,3002,22.3
2128436729,Calm Morning (easy),2019-02-06T09:16:15Z,Run,12909.0,3177,3281,12.7
2126338477,Post-run Weights,2019-02-05T10:22:42Z,WeightTraining,0.0,858,858,0
2126338159,Ratner Treadmill (progression),2019-02-05T09:31:43Z,Run,11710.8,3033,3033,0
2126337569,Pre-run Weights,2019-02-05T09:21:21Z,WeightTraining,0.0,547,547,0
2123809205,Recovery Run,2019-02-04T08:57:39Z,Run,13389.3,3468,3605,22.7
2122714992,Weekly Distance Correction,2019-02-03T14:40:00Z,Run,7885.8,24,24,0
2122256611,Impromptu Steeplechase,2019-02-03T10:18:20Z,Run,21352.7,5343,5438,43.1
2120439837,A Slippery Study Break,2019-02-02T20:55:09Z,Run,6492.0,1579,1717,11.9
2119708902,Pier Run w/ Bettina,2019-02-02T09:13:21Z,Run,8092.5,2664,3114,16.5
2117425769,Ratner Treadmill (easy),2019-02-01T07:26:02Z,Run,13135.7,3577,3577,0
2116318414,Quick Weights,2019-01-31T15:31:33Z,WeightTraining,0.0,796,796,0
2116318221,Ratner Treadmill (easy + 2 tempo),2019-01-31T14:34:44Z,Run,11540.0,3046,3351,0
2113831736,Vortex Recovery Run,2019-01-30T12:06:26Z,Run,6071.2,1602,1774,11.0
2111663329,Progression Sandwich,2019-01-29T09:31:44Z,Run,17899.0,4734,4766,0
2109180767,Ratner Treadmill (easy),2019-01-28T07:31:20Z,Run,11327.0,3110,3110,0
2107989984,Weekly Distance Correction,2019-01-27T15:20:00Z,Run,9994.0,2280,2280,0
2107662455,Weights Circuit,2019-01-27T10:51:45Z,WeightTraining,0.0,941,941,0
2107662088,Ratner Treadmill (light progression),2019-01-27T09:59:12Z,Run,11481.9,3100,3100,0
2105135585,Bodyweight Circuit,2019-01-26T10:42:35Z,WeightTraining,0.0,1061,1061,0
2105135336,Ratner Treadmill (progression + 4x200m strides),2019-01-26T09:41:28Z,Run,12929.7,3472,3472,0
2102589789,Ratner Treadmill (easy),2019-01-25T08:24:20Z,Run,13523.5,3541,3541,0
2100752748,"Ratner Treadmill (long, aerobic)",2019-01-24T09:27:12Z,Run,20842.2,5499,5549,0
2099078777,Weights,2019-01-23T13:39:53Z,WeightTraining,0.0,1184,1184,0
2099078526,Ratner Treadmill (easy),2019-01-23T13:03:16Z,Run,5801.1,1579,1579,0
2096439031,Ratner Treadmill (progression),2019-01-22T09:28:22Z,Run,12603.4,3318,3318,0
2094210847,Quick Weights,2019-01-21T09:44:37Z,WeightTraining,0.0,854,854,0
2094210533,Ratner Treadmill (easy + strides),2019-01-21T08:50:13Z,Run,11578.7,3106,3106,0
2092350164,Weekly Distance Correction,2019-01-20T10:40:00Z,Run,11410.2,2552,2552,0
2092277140,Ratner Treadmill (easy),2019-01-20T08:07:33Z,Run,12907.0,3499,3564,0
2089811123,Ratner Treadmill (Tempo),2019-01-19T09:37:52Z,Run,10854.9,2916,2966,0
2087228683,Ratner Treadmill (easy + long strides),2019-01-18T08:21:26Z,Run,11849.1,3251,3251,0
2085325106,Quick Weights,2019-01-17T10:16:16Z,WeightTraining,0.0,1284,1284,0
2085324730,Ratner Treadmill (progression),2019-01-17T09:23:34Z,Run,9917.1,2621,2621,0
2082856739,Ratner Treadmill (easy),2019-01-16T07:16:35Z,Run,13078.4,3591,3591,0
2080796640,Ratner Treadmill (progression),2019-01-15T09:19:40Z,Run,10325.2,2812,2812,0
2078245642,Ratner Treadmill (easy),2019-01-14T07:17:58Z,Run,10549.5,2974,2974,0
2077293661,Distance Correction for Week,2019-01-13T20:00:00Z,Run,8449.1,1890,1890,0
2077137026,Ratner Treadmill (Easy),2019-01-13T14:34:17Z,Run,11218.0,3172,3172,0
2073804309,Ratner Treadmill (longish),2019-01-12T07:42:25Z,Run,15538.1,4363,4451,0
2071327510,Ratner Treadmill,2019-01-11T08:14:55Z,Run,8464.8,2312,2312,0
2069330281,Ratner Treadmill,2019-01-10T09:25:01Z,Run,12101.3,3437,3437,0
2066764701,Ratner Treadmill Threshold ,2019-01-09T07:21:36Z,Run,5471.8,1462,1462,0
2066764263,Ratner Cycle,2019-01-09T06:38:54Z,Ride,0.0,2103,2103,0
2064782048,Sunny Tuesday,2019-01-08T11:42:31Z,Run,8071.3,2046,2108,0.0
2064781317,Wash Park w/ Ali,2019-01-08T11:22:47Z,Run,3544.9,1097,1128,0.0
2062902296,Rainy Monday,2019-01-07T13:53:53Z,Run,10201.4,2642,3326,7.8
2061059762,Post-Weights,2019-01-06T15:17:22Z,Run,1383.9,365,383,0.0
2061059658,"Back in Chicago, For Good",2019-01-06T14:07:05Z,Run,10281.6,2504,2531,2.1
2058522426,"Atlanta Treadmill, Round II",2019-01-05T16:36:43Z,Run,8858.7,2334,2334,0
2056019283,Atlanta Treadmill,2019-01-04T15:22:06Z,Run,9668.0,2518,2518,0
2053680107,Atlanta City Running w/ Jake,2019-01-03T15:29:53Z,Run,11324.4,2970,3705,132.9
2051685717,Post-Weights,2019-01-02T18:01:37Z,Run,1358.2,395,418,2.2
2051685422,A Night in Chicago,2019-01-02T16:39:27Z,Run,9708.5,2446,2549,11.6
2049393919,First Run of 2019,2019-01-01T16:43:39Z,Run,9788.1,2402,2574,17.9
2048528488,"New Year, Same Route",2019-01-01T08:23:39Z,Ride,33490.0,4893,5483,73.9
2047358230,Steamy Ride,2018-12-31T15:45:01Z,Ride,33091.7,4341,4637,74.9
2046670713,Walk/Jog,2018-12-31T09:22:39Z,Walk,4389.7,2252,2252,4.5
2046670348,"Back in Indy, Again",2018-12-31T08:47:31Z,Run,6458.3,1655,1954,12.6
2044578570,Reservoir Loops,2018-12-30T09:25:04Z,Run,10778.0,2764,2882,5.6
2042331316,Central Park Loop (day),2018-12-29T09:03:42Z,Run,10473.6,2685,3005,100.8
2040975452,Central Park Loop,2018-12-28T16:42:27Z,Run,10469.7,2649,2749,94.1
2040522826,Fish Friday (Fro),2018-12-28T11:08:13Z,Ride,10607.8,2376,3062,70.8
2040270271,Fish Friday (To),2018-12-28T08:49:18Z,Ride,16880.7,3627,4427,66.9
2036550287,Trails w/ Roddy and Adam 🦅,2018-12-26T08:16:00Z,Run,10422.1,3238,4091,114.6
2035347286,Christmas Run,2018-12-25T16:30:14Z,Run,8333.3,2086,2476,14.4
2034937155,Christmas Morning Ride,2018-12-25T08:54:08Z,Ride,32822.2,4972,7388,77.2
2033698537,Run w/ Roddy and Adam,2018-12-24T11:05:56Z,Run,10178.4,2861,3259,27.4
2032398655,Back in Indy,2018-12-23T18:00:21Z,Run,5424.9,1466,1641,3.8
2031878975,Easing Back into Running,2018-12-23T10:32:06Z,Run,3233.6,979,1063,6.3
2028671995,Camelback Mountain Hike,2018-12-21T14:04:50Z,Hike,5424.8,4640,6573,415.6
2028392683,Black Mountain Hike,2018-12-21T10:44:33Z,Hike,3748.1,2475,2514,368.0
2026950095,Black Mountain Ruck (25 lbs),2018-12-20T09:31:27Z,Hike,6444.6,4993,6083,482.1
2025890908,Elephant Mountain Hike,2018-12-19T14:32:38Z,Hike,11318.8,7490,8484,472.4
2025407993,Black Mountain Hike,2018-12-19T10:37:44Z,Hike,3719.5,3377,3532,369.9
2024138947,A Glorious Sedona Run,2018-12-18T13:48:43Z,Run,14919.7,3944,5131,265.6
2022612529,Searching the Desert for Treasure w/ Mitch,2018-12-17T15:54:55Z,Run,17245.9,4617,6090,125.9
2021981166,Easy Trail Running,2018-12-17T09:40:55Z,Run,13695.7,3811,3984,187.6
2020548546,Black Mountain Ascent,2018-12-16T08:55:54Z,Run,11786.5,5045,5478,510.4
2018499638,Recovery Run w/ Owen,2018-12-15T09:17:21Z,Run,12747.3,3198,3276,14.2
2017134027,Celebratory Long Run,2018-12-14T10:58:05Z,Run,37072.2,9507,10210,77.3
2015562085,Study Break,2018-12-13T12:07:28Z,Run,10245.1,2419,2489,9.7
2014094254,Another Glorious Pier Run,2018-12-12T12:40:56Z,Run,15399.5,3751,3857,18.9
2012118082,A Glorious Pier Run,2018-12-11T11:43:20Z,Run,9324.7,2156,2197,18.5
2010764346,Farewell Run w/ Mitch,2018-12-10T15:06:31Z,Run,11792.4,2797,2832,26.8
2009289508,Post-Weights,2018-12-09T16:16:59Z,Run,1397.3,332,332,0.0
2009289456,Study break w/ Mitch,2018-12-09T14:56:52Z,Run,12958.2,3125,3189,24.2
2007114597,Not quite a long run w/ Mitch,2018-12-08T13:32:40Z,Run,16469.9,3930,4204,33.0
2005451898,Run w/ Mitch,2018-12-07T15:02:50Z,Run,9735.3,2338,2418,24.0
2004907073,Run w/ Mitch,2018-12-06T17:24:55Z,Run,13065.4,3235,3318,22.7
2002419004,Pier Run w/ Mitch,2018-12-05T16:01:04Z,Run,13233.2,3354,3546,14.3
2000749699,Recovery run w/ Mitch,2018-12-04T17:15:27Z,Run,9739.0,2463,2498,9.0
2000749784,4x200m w/ Mitch and Ben,2018-12-04T16:02:32Z,Run,1802.7,580,728,0
1998843772,Sustained Effort (4 miles),2018-12-03T16:04:24Z,Run,16129.1,3743,3971,38.6
1997307041,Recovery run w/ Mitch,2018-12-02T16:04:06Z,Run,10630.2,2693,2772,13.6
1994796209,Long Run (Part III),2018-12-01T11:08:16Z,Run,1631.0,399,399,3.1
1994821252,Long Run (Part II),2018-12-01T10:13:00Z,Run,11265.4,2747,2747,0
1994796211,Long Run (Part I),2018-12-01T09:15:51Z,Run,11699.2,2923,3039,15.5
1993401142,Easy Run w/ Team,2018-11-30T15:59:57Z,Run,13139.6,3378,3520,14.2
1991982576,Impromptu 3 mile tempo w/ Mitch,2018-11-29T17:31:24Z,Run,13050.6,3118,3338,20.5
1990310704,Run w/ Mitch and Jackson,2018-11-28T16:52:02Z,Run,16327.4,4117,4785,25.3
1988650968,Even more slippery w/ Mitch and Jackson,2018-11-27T17:22:13Z,Run,15128.4,3885,4494,14.8
1986497411,A Most Slippery Run,2018-11-26T13:01:21Z,Run,13298.0,3264,3338,14.6
1984511368,Windy Post-Weights Cooldown,2018-11-25T09:42:06Z,Run,1405.2,359,413,0.0
1984510793,Rainy Warmup,2018-11-25T08:18:53Z,Run,1435.4,374,374,0.0
1984511096,Treadmill: 30 minutes,2018-11-25T06:29:46Z,Run,6954.8,1782,1782,0
1982940178,Shoe Break-In Double,2018-11-24T15:38:57Z,Run,4964.9,1251,1301,10.3
1982418871,Abridged Long Run,2018-11-24T09:36:32Z,Run,17906.3,4374,4498,46.6
1980452614,Sunrise Run w/ Roderick,2018-11-23T07:04:46Z,Run,13209.9,3412,4002,49.1
1978977632,Thanksgiving Run,2018-11-22T09:35:48Z,Run,18446.4,4602,5058,47.0
1977086047,Recovery Run w/ Bettina,2018-11-21T07:31:34Z,Run,12331.5,3550,3960,16.8
1976302615,Impromptu Progression Run,2018-11-20T17:27:19Z,Run,13483.4,3233,3354,21.7
1974202892,Easy run w/ Mitch,2018-11-19T12:55:13Z,Run,14967.5,3815,4002,25.4
1972925937,Recovery run w/ Mitch,2018-11-18T15:40:21Z,Run,13872.3,3595,4952,14.9
1970197415,Solo Long Run,2018-11-17T10:03:14Z,Run,25804.0,6377,6557,30.6
1968570253,Easy run w/ Mitch and Jackson,2018-11-16T15:59:31Z,Run,9990.5,2710,3316,15.7
1968569795,Eckhart to Ratner,2018-11-16T15:41:59Z,Run,527.1,142,142,0.0
1967118681,Easy run + fast finish w/ Mitch,2018-11-15T17:20:33Z,Run,13791.1,3376,3459,16.2
1964902407,Recovery run w/ Mitch and Ben,2018-11-14T13:00:15Z,Run,12061.7,3012,3212,23.2
1963413760,Cooldown,2018-11-13T18:05:34Z,Run,1241.5,338,338,0.0
1963413698,Workout w/ Mitch,2018-11-13T17:17:09Z,Run,11288.6,2631,2771,10.4
1961108022,Lunch Run w/ Mitch,2018-11-12T12:57:06Z,Run,13214.7,3296,3375,23.7
1959728072,Recovery run w/ Mitch and Ben,2018-11-11T15:33:01Z,Run,9666.6,2484,2564,16.1
1957024791,Long run (aerobic),2018-11-10T10:00:00Z,Run,21354.2,5422,5650,29.9
1954809452,Snow!,2018-11-09T07:37:58Z,Run,11662.8,2933,3160,16.4
1954065335,Easy run,2018-11-08T17:22:53Z,Run,13594.0,3412,3540,15.6
1952230053,w/ Mitch and Ben,2018-11-07T16:46:29Z,Run,12151.7,2956,3599,8.4
1950417835,Easy run w/ Mitch,2018-11-06T17:22:18Z,Run,13034.0,3250,3408,24.7
1948390428,Quick miles w/ Mitch,2018-11-05T16:38:58Z,Run,11037.9,2631,2808,9.6
1946709617,Rainy and dark (long easy run),2018-11-04T16:30:20Z,Run,13406.0,3499,4295,23.0
1943549046,Long run (easy),2018-11-03T09:33:29Z,Run,16859.3,4263,4489,29.5
1941274295,Morning Run (night run for Mitch),2018-11-02T07:47:00Z,Run,10555.0,2718,2834,13.5
1940421013,Easy run,2018-11-01T17:20:49Z,Run,10236.5,2534,2762,10.1
1938551145,Halloween Pier Run,2018-10-31T16:53:39Z,Run,13015.3,3239,3591,12.0
1936750821,Not-Solo Pier Run,2018-10-30T17:20:49Z,Run,10806.0,2725,3459,16.2
1934811049,Solo Pier Run (impromptu fartlek),2018-10-29T16:42:53Z,Run,10067.5,2384,2463,16.6
1932116440,Recovery run,2018-10-28T07:26:42Z,Run,6471.9,1716,1733,9.8
1930403857,Easy run,2018-10-27T09:59:03Z,Run,14135.0,3576,3687,31.3
1929068664,Post-time-trial cooldown,2018-10-26T16:43:31Z,Run,8806.1,2188,2311,0.0
1929068303,Warmup for time trial,2018-10-26T16:08:22Z,Run,1505.6,402,409,0.0
1927056637,Midterm study break,2018-10-25T12:44:02Z,Run,5080.3,1228,1285,6.1
1925600441,Getting the band back together,2018-10-24T16:44:58Z,Run,13085.1,3296,3678,13.7
1923635071,It ain’t cold yet,2018-10-23T17:16:31Z,Run,10147.0,2469,2526,19.5
1921615628,A pier run a day keeps the midterms away,2018-10-22T16:34:22Z,Run,13034.2,3350,3432,16.1
1919252914,Morning Jog,2018-10-21T08:56:31Z,Run,8876.7,2772,3059,13.4
1916572125,Cooldown,2018-10-20T10:08:16Z,Run,1342.5,385,413,0.0
1916571895,Warmup,2018-10-20T08:36:17Z,Run,7258.2,1865,1967,3.5
1915057478,More than just a fling!?,2018-10-19T16:37:25Z,Run,9946.6,2537,2572,21.7
1913379382,A comeback!?,2018-10-18T17:14:57Z,Run,7618.9,1923,2003,5.4
1910299361,Pier Run,2018-10-17T07:33:03Z,Run,8298.0,2190,2272,14.7
1908230052,Warmdown,2018-10-16T08:39:13Z,Run,1422.1,331,331,0.0
1908229898,Warmup,2018-10-16T07:36:24Z,Run,4930.8,1244,1312,2.6
1907388755,Evening Run,2018-10-15T18:24:35Z,Run,5093.0,1230,1312,6.3
1905453007,Autumn run,2018-10-14T16:47:51Z,Run,3774.6,957,1059,8.2
1901731994,At the Cusp of Dawn,2018-10-13T06:30:42Z,Run,3029.1,801,828,6.5
1901023635,Evening run,2018-10-12T19:01:47Z,Run,5041.9,1641,1673,3.4
1899998095,Morning Swim,2018-10-12T08:03:00Z,Swim,731.5,1758,1758,0.0
1898206156,Warmup Swim,2018-10-11T09:00:00Z,Swim,457.2,1101,1101,0
1896311079,Morning Swim,2018-10-10T07:48:00Z,Swim,868.7,1873,1873,0
1894818396,Weights,2018-10-09T06:05:45Z,Workout,0.0,2904,2904,0
1891927981,Easy run,2018-10-08T07:29:53Z,Run,4868.6,1268,1391,10.4
1890196610,Cooldown with Ali,2018-10-07T09:29:46Z,Run,1401.7,443,487,0.0
1890191610,Warmup (long),2018-10-07T07:56:59Z,Run,8345.3,2240,2240,5.6
1887952433,Bean and Back,2018-10-06T08:14:08Z,Run,25841.8,6870,7527,73.0
1885564267,Recovery run,2018-10-05T07:33:55Z,Run,10520.1,2698,2727,12.7
1883663155,Cooldown,2018-10-04T08:52:43Z,Run,1398.3,369,379,0.0
1883663056,Warmup (fast),2018-10-04T07:29:38Z,Run,6831.7,1714,1782,2.5
1881554868,Recovery run,2018-10-03T07:31:38Z,Run,11388.5,2859,3040,18.6
1879488112,Cooldown,2018-10-02T08:54:52Z,Run,1338.1,323,374,0.0
1879487902,Warmup,2018-10-02T07:30:32Z,Run,6818.6,1763,1813,2.6
1877516378,First day of classes (easy run),2018-10-01T07:32:56Z,Run,11428.1,2882,3063,17.6
1875451682,Recovery Run,2018-09-30T08:34:57Z,Run,8058.7,2067,2126,25.7
1873373563,Fall long run (fueled by El Rodeo),2018-09-29T10:05:53Z,Run,22853.0,5825,6218,49.8
1871459147,Easy run ,2018-09-28T13:25:11Z,Run,9808.4,2478,2796,25.4
1869099157,Back in Indy (easy run),2018-09-27T09:41:24Z,Run,11591.4,3095,3169,29.5
1867034369,Cooldown,2018-09-26T10:12:43Z,Run,2470.5,656,709,4.8
1867034133,Warmup,2018-09-26T08:55:44Z,Run,3270.4,873,916,2.6
1864883474,Recovery run,2018-09-25T08:35:51Z,Run,11507.0,3024,3335,18.7
1862950981,Cooldown post-weights ,2018-09-24T11:04:23Z,Run,1418.1,376,384,0.0
1862950803,Warmup,2018-09-24T09:09:51Z,Run,4121.0,1065,1232,6.5
1861770734,Rush back from lake,2018-09-23T16:48:45Z,Run,1835.4,418,493,4.2
1861770533,Last lake swim of 2018 (probably),2018-09-23T16:11:21Z,Swim,112.2,1432,1525,0.0
1861770293,Rush to lake,2018-09-23T16:01:22Z,Run,1617.6,350,407,2.2
1861230116,Cooldown post-weights,2018-09-23T11:46:34Z,Run,1371.6,354,354,0.0
1861229952,Long warmup,2018-09-23T10:04:25Z,Run,8056.0,2048,2073,7.7
1858771034,First Long Run of Autumn,2018-09-22T10:10:47Z,Run,21367.0,5531,5971,36.2
1856705004,Post-weights,2018-09-21T12:01:01Z,Run,1622.0,385,434,3.2
1856704778,Warmup,2018-09-21T10:34:59Z,Run,2358.0,606,610,2.6
1854428838,Recovery run,2018-09-20T09:26:58Z,Run,9912.1,2633,2787,18.1
1853235976,Cooldown,2018-09-19T18:05:58Z,Run,1379.8,360,409,0.0
1853235759,Warmup,2018-09-19T16:55:16Z,Run,2373.3,566,566,2.6
1852599292,Jog back,2018-09-19T12:29:53Z,Run,1217.7,353,373,4.3
1852599207,Lunch Run,2018-09-19T11:36:19Z,Run,8053.0,2002,2122,9.8
1849926472,Recovery run,2018-09-18T08:54:40Z,Run,6453.0,1629,1773,5.4
1848731067,Cooldown Part 1,2018-09-17T17:44:01Z,Run,1436.7,369,400,0.0
1848730920,Warmup Part 2: Electric Boogaloo,2018-09-17T16:12:42Z,Run,3716.1,970,1458,4.7
1848730666,Warmup Part 1.5: Interlude,2018-09-17T15:20:41Z,Swim,495.4,1501,2225,0.0
1848730390,Warmup Part 1,2018-09-17T15:04:54Z,Run,2189.8,545,602,3.1
1846060839,Cautious cooldown,2018-09-16T11:11:01Z,Run,2430.9,700,738,2.3
1846060367,Wary warmup,2018-09-16T10:03:21Z,Run,1325.0,363,363,0.0
1843496586,Tread+swim,2018-09-15T10:58:49Z,Swim,116.7,1510,1913,0.0
1843495943,Cross training (elliptical),2018-09-15T06:56:58Z,Elliptical,0.0,3598,3598,0
1841124593,Cross training (elliptical) + weights,2018-09-14T09:10:11Z,Workout,2056.4,2364,5721,0.0
1839033584,Cross training (elliptical),2018-09-13T07:08:37Z,Elliptical,0.0,3706,3706,0
1836964737,Cross training on bike,2018-09-12T07:18:06Z,Workout,0.0,3678,3678,0
1835536212,Easy run (pain),2018-09-11T17:42:17Z,Run,2074.7,572,677,5.3
1832494670,Cooldown after weights,2018-09-10T11:33:09Z,Run,343.7,108,127,0.0
1832494467,Warmup + strides,2018-09-10T10:09:29Z,Run,6844.8,1738,2968,2.6
1830706252,Recovery run,2018-09-09T10:41:45Z,Run,10724.4,2938,3112,17.0
1827966947,Splash zone,2018-09-08T10:04:25Z,Run,22621.2,5946,6209,61.9
1826199970,Cooldown after weights,2018-09-07T17:25:33Z,Run,3577.1,979,1088,7.1
1826199762,Afternoon Run,2018-09-07T15:10:30Z,Run,8295.1,2083,2237,5.3
1824434589,Perfect running weather,2018-09-06T18:34:32Z,Run,12655.7,3221,3536,19.4
1821390749,Cooldown after weights,2018-09-05T11:33:44Z,Run,1422.5,382,403,0.0
1821390447,Warmup + strides,2018-09-05T09:07:46Z,Run,7689.6,1962,3164,2.5
1820063854,Back in Chicago,2018-09-04T18:56:07Z,Run,9952.8,2610,2850,18.6
1816775814,Morning Ride,2018-09-03T09:18:09Z,Ride,57251.9,8519,10287,115.2
1814719234,Recovery run,2018-09-02T10:21:48Z,Run,10074.4,2670,2880,4.7
1812137946,Weekend Long Run,2018-09-01T09:24:34Z,Run,18427.1,4872,5352,45.6
1809989923,Cooldown after weights,2018-08-31T10:31:37Z,Run,1440.1,390,395,0.0
1809989663,Morning Run,2018-08-31T08:52:35Z,Run,7286.3,1899,2282,2.6
1808082617,Morning Run,2018-08-30T10:31:25Z,Run,8759.5,2342,2511,20.8
1806385135,Cooldown,2018-08-29T17:41:51Z,Run,1428.7,391,432,0.0
1806284911,Afternoon Run,2018-08-29T15:38:30Z,Run,11471.7,2904,2992,10.9
1804268568,Cooldown,2018-08-28T18:24:43Z,Run,1427.7,373,373,0.0
1804268400,Afternoon Run ,2018-08-28T17:26:57Z,Run,4193.6,1142,1146,6.3
1801798223,Warmup,2018-08-27T17:01:44Z,Run,2417.6,627,641,4.4
1801798055,Tempo Run,2018-08-27T15:26:33Z,Run,5015.0,1225,1282,2.5
1799937748,Recovery run,2018-08-26T17:50:41Z,Run,6447.6,1721,1875,12.0
1796942236,Weekend Long Run,2018-08-25T11:20:02Z,Run,16102.0,4335,5248,21.9
1795262442,Evening Run,2018-08-24T18:43:14Z,Run,1321.4,359,415,0.0
1795262344,Afternoon Run,2018-08-24T17:20:50Z,Run,5063.3,1255,1358,5.0
1794405787,Afternoon Run,2018-08-23T17:22:16Z,Run,10459.9,2815,4214,11.3
1790897333,Afternoon Run,2018-08-22T17:02:52Z,Run,2430.0,614,705,4.7
1790897157,Afternoon Run,2018-08-22T15:14:38Z,Run,5012.0,1217,1356,3.6
1788778902,Afternoon Run,2018-08-21T17:44:12Z,Run,9112.5,2585,3012,7.2
1786272959,Afternoon Run,2018-08-20T17:55:47Z,Run,2716.1,729,740,2.4
1786272819,Afternoon Run,2018-08-20T16:04:37Z,Run,4833.4,1313,1388,0.0
1784258755,Evening Run,2018-08-19T18:21:45Z,Run,1370.2,388,412,0.0
1784258694,Afternoon Run,2018-08-19T17:12:07Z,Run,6789.6,1902,2258,11.3
1783606226,Morning Run,2018-08-18T09:44:51Z,Run,5188.1,1349,1452,6.5
1778977305,Morning Activity,2018-08-17T10:54:48Z,Workout,1380.6,376,855,0.0
1778977062,Morning Activity,2018-08-17T09:00:50Z,Workout,204.6,273,845,0.0
1778976940,Morning Run,2018-08-17T08:47:16Z,Run,1401.8,400,404,0.0
1778976863,Evening Run,2018-08-16T18:36:51Z,Run,3123.2,1013,1095,7.4
1775246124,Afternoon Activity,2018-08-15T15:32:26Z,Workout,641.5,734,1288,0.0
1772681721,Afternoon Activity,2018-08-14T15:49:22Z,Workout,0.0,2504,2504,0
1767905475,Morning Activity,2018-08-12T09:09:34Z,Workout,0.0,2722,2722,0
1763809022,Afternoon Run,2018-08-10T16:47:57Z,Run,1388.8,392,420,0.0
1763809023,Evening Run,2018-08-09T18:28:54Z,Run,2009.5,687,935,6.2
1757074912,Afternoon Run,2018-08-07T15:46:46Z,Run,8937.6,2546,2910,18.3
1755105353,Evening Run,2018-08-06T18:32:47Z,Run,3675.9,983,1106,4.0
1755105247,Afternoon Run,2018-08-06T16:21:35Z,Run,8404.9,2150,2612,2.5
1752592301,Morning Run,2018-08-05T10:23:39Z,Run,3518.7,966,985,3.0
1749708324,Morning Run,2018-08-04T10:25:19Z,Run,15484.5,4472,5586,15.8
1747922295,Evening Run,2018-08-03T19:22:50Z,Run,3221.0,955,996,7.3
1747880324,Evening Run,2018-08-03T18:33:32Z,Run,1423.3,381,421,0.0
1747880247,Afternoon Run,2018-08-03T16:38:35Z,Run,6216.4,1584,2243,2.9
1746079416,Evening Run,2018-08-02T19:06:53Z,Run,8434.3,2198,2354,11.8
1743709950,Evening Run,2018-08-01T18:50:58Z,Run,2275.2,624,646,2.3
1743709797,Afternoon Activity,2018-08-01T17:06:28Z,Workout,949.9,1091,1387,0.0
1743709528,Afternoon Run,2018-08-01T16:51:01Z,Run,1673.3,438,494,0.0
1742251062,Morning Run,2018-08-01T06:25:48Z,Run,7313.4,2114,2313,17.6
1741366221,Afternoon Run,2018-07-31T17:31:45Z,Run,8545.9,2383,2715,10.1
1738941692,Evening Run,2018-07-30T18:45:54Z,Run,1406.5,386,431,0.0
1738941601,Afternoon Run,2018-07-30T16:45:06Z,Run,6755.4,1729,2198,2.6
1737725834,Morning Run,2018-07-30T06:24:20Z,Run,3766.5,1008,1093,7.8
1736967186,Evening Run,2018-07-29T18:12:27Z,Run,8168.8,2364,2742,11.0
1734021067,Lunch Run,2018-07-28T11:38:24Z,Run,4833.8,1274,1448,6.5
1734020812,Lunch Run,2018-07-28T11:17:06Z,Run,2300.9,741,828,5.9
1734020714,Morning Activity,2018-07-28T10:45:53Z,Workout,13.7,5,1799,0.0
1734020553,Morning Run,2018-07-28T10:06:52Z,Run,5884.3,1828,2059,10.8
1732368057,Afternoon Run,2018-07-27T17:40:10Z,Run,1639.9,441,466,2.4
1732368021,Afternoon Run,2018-07-27T15:41:22Z,Run,4350.8,1104,1429,2.5
1730371715,Evening Run,2018-07-26T18:59:51Z,Run,3224.5,809,852,6.8
1730371654,Afternoon Run,2018-07-26T17:42:55Z,Run,4764.6,1297,1460,3.3
1729567001,Evening Run,2018-07-25T19:24:20Z,Run,1876.7,490,546,4.0
1729566841,Evening Activity,2018-07-25T18:54:15Z,Workout,295.1,367,1056,0.0
1729566549,Afternoon Run,2018-07-25T17:19:11Z,Run,4797.2,1414,4897,3.2
1726651731,Morning Run,2018-07-25T06:25:26Z,Run,4141.5,1183,1330,6.8
1725881484,Evening Run,2018-07-24T18:42:55Z,Run,1668.2,409,415,0.0
1725881292,Evening Run,2018-07-24T18:25:33Z,Run,3096.3,896,975,6.7
1724288811,Morning Run,2018-07-24T06:27:19Z,Run,4202.0,1252,1378,3.8
1724289026,Evening Run,2018-07-23T18:58:33Z,Run,4839.2,1336,1478,9.5
1724289013,Afternoon Run,2018-07-23T16:50:13Z,Run,2085.6,524,554,0.0
1724289019,Morning Run,2018-07-23T06:23:37Z,Run,4481.1,1315,1342,6.2
1724289039,Lunch Run,2018-07-22T12:54:13Z,Run,6800.1,1817,2123,15.2
1724299425,Lunch Run,2018-05-05T12:19:26Z,Run,4090.8,1038,1098,2.3
1724299265,Afternoon Run,2018-05-04T14:29:20Z,Run,984.2,267,267,0.0
1724299217,Afternoon Run,2018-05-04T14:22:07Z,Run,989.6,281,349,0.0
1724299308,Afternoon Run,2018-05-04T14:04:29Z,Run,3396.9,899,917,0.0
1724299159,Lunch Run,2018-05-02T12:13:11Z,Run,1630.5,464,547,0.0
1724299412,Lunch Run,2018-05-02T11:53:50Z,Run,3377.5,907,979,0.0
1724299223,Afternoon Run,2018-05-01T16:14:29Z,Run,4832.6,1365,1618,7.4
1724299358,Afternoon Run,2018-04-30T15:21:54Z,Run,4025.7,1046,1052,4.4
1724299168,Lunch Run,2018-04-29T12:56:02Z,Run,3093.3,815,912,6.7
1724299237,Lunch Run,2018-04-28T12:41:43Z,Run,4133.2,1116,1272,3.5
1724299145,Afternoon Run,2018-04-27T14:03:45Z,Run,1494.6,376,376,0
1724299264,Afternoon Run,2018-04-26T16:07:57Z,Run,3919.6,1054,1227,3.5
1724299325,Afternoon Run,2018-04-25T16:47:44Z,Run,3298.7,836,906,6.7
